species_key,scientific_name,canonical_scientific_name,common_name,order,family,genus,species_epithet,taxonomic_rank,marine,terrestrial,myanmar_distribution,global_distribution,conservation_status,myanmar_protection_status,identification_active,identification_level,taxonomy_notes,manual_review,source_dataset,source_url,source_year,current_mdd_scientific_name,mdd_match_status,taxonomy_enrichment_source
elephas_maximus,Elephas maximus,Elephas maximus,Asian Elephant,Proboscidea,Elephantidae,Elephas,maximus,species,false,true,,,,,true,,,false,Mammals of Myanmar: an annotated checklist,https://www.gbif.org/dataset/0837bd43-fa3c-4a68-b257-81cb7c234e44,2024,Elephas maximus,exact,ASM Mammal Diversity Database v2.5 (2026)
macaca_assamensis,Macaca assamensis,Macaca assamensis,Assamese Macaque,Primates,Cercopithecidae,Macaca,assamensis,species,false,true,,,,,true,,,false,Mammals of Myanmar: an annotated checklist,https://www.gbif.org/dataset/0837bd43-fa3c-4a68-b257-81cb7c234e44,2024,Macaca assamensis,exact,ASM Mammal Diversity Database v2.5 (2026)
macaca_arctoides,Macaca arctoides,Macaca arctoides,Stump-tailed Macaque,Primates,Cercopithecidae,Macaca,arctoides,species,false,true,,,,,true,,,false,Mammals of Myanmar: an annotated checklist,https://www.gbif.org/dataset/0837bd43-fa3c-4a68-b257-81cb7c234e44,2024,Macaca arctoides,exact,ASM Mammal Diversity Database v2.5 (2026)
galeopterus_variegatus,Galeopterus variegatus,Galeopterus variegatus,Sunda Colugo,Dermoptera,Cynocephalidae,Galeopterus,variegatus,species,false,true,,,,,true,,,false,Mammals of Myanmar: an annotated checklist,https://www.gbif.org/dataset/0837bd43-fa3c-4a68-b257-81cb7c234e44,2024,Galeopterus variegatus,exact,ASM Mammal Diversity Database v2.5 (2026)
tupaia_belangeri,Tupaia belangeri,Tupaia belangeri,Northern Treeshrew,Scandentia,Tupaiidae,Tupaia,belangeri,species,false,true,,,,,true,,,false,Mammals of Myanmar: an annotated checklist,https://www.gbif.org/dataset/0837bd43-fa3c-4a68-b257-81cb7c234e44,2024,Tupaia belangeri,exact,ASM Mammal Diversity Database v2.5 (2026)
dugong_dugon,Dugong dugon,Dugong dugon,Dugong,Sirenia,Dugongidae,Dugong,dugon,species,true,false,,,,,true,,,false,Mammals of Myanmar: an annotated checklist,https://www.gbif.org/dataset/0837bd43-fa3c-4a68-b257-81cb7c234e44,2024,Dugong dugon,exact,ASM Mammal Diversity Database v2.5 (2026)
nycticebus_bengalensis,Nycticebus bengalensis,Nycticebus bengalensis,Bengal Slow Loris,Primates,Lorisidae,Nycticebus,bengalensis,species,false,true,,,,,true,,,false,Mammals of Myanmar: an annotated checklist,https://www.gbif.org/dataset/0837bd43-fa3c-4a68-b257-81cb7c234e44,2024,Nycticebus bengalensis,exact,ASM Mammal Diversity Database v2.5 (2026)
macaca_fascicularis,Macaca fascicularis,Macaca fascicularis,Long-tailed Macaque,Primates,Cercopithecidae,Macaca,fascicularis,species,false,true,,,,,true,,,false,Mammals of Myanmar: an annotated checklist,https://www.gbif.org/dataset/0837bd43-fa3c-4a68-b257-81cb7c234e44,2024,Macaca fascicularis,exact,ASM Mammal Diversity Database v2.5 (2026)
trachypithecus_melamerus,Trachypithecus melamerus,Trachypithecus melamerus,,Primates,Cercopithecidae,Trachypithecus,melamerus,species,false,true,,,,,true,,,false,Mammals of Myanmar: an annotated checklist,https://www.gbif.org/dataset/0837bd43-fa3c-4a68-b257-81cb7c234e44,2024,,genus_family_only,ASM Mammal Diversity Database v2.5 (2026)
trachypithecus_crepusculus,Trachypithecus crepusculus,Trachypithecus crepusculus,Indochinese Gray Langur,Primates,Cercopithecidae,Trachypithecus,crepusculus,species,false,true,,,,,true,,,false,Mammals of Myanmar: an annotated checklist,https://www.gbif.org/dataset/0837bd43-fa3c-4a68-b257-81cb7c234e44,2024,Trachypithecus crepusculus,exact,ASM Mammal Diversity Database v2.5 (2026)
macaca_leonina,Macaca leonina,Macaca leonina,Northern Pig-tailed Macaque,Primates,Cercopithecidae,Macaca,leonina,species,false,true,,,,,true,,,false,Mammals of Myanmar: an annotated checklist,https://www.gbif.org/dataset/0837bd43-fa3c-4a68-b257-81cb7c234e44,2024,Macaca leonina,exact,ASM Mammal Diversity Database v2.5 (2026)
macaca_mulatta,Macaca mulatta,Macaca mulatta,Rhesus Macaque,Primates,Cercopithecidae,Macaca,mulatta,species,false,true,,,,,true,,,false,Mammals of Myanmar: an annotated checklist,https://www.gbif.org/dataset/0837bd43-fa3c-4a68-b257-81cb7c234e44,2024,Macaca mulatta,exact,ASM Mammal Diversity Database v2.5 (2026)
presbytis_femoralis,Presbytis femoralis,Presbytis femoralis,Raffles's Banded Langur,Primates,Cercopithecidae,Presbytis,femoralis,species,false,true,,,,,true,,,false,Mammals of Myanmar: an annotated checklist,https://www.gbif.org/dataset/0837bd43-fa3c-4a68-b257-81cb7c234e44,2024,Presbytis femoralis,exact,ASM Mammal Diversity Database v2.5 (2026)
rhinopithecus_strykeri,Rhinopithecus strykeri,Rhinopithecus strykeri,Stryker's Snub-nosed Monkey,Primates,Cercopithecidae,Rhinopithecus,strykeri,species,false,true,,,,,true,,,false,Mammals of Myanmar: an annotated checklist,https://www.gbif.org/dataset/0837bd43-fa3c-4a68-b257-81cb7c234e44,2024,Rhinopithecus strykeri,exact,ASM Mammal Diversity Database v2.5 (2026)
trachypithecus_barbei,Trachypithecus barbei,Trachypithecus barbei,Tenasserim Langur,Primates,Cercopithecidae,Trachypithecus,barbei,species,false,true,,,,,true,,,false,Mammals of Myanmar: an annotated checklist,https://www.gbif.org/dataset/0837bd43-fa3c-4a68-b257-81cb7c234e44,2024,Trachypithecus barbei,exact,ASM Mammal Diversity Database v2.5 (2026)
hoolock_leuconedys,Hoolock leuconedys,Hoolock leuconedys,Eastern Hoolock Gibbon,Primates,Hylobatidae,Hoolock,leuconedys,species,false,true,,,,,true,,,false,Mammals of Myanmar: an annotated checklist,https://www.gbif.org/dataset/0837bd43-fa3c-4a68-b257-81cb7c234e44,2024,Hoolock leuconedys,exact,ASM Mammal Diversity Database v2.5 (2026)
trachypithecus_phayrei,Trachypithecus phayrei,Trachypithecus phayrei,Phayre's Langur,Primates,Cercopithecidae,Trachypithecus,phayrei,species,false,true,,,,,true,,,false,Mammals of Myanmar: an annotated checklist,https://www.gbif.org/dataset/0837bd43-fa3c-4a68-b257-81cb7c234e44,2024,Trachypithecus phayrei,exact,ASM Mammal Diversity Database v2.5 (2026)
trachypithecus_popa,Trachypithecus popa,Trachypithecus popa,Popa Langur,Primates,Cercopithecidae,Trachypithecus,popa,species,false,true,,,,,true,,,false,Mammals of Myanmar: an annotated checklist,https://www.gbif.org/dataset/0837bd43-fa3c-4a68-b257-81cb7c234e44,2024,Trachypithecus popa,exact,ASM Mammal Diversity Database v2.5 (2026)
trachypithecus_pileatus,Trachypithecus pileatus,Trachypithecus pileatus,Capped Langur,Primates,Cercopithecidae,Trachypithecus,pileatus,species,false,true,,,,,true,,,false,Mammals of Myanmar: an annotated checklist,https://www.gbif.org/dataset/0837bd43-fa3c-4a68-b257-81cb7c234e44,2024,Trachypithecus pileatus,exact,ASM Mammal Diversity Database v2.5 (2026)
trachypithecus_shortridgei,Trachypithecus shortridgei,Trachypithecus shortridgei,Shortridge's Langur,Primates,Cercopithecidae,Trachypithecus,shortridgei,species,false,true,,,,,true,,,false,Mammals of Myanmar: an annotated checklist,https://www.gbif.org/dataset/0837bd43-fa3c-4a68-b257-81cb7c234e44,2024,Trachypithecus shortridgei,exact,ASM Mammal Diversity Database v2.5 (2026)
hoolock_hoolock,Hoolock hoolock,Hoolock hoolock,Western Hoolock Gibbon,Primates,Hylobatidae,Hoolock,hoolock,species,false,true,,,,,true,,,false,Mammals of Myanmar: an annotated checklist,https://www.gbif.org/dataset/0837bd43-fa3c-4a68-b257-81cb7c234e44,2024,Hoolock hoolock,exact,ASM Mammal Diversity Database v2.5 (2026)
trachypithecus_obscurus,Trachypithecus obscurus,Trachypithecus obscurus,Dusky Langur,Primates,Cercopithecidae,Trachypithecus,obscurus,species,false,true,,,,,true,,,false,Mammals of Myanmar: an annotated checklist,https://www.gbif.org/dataset/0837bd43-fa3c-4a68-b257-81cb7c234e44,2024,Trachypithecus obscurus,exact,ASM Mammal Diversity Database v2.5 (2026)
hoolock_tianxing,Hoolock tianxing,Hoolock tianxing,Skywalker Hoolock Gibbon,Primates,Hylobatidae,Hoolock,tianxing,species,false,true,,,,,true,,,false,Mammals of Myanmar: an annotated checklist,https://www.gbif.org/dataset/0837bd43-fa3c-4a68-b257-81cb7c234e44,2024,Hoolock tianxing,exact,ASM Mammal Diversity Database v2.5 (2026)
hylobates_lar,Hylobates lar,Hylobates lar,Lar Gibbon,Primates,Hylobatidae,Hylobates,lar,species,false,true,,,,,true,,,false,Mammals of Myanmar: an annotated checklist,https://www.gbif.org/dataset/0837bd43-fa3c-4a68-b257-81cb7c234e44,2024,Hylobates lar,exact,ASM Mammal Diversity Database v2.5 (2026)
ochotona_forresti,Ochotona forresti,Ochotona forresti,Forrest's Pika,Lagomorpha,Ochotonidae,Ochotona,forresti,species,false,true,,,,,true,,,false,Mammals of Myanmar: an annotated checklist,https://www.gbif.org/dataset/0837bd43-fa3c-4a68-b257-81cb7c234e44,2024,Ochotona forresti,exact,ASM Mammal Diversity Database v2.5 (2026)
biswamoyopterus_undetermined,Biswamoyopterus undetermined,Biswamoyopterus undetermined,,Rodentia,Sciuridae,Biswamoyopterus,undetermined,species,false,true,,,,,false,,Unresolved species treatment in canonical checklist; requires manual taxonomic review. | Unresolved species treatment; excluded from active species-level identification pending manual review.,true,Mammals of Myanmar: an annotated checklist,https://www.gbif.org/dataset/0837bd43-fa3c-4a68-b257-81cb7c234e44,2024,,genus_family_only,ASM Mammal Diversity Database v2.5 (2026)
ratufa_bicolor,Ratufa bicolor,Ratufa bicolor,Southern Black Giant Squirrel,Rodentia,Sciuridae,Ratufa,bicolor,species,false,true,,,,,true,,,false,Mammals of Myanmar: an annotated checklist,https://www.gbif.org/dataset/0837bd43-fa3c-4a68-b257-81cb7c234e44,2024,Ratufa bicolor,exact,ASM Mammal Diversity Database v2.5 (2026)
belomys_pearsonii,Belomys pearsonii,Belomys pearsonii,Hairy-footed Flying Squirrel,Rodentia,Sciuridae,Belomys,pearsonii,species,false,true,,,,,true,,,false,Mammals of Myanmar: an annotated checklist,https://www.gbif.org/dataset/0837bd43-fa3c-4a68-b257-81cb7c234e44,2024,Belomys pearsonii,exact,ASM Mammal Diversity Database v2.5 (2026)
ochotona_thibetana,Ochotona thibetana,Ochotona thibetana,Moupin Pika,Lagomorpha,Ochotonidae,Ochotona,thibetana,species,false,true,,,,,true,,,false,Mammals of Myanmar: an annotated checklist,https://www.gbif.org/dataset/0837bd43-fa3c-4a68-b257-81cb7c234e44,2024,Ochotona thibetana,exact,ASM Mammal Diversity Database v2.5 (2026)
lepus_peguensis,Lepus peguensis,Lepus peguensis,Burmese Hare,Lagomorpha,Leporidae,Lepus,peguensis,species,false,true,,,,,true,,,false,Mammals of Myanmar: an annotated checklist,https://www.gbif.org/dataset/0837bd43-fa3c-4a68-b257-81cb7c234e44,2024,Lepus peguensis,exact,ASM Mammal Diversity Database v2.5 (2026)
lepus_comus,Lepus comus,Lepus comus,Yunnan Hare,Lagomorpha,Leporidae,Lepus,comus,species,false,true,,,,,true,,,false,Mammals of Myanmar: an annotated checklist,https://www.gbif.org/dataset/0837bd43-fa3c-4a68-b257-81cb7c234e44,2024,Lepus comus,exact,ASM Mammal Diversity Database v2.5 (2026)
petaurista_magnificus,Petaurista magnificus,Petaurista magnificus,,Rodentia,Sciuridae,Petaurista,magnificus,species,false,true,,,,,true,,,false,Mammals of Myanmar: an annotated checklist,https://www.gbif.org/dataset/0837bd43-fa3c-4a68-b257-81cb7c234e44,2024,,genus_family_only,ASM Mammal Diversity Database v2.5 (2026)
hylopetes_spadiceus,Hylopetes spadiceus,Hylopetes spadiceus,Red-cheeked Flying Squirrel,Rodentia,Sciuridae,Hylopetes,spadiceus,species,false,true,,,,,true,,,false,Mammals of Myanmar: an annotated checklist,https://www.gbif.org/dataset/0837bd43-fa3c-4a68-b257-81cb7c234e44,2024,Hylopetes spadiceus,exact,ASM Mammal Diversity Database v2.5 (2026)
hylopetes_phayrei,Hylopetes phayrei,Hylopetes phayrei,Indochinese Flying Squirrel,Rodentia,Sciuridae,Hylopetes,phayrei,species,false,true,,,,,true,,,false,Mammals of Myanmar: an annotated checklist,https://www.gbif.org/dataset/0837bd43-fa3c-4a68-b257-81cb7c234e44,2024,Hylopetes phayrei,exact,ASM Mammal Diversity Database v2.5 (2026)
petaurista_alborufus,Petaurista alborufus,Petaurista alborufus,Red-and-white Giant Flying Squirrel,Rodentia,Sciuridae,Petaurista,alborufus,species,false,true,,,,,true,,,false,Mammals of Myanmar: an annotated checklist,https://www.gbif.org/dataset/0837bd43-fa3c-4a68-b257-81cb7c234e44,2024,Petaurista alborufus,exact,ASM Mammal Diversity Database v2.5 (2026)
petaurista_petaurista,Petaurista petaurista,Petaurista petaurista,Red Giant Flying Squirrel,Rodentia,Sciuridae,Petaurista,petaurista,species,false,true,,,,,true,,,false,Mammals of Myanmar: an annotated checklist,https://www.gbif.org/dataset/0837bd43-fa3c-4a68-b257-81cb7c234e44,2024,Petaurista petaurista,exact,ASM Mammal Diversity Database v2.5 (2026)
petaurista_elegans,Petaurista elegans,Petaurista elegans,Spotted Giant Flying Squirrel,Rodentia,Sciuridae,Petaurista,elegans,species,false,true,,,,,true,,,false,Mammals of Myanmar: an annotated checklist,https://www.gbif.org/dataset/0837bd43-fa3c-4a68-b257-81cb7c234e44,2024,Petaurista elegans,exact,ASM Mammal Diversity Database v2.5 (2026)
hylopetes_alboniger,Hylopetes alboniger,Hylopetes alboniger,Particolored Flying Squirrel,Rodentia,Sciuridae,Hylopetes,alboniger,species,false,true,,,,,true,,,false,Mammals of Myanmar: an annotated checklist,https://www.gbif.org/dataset/0837bd43-fa3c-4a68-b257-81cb7c234e44,2024,Hylopetes alboniger,exact,ASM Mammal Diversity Database v2.5 (2026)
eupetaurus_nivamons,Eupetaurus nivamons,Eupetaurus nivamons,Yunnan Woolly Flying Squirrel,Rodentia,Sciuridae,Eupetaurus,nivamons,species,false,true,,,,,true,,,false,Mammals of Myanmar: an annotated checklist,https://www.gbif.org/dataset/0837bd43-fa3c-4a68-b257-81cb7c234e44,2024,Eupetaurus nivamons,exact,ASM Mammal Diversity Database v2.5 (2026)
petaurista_caniceps,Petaurista caniceps,Petaurista caniceps,Gray-headed Giant Flying Squirrel,Rodentia,Sciuridae,Petaurista,caniceps,species,false,true,,,,,true,,,false,Mammals of Myanmar: an annotated checklist,https://www.gbif.org/dataset/0837bd43-fa3c-4a68-b257-81cb7c234e44,2024,Petaurista caniceps,exact,ASM Mammal Diversity Database v2.5 (2026)
olisthomys_morrisi,Olisthomys morrisi,Olisthomys morrisi,Morris's Flying Squirrel,Rodentia,Sciuridae,Olisthomys,morrisi,species,false,true,,,,,true,,,false,Mammals of Myanmar: an annotated checklist,https://www.gbif.org/dataset/0837bd43-fa3c-4a68-b257-81cb7c234e44,2024,Olisthomys morrisi,exact,ASM Mammal Diversity Database v2.5 (2026)
callosciurus_erythraeus,Callosciurus erythraeus,Callosciurus erythraeus,Pallas's Squirrel,Rodentia,Sciuridae,Callosciurus,erythraeus,species,false,true,,,,,true,,,false,Mammals of Myanmar: an annotated checklist,https://www.gbif.org/dataset/0837bd43-fa3c-4a68-b257-81cb7c234e44,2024,Callosciurus erythraeus,exact,ASM Mammal Diversity Database v2.5 (2026)
petaurista_sybilla,Petaurista sybilla,Petaurista sybilla,,Rodentia,Sciuridae,Petaurista,sybilla,species,false,true,,,,,true,,,false,Mammals of Myanmar: an annotated checklist,https://www.gbif.org/dataset/0837bd43-fa3c-4a68-b257-81cb7c234e44,2024,,genus_family_only,ASM Mammal Diversity Database v2.5 (2026)
callosciurus_finlaysonii,Callosciurus finlaysonii,Callosciurus finlaysonii,Finlayson's Squirrel,Rodentia,Sciuridae,Callosciurus,finlaysonii,species,false,true,,,,,true,,,false,Mammals of Myanmar: an annotated checklist,https://www.gbif.org/dataset/0837bd43-fa3c-4a68-b257-81cb7c234e44,2024,Callosciurus finlaysonii,exact,ASM Mammal Diversity Database v2.5 (2026)
petaurista_philippensis,Petaurista philippensis,Petaurista philippensis,Indian Giant Flying Squirrel,Rodentia,Sciuridae,Petaurista,philippensis,species,false,true,,,,,true,,,false,Mammals of Myanmar: an annotated checklist,https://www.gbif.org/dataset/0837bd43-fa3c-4a68-b257-81cb7c234e44,2024,Petaurista philippensis,exact,ASM Mammal Diversity Database v2.5 (2026)
petinomys_vordermanni,Petinomys vordermanni,Petinomys vordermanni,Vordermann's Flying Squirrel,Rodentia,Sciuridae,Petinomys,vordermanni,species,false,true,,,,,true,,,false,Mammals of Myanmar: an annotated checklist,https://www.gbif.org/dataset/0837bd43-fa3c-4a68-b257-81cb7c234e44,2024,Petinomys vordermanni,exact,ASM Mammal Diversity Database v2.5 (2026)
priapomys_leonardi,Priapomys leonardi,Priapomys leonardi,Himalayan Large-eared Flying Squirrel,Rodentia,Sciuridae,Priapomys,leonardi,species,false,true,,,,,true,,,false,Mammals of Myanmar: an annotated checklist,https://www.gbif.org/dataset/0837bd43-fa3c-4a68-b257-81cb7c234e44,2024,Priapomys leonardi,exact,ASM Mammal Diversity Database v2.5 (2026)
petaurista_yunanensis,Petaurista yunanensis,Petaurista yunanensis,,Rodentia,Sciuridae,Petaurista,yunanensis,species,false,true,,,,,true,,,false,Mammals of Myanmar: an annotated checklist,https://www.gbif.org/dataset/0837bd43-fa3c-4a68-b257-81cb7c234e44,2024,,genus_family_only,ASM Mammal Diversity Database v2.5 (2026)
callosciurus_caniceps,Callosciurus caniceps,Callosciurus caniceps,Northern Gray-bellied Squirrel,Rodentia,Sciuridae,Callosciurus,caniceps,species,false,true,,,,,true,,,false,Mammals of Myanmar: an annotated checklist,https://www.gbif.org/dataset/0837bd43-fa3c-4a68-b257-81cb7c234e44,2024,Callosciurus caniceps,exact,ASM Mammal Diversity Database v2.5 (2026)
dremomys_rufigenis,Dremomys rufigenis,Dremomys rufigenis,Asian Red-cheeked Squirrel,Rodentia,Sciuridae,Dremomys,rufigenis,species,false,true,,,,,true,,,false,Mammals of Myanmar: an annotated checklist,https://www.gbif.org/dataset/0837bd43-fa3c-4a68-b257-81cb7c234e44,2024,Dremomys rufigenis,exact,ASM Mammal Diversity Database v2.5 (2026)
tamiops_swinhoei,Tamiops swinhoei,Tamiops swinhoei,Swinhoe's Striped Squirrel,Rodentia,Sciuridae,Tamiops,swinhoei,species,false,true,,,,,true,,,false,Mammals of Myanmar: an annotated checklist,https://www.gbif.org/dataset/0837bd43-fa3c-4a68-b257-81cb7c234e44,2024,Tamiops swinhoei,exact,ASM Mammal Diversity Database v2.5 (2026)
callosciurus_phayrei,Callosciurus phayrei,Callosciurus phayrei,Phayre's Squirrel,Rodentia,Sciuridae,Callosciurus,phayrei,species,false,true,,,,,true,,,false,Mammals of Myanmar: an annotated checklist,https://www.gbif.org/dataset/0837bd43-fa3c-4a68-b257-81cb7c234e44,2024,Callosciurus phayrei,exact,ASM Mammal Diversity Database v2.5 (2026)
dremomys_lokriah,Dremomys lokriah,Dremomys lokriah,Orange-bellied Himalayan Squirrel,Rodentia,Sciuridae,Dremomys,lokriah,species,false,true,,,,,true,,,false,Mammals of Myanmar: an annotated checklist,https://www.gbif.org/dataset/0837bd43-fa3c-4a68-b257-81cb7c234e44,2024,Dremomys lokriah,exact,ASM Mammal Diversity Database v2.5 (2026)
dremomys_pernyi,Dremomys pernyi,Dremomys pernyi,Perny's Long-nosed Squirrel,Rodentia,Sciuridae,Dremomys,pernyi,species,false,true,,,,,true,,,false,Mammals of Myanmar: an annotated checklist,https://www.gbif.org/dataset/0837bd43-fa3c-4a68-b257-81cb7c234e44,2024,Dremomys pernyi,exact,ASM Mammal Diversity Database v2.5 (2026)
tamiops_mcclellandii,Tamiops mcclellandii,Tamiops mcclellandii,Himalayan Striped Squirrel,Rodentia,Sciuridae,Tamiops,mcclellandii,species,false,true,,,,,true,,,false,Mammals of Myanmar: an annotated checklist,https://www.gbif.org/dataset/0837bd43-fa3c-4a68-b257-81cb7c234e44,2024,Tamiops mcclellandii,exact,ASM Mammal Diversity Database v2.5 (2026)
menetes_berdmorei,Menetes berdmorei,Menetes berdmorei,Indochinese Ground Squirrel,Rodentia,Sciuridae,Menetes,berdmorei,species,false,true,,,,,true,,,false,Mammals of Myanmar: an annotated checklist,https://www.gbif.org/dataset/0837bd43-fa3c-4a68-b257-81cb7c234e44,2024,Menetes berdmorei,exact,ASM Mammal Diversity Database v2.5 (2026)
callosciurus_quinquestriatus,Callosciurus quinquestriatus,Callosciurus quinquestriatus,Anderson's Squirrel,Rodentia,Sciuridae,Callosciurus,quinquestriatus,species,false,true,,,,,true,,,false,Mammals of Myanmar: an annotated checklist,https://www.gbif.org/dataset/0837bd43-fa3c-4a68-b257-81cb7c234e44,2024,Callosciurus quinquestriatus,exact,ASM Mammal Diversity Database v2.5 (2026)
callosciurus_pygerythrus,Callosciurus pygerythrus,Callosciurus pygerythrus,Irrawaddy Squirrel,Rodentia,Sciuridae,Callosciurus,pygerythrus,species,false,true,,,,,true,,,false,Mammals of Myanmar: an annotated checklist,https://www.gbif.org/dataset/0837bd43-fa3c-4a68-b257-81cb7c234e44,2024,Callosciurus pygerythrus,exact,ASM Mammal Diversity Database v2.5 (2026)
neodon_forresti,Neodon forresti,Neodon forresti,Forrest's Mountain Vole,Rodentia,Cricetidae,Neodon,forresti,species,false,true,,,,,true,,,false,Mammals of Myanmar: an annotated checklist,https://www.gbif.org/dataset/0837bd43-fa3c-4a68-b257-81cb7c234e44,2024,Neodon forresti,exact,ASM Mammal Diversity Database v2.5 (2026)
apodemus_peninsulae,Apodemus peninsulae,Apodemus peninsulae,Korean Field Mouse,Rodentia,Muridae,Apodemus,peninsulae,species,false,true,,,,,true,,,false,Mammals of Myanmar: an annotated checklist,https://www.gbif.org/dataset/0837bd43-fa3c-4a68-b257-81cb7c234e44,2024,Apodemus peninsulae,exact,ASM Mammal Diversity Database v2.5 (2026)
rhizomys_sinensis,Rhizomys sinensis,Rhizomys sinensis,Chinese Bamboo Rat,Rodentia,Spalacidae,Rhizomys,sinensis,species,false,true,,,,,true,,,false,Mammals of Myanmar: an annotated checklist,https://www.gbif.org/dataset/0837bd43-fa3c-4a68-b257-81cb7c234e44,2024,Rhizomys sinensis,exact,ASM Mammal Diversity Database v2.5 (2026)
apodemus_draco,Apodemus draco,Apodemus draco,South China Field Mouse,Rodentia,Muridae,Apodemus,draco,species,false,true,,,,,true,,,false,Mammals of Myanmar: an annotated checklist,https://www.gbif.org/dataset/0837bd43-fa3c-4a68-b257-81cb7c234e44,2024,Apodemus draco,exact,ASM Mammal Diversity Database v2.5 (2026)
microtus_clarkei,Microtus clarkei,Microtus clarkei,,Rodentia,Cricetidae,Microtus,clarkei,species,false,true,,,,,true,,,false,Mammals of Myanmar: an annotated checklist,https://www.gbif.org/dataset/0837bd43-fa3c-4a68-b257-81cb7c234e44,2024,,genus_family_only,ASM Mammal Diversity Database v2.5 (2026)
apodemus_latronum,Apodemus latronum,Apodemus latronum,Large-eared Field Mouse,Rodentia,Muridae,Apodemus,latronum,species,false,true,,,,,true,,,false,Mammals of Myanmar: an annotated checklist,https://www.gbif.org/dataset/0837bd43-fa3c-4a68-b257-81cb7c234e44,2024,Apodemus latronum,exact,ASM Mammal Diversity Database v2.5 (2026)
cannomys_badius,Cannomys badius,Cannomys badius,Lesser Bamboo Rat,Rodentia,Spalacidae,Cannomys,badius,species,false,true,,,,,true,,,false,Mammals of Myanmar: an annotated checklist,https://www.gbif.org/dataset/0837bd43-fa3c-4a68-b257-81cb7c234e44,2024,Cannomys badius,exact,ASM Mammal Diversity Database v2.5 (2026)
rhizomys_pruinosus,Rhizomys pruinosus,Rhizomys pruinosus,Hoary Bamboo Rat,Rodentia,Spalacidae,Rhizomys,pruinosus,species,false,true,,,,,true,,,false,Mammals of Myanmar: an annotated checklist,https://www.gbif.org/dataset/0837bd43-fa3c-4a68-b257-81cb7c234e44,2024,Rhizomys pruinosus,exact,ASM Mammal Diversity Database v2.5 (2026)
rhizomys_sumatrensis,Rhizomys sumatrensis,Rhizomys sumatrensis,Indomalayan Bamboo Rat,Rodentia,Spalacidae,Rhizomys,sumatrensis,species,false,true,,,,,true,,,false,Mammals of Myanmar: an annotated checklist,https://www.gbif.org/dataset/0837bd43-fa3c-4a68-b257-81cb7c234e44,2024,Rhizomys sumatrensis,exact,ASM Mammal Diversity Database v2.5 (2026)
eothenomys_cachinus,Eothenomys cachinus,Eothenomys cachinus,,Rodentia,Cricetidae,Eothenomys,cachinus,species,false,true,,,,,true,,,false,Mammals of Myanmar: an annotated checklist,https://www.gbif.org/dataset/0837bd43-fa3c-4a68-b257-81cb7c234e44,2024,,genus_family_only,ASM Mammal Diversity Database v2.5 (2026)
eothenomys_melanogaster,Eothenomys melanogaster,Eothenomys melanogaster,Pere David's Red-backed Vole,Rodentia,Cricetidae,Eothenomys,melanogaster,species,false,true,,,,,true,,,false,Mammals of Myanmar: an annotated checklist,https://www.gbif.org/dataset/0837bd43-fa3c-4a68-b257-81cb7c234e44,2024,Eothenomys melanogaster,exact,ASM Mammal Diversity Database v2.5 (2026)
apodemus_agrarius,Apodemus agrarius,Apodemus agrarius,Striped Field Mouse,Rodentia,Muridae,Apodemus,agrarius,species,false,true,,,,,true,,,false,Mammals of Myanmar: an annotated checklist,https://www.gbif.org/dataset/0837bd43-fa3c-4a68-b257-81cb7c234e44,2024,Apodemus agrarius,exact,ASM Mammal Diversity Database v2.5 (2026)
chiropodomys_gliroides,Chiropodomys gliroides,Chiropodomys gliroides,Indomalayan Pencil-tailed Tree Mouse,Rodentia,Muridae,Chiropodomys,gliroides,species,false,true,,,,,true,,,false,Mammals of Myanmar: an annotated checklist,https://www.gbif.org/dataset/0837bd43-fa3c-4a68-b257-81cb7c234e44,2024,Chiropodomys gliroides,exact,ASM Mammal Diversity Database v2.5 (2026)
bandicota_bengalensis,Bandicota bengalensis,Bandicota bengalensis,Lesser Bandicoot Rat,Rodentia,Muridae,Bandicota,bengalensis,species,false,true,,,,,true,,,false,Mammals of Myanmar: an annotated checklist,https://www.gbif.org/dataset/0837bd43-fa3c-4a68-b257-81cb7c234e44,2024,Bandicota bengalensis,exact,ASM Mammal Diversity Database v2.5 (2026)
bandicota_savilei,Bandicota savilei,Bandicota savilei,Savile's Bandicoot Rat,Rodentia,Muridae,Bandicota,savilei,species,false,true,,,,,true,,,false,Mammals of Myanmar: an annotated checklist,https://www.gbif.org/dataset/0837bd43-fa3c-4a68-b257-81cb7c234e44,2024,Bandicota savilei,exact,ASM Mammal Diversity Database v2.5 (2026)
berylmys_manipulus,Berylmys manipulus,Berylmys manipulus,Manipur White-toothed Rat,Rodentia,Muridae,Berylmys,manipulus,species,false,true,,,,,true,,,false,Mammals of Myanmar: an annotated checklist,https://www.gbif.org/dataset/0837bd43-fa3c-4a68-b257-81cb7c234e44,2024,Berylmys manipulus,exact,ASM Mammal Diversity Database v2.5 (2026)
berylmys_berdmorei,Berylmys berdmorei,Berylmys berdmorei,Berdmore's White-toothed Rat,Rodentia,Muridae,Berylmys,berdmorei,species,false,true,,,,,true,,,false,Mammals of Myanmar: an annotated checklist,https://www.gbif.org/dataset/0837bd43-fa3c-4a68-b257-81cb7c234e44,2024,Berylmys berdmorei,exact,ASM Mammal Diversity Database v2.5 (2026)
berylmys_bowersi,Berylmys bowersi,Berylmys bowersi,,Rodentia,Muridae,Berylmys,bowersi,species,false,true,,,,,true,,,false,Mammals of Myanmar: an annotated checklist,https://www.gbif.org/dataset/0837bd43-fa3c-4a68-b257-81cb7c234e44,2024,,genus_family_only,ASM Mammal Diversity Database v2.5 (2026)
chiromyscus_langbianis,Chiromyscus langbianis,Chiromyscus langbianis,Langbian Tree Rat,Rodentia,Muridae,Chiromyscus,langbianis,species,false,true,,,,,true,,,false,Mammals of Myanmar: an annotated checklist,https://www.gbif.org/dataset/0837bd43-fa3c-4a68-b257-81cb7c234e44,2024,Chiromyscus langbianis,exact,ASM Mammal Diversity Database v2.5 (2026)
berylmys_mackenziei,Berylmys mackenziei,Berylmys mackenziei,Mackenzie's White-toothed Rat,Rodentia,Muridae,Berylmys,mackenziei,species,false,true,,,,,true,,,false,Mammals of Myanmar: an annotated checklist,https://www.gbif.org/dataset/0837bd43-fa3c-4a68-b257-81cb7c234e44,2024,Berylmys mackenziei,exact,ASM Mammal Diversity Database v2.5 (2026)
hapalomys_longicaudatus,Hapalomys longicaudatus,Hapalomys longicaudatus,Greater Marmoset Rat,Rodentia,Muridae,Hapalomys,longicaudatus,species,false,true,,,,,true,,,false,Mammals of Myanmar: an annotated checklist,https://www.gbif.org/dataset/0837bd43-fa3c-4a68-b257-81cb7c234e44,2024,Hapalomys longicaudatus,exact,ASM Mammal Diversity Database v2.5 (2026)
diomys_crumpi,Diomys crumpi,Diomys crumpi,Crump's Rat,Rodentia,Muridae,Diomys,crumpi,species,false,true,,,,,true,,,false,Mammals of Myanmar: an annotated checklist,https://www.gbif.org/dataset/0837bd43-fa3c-4a68-b257-81cb7c234e44,2024,Diomys crumpi,exact,ASM Mammal Diversity Database v2.5 (2026)
chiromyscus_chiropus,Chiromyscus chiropus,Chiromyscus chiropus,Burmese Tree Rat,Rodentia,Muridae,Chiromyscus,chiropus,species,false,true,,,,,true,,,false,Mammals of Myanmar: an annotated checklist,https://www.gbif.org/dataset/0837bd43-fa3c-4a68-b257-81cb7c234e44,2024,Chiromyscus chiropus,exact,ASM Mammal Diversity Database v2.5 (2026)
bandicota_indica,Bandicota indica,Bandicota indica,Greater Bandicoot Rat,Rodentia,Muridae,Bandicota,indica,species,false,true,,,,,true,,,false,Mammals of Myanmar: an annotated checklist,https://www.gbif.org/dataset/0837bd43-fa3c-4a68-b257-81cb7c234e44,2024,Bandicota indica,exact,ASM Mammal Diversity Database v2.5 (2026)
leopoldamys_vociferans,Leopoldamys vociferans,Leopoldamys vociferans,,Rodentia,Muridae,Leopoldamys,vociferans,species,false,true,,,,,true,,,false,Mammals of Myanmar: an annotated checklist,https://www.gbif.org/dataset/0837bd43-fa3c-4a68-b257-81cb7c234e44,2024,,genus_family_only,ASM Mammal Diversity Database v2.5 (2026)
maxomys_surifer,Maxomys surifer,Maxomys surifer,Indomalayan Spiny Rat,Rodentia,Muridae,Maxomys,surifer,species,false,true,,,,,true,,Current MDD accepted name: Crunomys surifer; 2024 Myanmar checklist canonical name preserved.,false,Mammals of Myanmar: an annotated checklist,https://www.gbif.org/dataset/0837bd43-fa3c-4a68-b257-81cb7c234e44,2024,Crunomys surifer,accepted_name_alias,ASM Mammal Diversity Database v2.5 (2026)
micromys_pygmaeus,Micromys pygmaeus,Micromys pygmaeus,Pygmy Harvest Mouse,Rodentia,Muridae,Micromys,pygmaeus,species,false,true,,,,,true,,,false,Mammals of Myanmar: an annotated checklist,https://www.gbif.org/dataset/0837bd43-fa3c-4a68-b257-81cb7c234e44,2024,Micromys pygmaeus,exact,ASM Mammal Diversity Database v2.5 (2026)
mus_booduga,Mus booduga,Mus booduga,Little Indian Field Mouse,Rodentia,Muridae,Mus,booduga,species,false,true,,,,,true,,,false,Mammals of Myanmar: an annotated checklist,https://www.gbif.org/dataset/0837bd43-fa3c-4a68-b257-81cb7c234e44,2024,Mus booduga,exact,ASM Mammal Diversity Database v2.5 (2026)
maxomys_whiteheadi,Maxomys whiteheadi,Maxomys whiteheadi,Whitehead's Sundaic Spiny Rat,Rodentia,Muridae,Maxomys,whiteheadi,species,false,true,,,,,true,,Current MDD accepted name: Crunomys whiteheadi; 2024 Myanmar checklist canonical name preserved.,false,Mammals of Myanmar: an annotated checklist,https://www.gbif.org/dataset/0837bd43-fa3c-4a68-b257-81cb7c234e44,2024,Crunomys whiteheadi,accepted_name_alias,ASM Mammal Diversity Database v2.5 (2026)
micromys_erythrotis,Micromys erythrotis,Micromys erythrotis,Red-eared Harvest Mouse,Rodentia,Muridae,Micromys,erythrotis,species,false,true,,,,,true,,,false,Mammals of Myanmar: an annotated checklist,https://www.gbif.org/dataset/0837bd43-fa3c-4a68-b257-81cb7c234e44,2024,Micromys erythrotis,exact,ASM Mammal Diversity Database v2.5 (2026)
millardia_kathleenae,Millardia kathleenae,Millardia kathleenae,Burmese Soft-furred Rat,Rodentia,Muridae,Millardia,kathleenae,species,false,true,,,,,true,,,false,Mammals of Myanmar: an annotated checklist,https://www.gbif.org/dataset/0837bd43-fa3c-4a68-b257-81cb7c234e44,2024,Millardia kathleenae,exact,ASM Mammal Diversity Database v2.5 (2026)
leopoldamys_edwardsi,Leopoldamys edwardsi,Leopoldamys edwardsi,Edwards's Long-tailed Giant Rat,Rodentia,Muridae,Leopoldamys,edwardsi,species,false,true,,,,,true,,,false,Mammals of Myanmar: an annotated checklist,https://www.gbif.org/dataset/0837bd43-fa3c-4a68-b257-81cb7c234e44,2024,Leopoldamys edwardsi,exact,ASM Mammal Diversity Database v2.5 (2026)
leopoldamys_herberti,Leopoldamys herberti,Leopoldamys herberti,Herbert's Long-tailed Giant Rat,Rodentia,Muridae,Leopoldamys,herberti,species,false,true,,,,,true,,,false,Mammals of Myanmar: an annotated checklist,https://www.gbif.org/dataset/0837bd43-fa3c-4a68-b257-81cb7c234e44,2024,Leopoldamys herberti,exact,ASM Mammal Diversity Database v2.5 (2026)
mus_pahari,Mus pahari,Mus pahari,Indochinese Shrew-like Mouse,Rodentia,Muridae,Mus,pahari,species,false,true,,,,,true,,,false,Mammals of Myanmar: an annotated checklist,https://www.gbif.org/dataset/0837bd43-fa3c-4a68-b257-81cb7c234e44,2024,Mus pahari,exact,ASM Mammal Diversity Database v2.5 (2026)
niviventer_brahma,Niviventer brahma,Niviventer brahma,Brahman White-bellied Rat,Rodentia,Muridae,Niviventer,brahma,species,false,true,,,,,true,,,false,Mammals of Myanmar: an annotated checklist,https://www.gbif.org/dataset/0837bd43-fa3c-4a68-b257-81cb7c234e44,2024,Niviventer brahma,exact,ASM Mammal Diversity Database v2.5 (2026)
mus_shortridgei,Mus shortridgei,Mus shortridgei,Shortridge's Mouse,Rodentia,Muridae,Mus,shortridgei,species,false,true,,,,,true,,,false,Mammals of Myanmar: an annotated checklist,https://www.gbif.org/dataset/0837bd43-fa3c-4a68-b257-81cb7c234e44,2024,Mus shortridgei,exact,ASM Mammal Diversity Database v2.5 (2026)
niviventer_confucianus,Niviventer confucianus,Niviventer confucianus,Confucian White-bellied Rat,Rodentia,Muridae,Niviventer,confucianus,species,false,true,,,,,true,,,false,Mammals of Myanmar: an annotated checklist,https://www.gbif.org/dataset/0837bd43-fa3c-4a68-b257-81cb7c234e44,2024,Niviventer confucianus,exact,ASM Mammal Diversity Database v2.5 (2026)
niviventer_eha,Niviventer eha,Niviventer eha,Smoke-bellied White-bellied Rat,Rodentia,Muridae,Niviventer,eha,species,false,true,,,,,true,,,false,Mammals of Myanmar: an annotated checklist,https://www.gbif.org/dataset/0837bd43-fa3c-4a68-b257-81cb7c234e44,2024,Niviventer eha,exact,ASM Mammal Diversity Database v2.5 (2026)
mus_cervicolor,Mus cervicolor,Mus cervicolor,Fawn-colored Mouse,Rodentia,Muridae,Mus,cervicolor,species,false,true,,,,,true,,,false,Mammals of Myanmar: an annotated checklist,https://www.gbif.org/dataset/0837bd43-fa3c-4a68-b257-81cb7c234e44,2024,Mus cervicolor,exact,ASM Mammal Diversity Database v2.5 (2026)
mus_musculus,Mus musculus,Mus musculus,House Mouse,Rodentia,Muridae,Mus,musculus,species,false,true,,,,,true,,,false,Mammals of Myanmar: an annotated checklist,https://www.gbif.org/dataset/0837bd43-fa3c-4a68-b257-81cb7c234e44,2024,Mus musculus,exact,ASM Mammal Diversity Database v2.5 (2026)
mus_lepidoides,Mus lepidoides,Mus lepidoides,Little Burmese Field Mouse,Rodentia,Muridae,Mus,lepidoides,species,false,true,,,,,true,,,false,Mammals of Myanmar: an annotated checklist,https://www.gbif.org/dataset/0837bd43-fa3c-4a68-b257-81cb7c234e44,2024,Mus lepidoides,exact,ASM Mammal Diversity Database v2.5 (2026)
mus_caroli,Mus caroli,Mus caroli,Ryukyu Mouse,Rodentia,Muridae,Mus,caroli,species,false,true,,,,,true,,,false,Mammals of Myanmar: an annotated checklist,https://www.gbif.org/dataset/0837bd43-fa3c-4a68-b257-81cb7c234e44,2024,Mus caroli,exact,ASM Mammal Diversity Database v2.5 (2026)
niviventer_cremoriventer,Niviventer cremoriventer,Niviventer cremoriventer,Sundaic Arboreal White-bellied Rat,Rodentia,Muridae,Niviventer,cremoriventer,species,false,true,,,,,true,,,false,Mammals of Myanmar: an annotated checklist,https://www.gbif.org/dataset/0837bd43-fa3c-4a68-b257-81cb7c234e44,2024,Niviventer cremoriventer,exact,ASM Mammal Diversity Database v2.5 (2026)
mus_nitidulus,Mus nitidulus,Mus nitidulus,Blyth's Mouse,Rodentia,Muridae,Mus,nitidulus,species,false,true,,,,,true,,,false,Mammals of Myanmar: an annotated checklist,https://www.gbif.org/dataset/0837bd43-fa3c-4a68-b257-81cb7c234e44,2024,Mus nitidulus,exact,ASM Mammal Diversity Database v2.5 (2026)
mus_cookii,Mus cookii,Mus cookii,Cook's Mouse,Rodentia,Muridae,Mus,cookii,species,false,true,,,,,true,,,false,Mammals of Myanmar: an annotated checklist,https://www.gbif.org/dataset/0837bd43-fa3c-4a68-b257-81cb7c234e44,2024,Mus cookii,exact,ASM Mammal Diversity Database v2.5 (2026)
niviventer_niviventer,Niviventer niviventer,Niviventer niviventer,Himalayan White-bellied Rat,Rodentia,Muridae,Niviventer,niviventer,species,false,true,,,,,true,,,false,Mammals of Myanmar: an annotated checklist,https://www.gbif.org/dataset/0837bd43-fa3c-4a68-b257-81cb7c234e44,2024,Niviventer niviventer,exact,ASM Mammal Diversity Database v2.5 (2026)
rattus_nitidus,Rattus nitidus,Rattus nitidus,White-footed Indochinese Rat,Rodentia,Muridae,Rattus,nitidus,species,false,true,,,,,true,,,false,Mammals of Myanmar: an annotated checklist,https://www.gbif.org/dataset/0837bd43-fa3c-4a68-b257-81cb7c234e44,2024,Rattus nitidus,exact,ASM Mammal Diversity Database v2.5 (2026)
rattus_pyctoris,Rattus pyctoris,Rattus pyctoris,Himalayan Rat,Rodentia,Muridae,Rattus,pyctoris,species,false,true,,,,,true,,,false,Mammals of Myanmar: an annotated checklist,https://www.gbif.org/dataset/0837bd43-fa3c-4a68-b257-81cb7c234e44,2024,Rattus pyctoris,exact,ASM Mammal Diversity Database v2.5 (2026)
rattus_tanezumi,Rattus tanezumi,Rattus tanezumi,East Asian House Rat,Rodentia,Muridae,Rattus,tanezumi,species,false,true,,,,,true,,,false,Mammals of Myanmar: an annotated checklist,https://www.gbif.org/dataset/0837bd43-fa3c-4a68-b257-81cb7c234e44,2024,Rattus tanezumi,exact,ASM Mammal Diversity Database v2.5 (2026)
rattus_rattus,Rattus rattus,Rattus rattus,Roof Rat,Rodentia,Muridae,Rattus,rattus,species,false,true,,,,,true,,,false,Mammals of Myanmar: an annotated checklist,https://www.gbif.org/dataset/0837bd43-fa3c-4a68-b257-81cb7c234e44,2024,Rattus rattus,exact,ASM Mammal Diversity Database v2.5 (2026)
sundamys_muelleri,Sundamys muelleri,Sundamys muelleri,Müller's Rat,Rodentia,Muridae,Sundamys,muelleri,species,false,true,,,,,true,,,false,Mammals of Myanmar: an annotated checklist,https://www.gbif.org/dataset/0837bd43-fa3c-4a68-b257-81cb7c234e44,2024,Sundamys muelleri,exact,ASM Mammal Diversity Database v2.5 (2026)
vandeleuria_oleracea,Vandeleuria oleracea,Vandeleuria oleracea,,Rodentia,Muridae,Vandeleuria,oleracea,species,false,true,,,,,true,,,false,Mammals of Myanmar: an annotated checklist,https://www.gbif.org/dataset/0837bd43-fa3c-4a68-b257-81cb7c234e44,2024,,genus_family_only,ASM Mammal Diversity Database v2.5 (2026)
niviventer_fulvescens,Niviventer fulvescens,Niviventer fulvescens,Indochinese White-bellied Rat,Rodentia,Muridae,Niviventer,fulvescens,species,false,true,,,,,true,,,false,Mammals of Myanmar: an annotated checklist,https://www.gbif.org/dataset/0837bd43-fa3c-4a68-b257-81cb7c234e44,2024,Niviventer fulvescens,exact,ASM Mammal Diversity Database v2.5 (2026)
niviventer_tenaster,Niviventer tenaster,Niviventer tenaster,Indochinese Mountain White-bellied Rat,Rodentia,Muridae,Niviventer,tenaster,species,false,true,,,,,true,,,false,Mammals of Myanmar: an annotated checklist,https://www.gbif.org/dataset/0837bd43-fa3c-4a68-b257-81cb7c234e44,2024,Niviventer tenaster,exact,ASM Mammal Diversity Database v2.5 (2026)
rattus_exulans,Rattus exulans,Rattus exulans,Pacific Rat,Rodentia,Muridae,Rattus,exulans,species,false,true,,,,,true,,,false,Mammals of Myanmar: an annotated checklist,https://www.gbif.org/dataset/0837bd43-fa3c-4a68-b257-81cb7c234e44,2024,Rattus exulans,exact,ASM Mammal Diversity Database v2.5 (2026)
rattus_andamanensis,Rattus andamanensis,Rattus andamanensis,Indochinese Forest Rat,Rodentia,Muridae,Rattus,andamanensis,species,false,true,,,,,true,,,false,Mammals of Myanmar: an annotated checklist,https://www.gbif.org/dataset/0837bd43-fa3c-4a68-b257-81cb7c234e44,2024,Rattus andamanensis,exact,ASM Mammal Diversity Database v2.5 (2026)
rattus_norvegicus,Rattus norvegicus,Rattus norvegicus,Brown Rat,Rodentia,Muridae,Rattus,norvegicus,species,false,true,,,,,true,,,false,Mammals of Myanmar: an annotated checklist,https://www.gbif.org/dataset/0837bd43-fa3c-4a68-b257-81cb7c234e44,2024,Rattus norvegicus,exact,ASM Mammal Diversity Database v2.5 (2026)
neotetracus_sinensis,Neotetracus sinensis,Neotetracus sinensis,Shrew Gymnure,Eulipotyphla,Erinaceidae,Neotetracus,sinensis,species,false,true,,,,,true,,,false,Mammals of Myanmar: an annotated checklist,https://www.gbif.org/dataset/0837bd43-fa3c-4a68-b257-81cb7c234e44,2024,Neotetracus sinensis,exact,ASM Mammal Diversity Database v2.5 (2026)
crocidura_attenuata,Crocidura attenuata,Crocidura attenuata,Asian Gray White-toothed Shrew,Eulipotyphla,Soricidae,Crocidura,attenuata,species,false,true,,,,,true,,,false,Mammals of Myanmar: an annotated checklist,https://www.gbif.org/dataset/0837bd43-fa3c-4a68-b257-81cb7c234e44,2024,Crocidura attenuata,exact,ASM Mammal Diversity Database v2.5 (2026)
crocidura_dracula,Crocidura dracula,Crocidura dracula,Large White-toothed Shrew,Eulipotyphla,Soricidae,Crocidura,dracula,species,false,true,,,,,true,,,false,Mammals of Myanmar: an annotated checklist,https://www.gbif.org/dataset/0837bd43-fa3c-4a68-b257-81cb7c234e44,2024,Crocidura dracula,exact,ASM Mammal Diversity Database v2.5 (2026)
echinosorex_gymnura,Echinosorex gymnura,Echinosorex gymnura,Moonrat,Eulipotyphla,Erinaceidae,Echinosorex,gymnura,species,false,true,,,,,true,,,false,Mammals of Myanmar: an annotated checklist,https://www.gbif.org/dataset/0837bd43-fa3c-4a68-b257-81cb7c234e44,2024,Echinosorex gymnura,exact,ASM Mammal Diversity Database v2.5 (2026)
hylomys_suillus,Hylomys suillus,Hylomys suillus,Javan Short-tailed Gymnure,Eulipotyphla,Erinaceidae,Hylomys,suillus,species,false,true,,,,,true,,,false,Mammals of Myanmar: an annotated checklist,https://www.gbif.org/dataset/0837bd43-fa3c-4a68-b257-81cb7c234e44,2024,Hylomys suillus,exact,ASM Mammal Diversity Database v2.5 (2026)
atherurus_macrourus,Atherurus macrourus,Atherurus macrourus,Asian Brush-tailed Porcupine,Rodentia,Hystricidae,Atherurus,macrourus,species,false,true,,,,,true,,,false,Mammals of Myanmar: an annotated checklist,https://www.gbif.org/dataset/0837bd43-fa3c-4a68-b257-81cb7c234e44,2024,Atherurus macrourus,exact,ASM Mammal Diversity Database v2.5 (2026)
crocidura_cranbrooki,Crocidura cranbrooki,Crocidura cranbrooki,Cranbrook's White-toothed Shrew,Eulipotyphla,Soricidae,Crocidura,cranbrooki,species,false,true,,,,,true,,,false,Mammals of Myanmar: an annotated checklist,https://www.gbif.org/dataset/0837bd43-fa3c-4a68-b257-81cb7c234e44,2024,Crocidura cranbrooki,exact,ASM Mammal Diversity Database v2.5 (2026)
hystrix_brachyura,Hystrix brachyura,Hystrix brachyura,Malayan Porcupine,Rodentia,Hystricidae,Hystrix,brachyura,species,false,true,,,,,true,,,false,Mammals of Myanmar: an annotated checklist,https://www.gbif.org/dataset/0837bd43-fa3c-4a68-b257-81cb7c234e44,2024,Hystrix brachyura,exact,ASM Mammal Diversity Database v2.5 (2026)
crocidura_fuliginosa,Crocidura fuliginosa,Crocidura fuliginosa,Southeast Asian White-toothed Shrew,Eulipotyphla,Soricidae,Crocidura,fuliginosa,species,false,true,,,,,true,,,false,Mammals of Myanmar: an annotated checklist,https://www.gbif.org/dataset/0837bd43-fa3c-4a68-b257-81cb7c234e44,2024,Crocidura fuliginosa,exact,ASM Mammal Diversity Database v2.5 (2026)
vernaya_fulva,Vernaya fulva,Vernaya fulva,Vernay's Climbing Mouse,Rodentia,Muridae,Vernaya,fulva,species,false,true,,,,,true,,,false,Mammals of Myanmar: an annotated checklist,https://www.gbif.org/dataset/0837bd43-fa3c-4a68-b257-81cb7c234e44,2024,Vernaya fulva,exact,ASM Mammal Diversity Database v2.5 (2026)
suncus_murinus,Suncus murinus,Suncus murinus,Asian House Shrew,Eulipotyphla,Soricidae,Suncus,murinus,species,false,true,,,,,true,,,false,Mammals of Myanmar: an annotated checklist,https://www.gbif.org/dataset/0837bd43-fa3c-4a68-b257-81cb7c234e44,2024,Suncus murinus,exact,ASM Mammal Diversity Database v2.5 (2026)
anourosorex_assamensis,Anourosorex assamensis,Anourosorex assamensis,Assam Mole Shrew,Eulipotyphla,Soricidae,Anourosorex,assamensis,species,false,true,,,,,true,,,false,Mammals of Myanmar: an annotated checklist,https://www.gbif.org/dataset/0837bd43-fa3c-4a68-b257-81cb7c234e44,2024,Anourosorex assamensis,exact,ASM Mammal Diversity Database v2.5 (2026)
blarinella_wardi,Blarinella wardi,Blarinella wardi,Burmese Short-tailed Shrew,Eulipotyphla,Soricidae,Blarinella,wardi,species,false,true,,,,,true,,,false,Mammals of Myanmar: an annotated checklist,https://www.gbif.org/dataset/0837bd43-fa3c-4a68-b257-81cb7c234e44,2024,Blarinella wardi,exact,ASM Mammal Diversity Database v2.5 (2026)
chimarrogale_styani,Chimarrogale styani,Chimarrogale styani,Chinese Water Shrew,Eulipotyphla,Soricidae,Chimarrogale,styani,species,false,true,,,,,true,,,false,Mammals of Myanmar: an annotated checklist,https://www.gbif.org/dataset/0837bd43-fa3c-4a68-b257-81cb7c234e44,2024,Chimarrogale styani,exact,ASM Mammal Diversity Database v2.5 (2026)
chodsigoa_furva,Chodsigoa furva,Chodsigoa furva,Dusky Brown-toothed Shrew,Eulipotyphla,Soricidae,Chodsigoa,furva,species,false,true,,,,,true,,,false,Mammals of Myanmar: an annotated checklist,https://www.gbif.org/dataset/0837bd43-fa3c-4a68-b257-81cb7c234e44,2024,Chodsigoa furva,exact,ASM Mammal Diversity Database v2.5 (2026)
crocidura_rapax,Crocidura rapax,Crocidura rapax,Chinese White-toothed Shrew,Eulipotyphla,Soricidae,Crocidura,rapax,species,false,true,,,,,true,,,false,Mammals of Myanmar: an annotated checklist,https://www.gbif.org/dataset/0837bd43-fa3c-4a68-b257-81cb7c234e44,2024,Crocidura rapax,exact,ASM Mammal Diversity Database v2.5 (2026)
anourosorex_squamipes,Anourosorex squamipes,Anourosorex squamipes,Chinese Mole Shrew,Eulipotyphla,Soricidae,Anourosorex,squamipes,species,false,true,,,,,true,,,false,Mammals of Myanmar: an annotated checklist,https://www.gbif.org/dataset/0837bd43-fa3c-4a68-b257-81cb7c234e44,2024,Anourosorex squamipes,exact,ASM Mammal Diversity Database v2.5 (2026)
chimarrogale_himalayica,Chimarrogale himalayica,Chimarrogale himalayica,Himalayan Water Shrew,Eulipotyphla,Soricidae,Chimarrogale,himalayica,species,false,true,,,,,true,,,false,Mammals of Myanmar: an annotated checklist,https://www.gbif.org/dataset/0837bd43-fa3c-4a68-b257-81cb7c234e44,2024,Chimarrogale himalayica,exact,ASM Mammal Diversity Database v2.5 (2026)
suncus_etruscus,Suncus etruscus,Suncus etruscus,Etruscan Shrew,Eulipotyphla,Soricidae,Suncus,etruscus,species,false,true,,,,,true,,,false,Mammals of Myanmar: an annotated checklist,https://www.gbif.org/dataset/0837bd43-fa3c-4a68-b257-81cb7c234e44,2024,Suncus etruscus,exact,ASM Mammal Diversity Database v2.5 (2026)
crocidura_indochinensis,Crocidura indochinensis,Crocidura indochinensis,Indochinese White-toothed Shrew,Eulipotyphla,Soricidae,Crocidura,indochinensis,species,false,true,,,,,true,,,false,Mammals of Myanmar: an annotated checklist,https://www.gbif.org/dataset/0837bd43-fa3c-4a68-b257-81cb7c234e44,2024,Crocidura indochinensis,exact,ASM Mammal Diversity Database v2.5 (2026)
sorex_bedfordiae,Sorex bedfordiae,Sorex bedfordiae,Lesser Striped Shrew,Eulipotyphla,Soricidae,Sorex,bedfordiae,species,false,true,,,,,true,,,false,Mammals of Myanmar: an annotated checklist,https://www.gbif.org/dataset/0837bd43-fa3c-4a68-b257-81cb7c234e44,2024,Sorex bedfordiae,exact,ASM Mammal Diversity Database v2.5 (2026)
euroscaptor_grandis,Euroscaptor grandis,Euroscaptor grandis,Greater Chinese Mole,Eulipotyphla,Talpidae,Euroscaptor,grandis,species,false,true,,,,,true,,,false,Mammals of Myanmar: an annotated checklist,https://www.gbif.org/dataset/0837bd43-fa3c-4a68-b257-81cb7c234e44,2024,Euroscaptor grandis,exact,ASM Mammal Diversity Database v2.5 (2026)
parascaptor_leucura,Parascaptor leucura,Parascaptor leucura,White-tailed Mole,Eulipotyphla,Talpidae,Parascaptor,leucura,species,false,true,,,,,true,,,false,Mammals of Myanmar: an annotated checklist,https://www.gbif.org/dataset/0837bd43-fa3c-4a68-b257-81cb7c234e44,2024,Parascaptor leucura,exact,ASM Mammal Diversity Database v2.5 (2026)
chodsigoa_parca,Chodsigoa parca,Chodsigoa parca,Lowe's Brown-toothed Shrew,Eulipotyphla,Soricidae,Chodsigoa,parca,species,false,true,,,,,true,,,false,Mammals of Myanmar: an annotated checklist,https://www.gbif.org/dataset/0837bd43-fa3c-4a68-b257-81cb7c234e44,2024,Chodsigoa parca,exact,ASM Mammal Diversity Database v2.5 (2026)
episoriculus_caudatus,Episoriculus caudatus,Episoriculus caudatus,Hodgson's Brown-toothed Shrew,Eulipotyphla,Soricidae,Episoriculus,caudatus,species,false,true,,,,,true,,,false,Mammals of Myanmar: an annotated checklist,https://www.gbif.org/dataset/0837bd43-fa3c-4a68-b257-81cb7c234e44,2024,Episoriculus caudatus,exact,ASM Mammal Diversity Database v2.5 (2026)
episoriculus_macrurus,Episoriculus macrurus,Episoriculus macrurus,Arboreal Brown-toothed Shrew,Eulipotyphla,Soricidae,Episoriculus,macrurus,species,false,true,,,,,true,,,false,Mammals of Myanmar: an annotated checklist,https://www.gbif.org/dataset/0837bd43-fa3c-4a68-b257-81cb7c234e44,2024,Episoriculus macrurus,exact,ASM Mammal Diversity Database v2.5 (2026)
nectogale_elegans,Nectogale elegans,Nectogale elegans,Elegant Water Shrew,Eulipotyphla,Soricidae,Nectogale,elegans,species,false,true,,,,,true,,,false,Mammals of Myanmar: an annotated checklist,https://www.gbif.org/dataset/0837bd43-fa3c-4a68-b257-81cb7c234e44,2024,Nectogale elegans,exact,ASM Mammal Diversity Database v2.5 (2026)
episoriculus_umbrinus,Episoriculus umbrinus,Episoriculus umbrinus,,Eulipotyphla,Soricidae,Episoriculus,umbrinus,species,false,true,,,,,true,,,false,Mammals of Myanmar: an annotated checklist,https://www.gbif.org/dataset/0837bd43-fa3c-4a68-b257-81cb7c234e44,2024,,genus_family_only,ASM Mammal Diversity Database v2.5 (2026)
soriculus_nigrescens,Soriculus nigrescens,Soriculus nigrescens,Himalayan Large-clawed Shrew,Eulipotyphla,Soricidae,Soriculus,nigrescens,species,false,true,,,,,true,,,false,Mammals of Myanmar: an annotated checklist,https://www.gbif.org/dataset/0837bd43-fa3c-4a68-b257-81cb7c234e44,2024,Soriculus nigrescens,exact,ASM Mammal Diversity Database v2.5 (2026)
episoriculus_baileyi,Episoriculus baileyi,Episoriculus baileyi,Bailey's Brown-toothed Shrew,Eulipotyphla,Soricidae,Episoriculus,baileyi,species,false,true,,,,,true,,,false,Mammals of Myanmar: an annotated checklist,https://www.gbif.org/dataset/0837bd43-fa3c-4a68-b257-81cb7c234e44,2024,Episoriculus baileyi,exact,ASM Mammal Diversity Database v2.5 (2026)
euroscaptor_klossi,Euroscaptor klossi,Euroscaptor klossi,Kloss's Mole,Eulipotyphla,Talpidae,Euroscaptor,klossi,species,false,true,,,,,true,,,false,Mammals of Myanmar: an annotated checklist,https://www.gbif.org/dataset/0837bd43-fa3c-4a68-b257-81cb7c234e44,2024,Euroscaptor klossi,exact,ASM Mammal Diversity Database v2.5 (2026)
megaerops_niphanae,Megaerops niphanae,Megaerops niphanae,Ratanaworabhan's Tailless Fruit Bat,Chiroptera,Pteropodidae,Megaerops,niphanae,species,false,true,,,,,true,,,false,Mammals of Myanmar: an annotated checklist,https://www.gbif.org/dataset/0837bd43-fa3c-4a68-b257-81cb7c234e44,2024,Megaerops niphanae,exact,ASM Mammal Diversity Database v2.5 (2026)
uropsilus_soricipes,Uropsilus soricipes,Uropsilus soricipes,Chinese Shrew Mole,Eulipotyphla,Talpidae,Uropsilus,soricipes,species,false,true,,,,,true,,,false,Mammals of Myanmar: an annotated checklist,https://www.gbif.org/dataset/0837bd43-fa3c-4a68-b257-81cb7c234e44,2024,Uropsilus soricipes,exact,ASM Mammal Diversity Database v2.5 (2026)
cynopterus_brachyotis,Cynopterus brachyotis,Cynopterus brachyotis,Lesser Short-nosed Fruit Bat,Chiroptera,Pteropodidae,Cynopterus,brachyotis,species,false,true,,,,,true,,,false,Mammals of Myanmar: an annotated checklist,https://www.gbif.org/dataset/0837bd43-fa3c-4a68-b257-81cb7c234e44,2024,Cynopterus brachyotis,exact,ASM Mammal Diversity Database v2.5 (2026)
uropsilus_gracilis,Uropsilus gracilis,Uropsilus gracilis,Gracile Shrew Mole,Eulipotyphla,Talpidae,Uropsilus,gracilis,species,false,true,,,,,true,,,false,Mammals of Myanmar: an annotated checklist,https://www.gbif.org/dataset/0837bd43-fa3c-4a68-b257-81cb7c234e44,2024,Uropsilus gracilis,exact,ASM Mammal Diversity Database v2.5 (2026)
scaptonyx_fusicaudus,Scaptonyx fusicaudus,Scaptonyx fusicaudus,,Eulipotyphla,Talpidae,Scaptonyx,fusicaudus,species,false,true,,,,,true,,,false,Mammals of Myanmar: an annotated checklist,https://www.gbif.org/dataset/0837bd43-fa3c-4a68-b257-81cb7c234e44,2024,,genus_family_only,ASM Mammal Diversity Database v2.5 (2026)
cynopterus_sphinx,Cynopterus sphinx,Cynopterus sphinx,Greater Short-nosed Fruit Bat,Chiroptera,Pteropodidae,Cynopterus,sphinx,species,false,true,,,,,true,,,false,Mammals of Myanmar: an annotated checklist,https://www.gbif.org/dataset/0837bd43-fa3c-4a68-b257-81cb7c234e44,2024,Cynopterus sphinx,exact,ASM Mammal Diversity Database v2.5 (2026)
uropsilus_investigator,Uropsilus investigator,Uropsilus investigator,Inquisitive Shrew Mole,Eulipotyphla,Talpidae,Uropsilus,investigator,species,false,true,,,,,true,,,false,Mammals of Myanmar: an annotated checklist,https://www.gbif.org/dataset/0837bd43-fa3c-4a68-b257-81cb7c234e44,2024,Uropsilus investigator,exact,ASM Mammal Diversity Database v2.5 (2026)
uropsilus_nivatus,Uropsilus nivatus,Uropsilus nivatus,Snow Mountain Shrew Mole,Eulipotyphla,Talpidae,Uropsilus,nivatus,species,false,true,,,,,true,,,false,Mammals of Myanmar: an annotated checklist,https://www.gbif.org/dataset/0837bd43-fa3c-4a68-b257-81cb7c234e44,2024,Uropsilus nivatus,exact,ASM Mammal Diversity Database v2.5 (2026)
pteropus_vampyrus,Pteropus vampyrus,Pteropus vampyrus,Large Flying Fox,Chiroptera,Pteropodidae,Pteropus,vampyrus,species,false,true,,,,,true,,,false,Mammals of Myanmar: an annotated checklist,https://www.gbif.org/dataset/0837bd43-fa3c-4a68-b257-81cb7c234e44,2024,Pteropus vampyrus,exact,ASM Mammal Diversity Database v2.5 (2026)
sphaerias_blanfordi,Sphaerias blanfordi,Sphaerias blanfordi,Blanford's Fruit Bat,Chiroptera,Pteropodidae,Sphaerias,blanfordi,species,false,true,,,,,true,,,false,Mammals of Myanmar: an annotated checklist,https://www.gbif.org/dataset/0837bd43-fa3c-4a68-b257-81cb7c234e44,2024,Sphaerias blanfordi,exact,ASM Mammal Diversity Database v2.5 (2026)
rousettus_leschenaultii,Rousettus leschenaultii,Rousettus leschenaultii,Leschenault's Rousette,Chiroptera,Pteropodidae,Rousettus,leschenaultii,species,false,true,,,,,true,,,false,Mammals of Myanmar: an annotated checklist,https://www.gbif.org/dataset/0837bd43-fa3c-4a68-b257-81cb7c234e44,2024,Rousettus leschenaultii,exact,ASM Mammal Diversity Database v2.5 (2026)
pteropus_medius,Pteropus medius,Pteropus medius,Indian Flying Fox,Chiroptera,Pteropodidae,Pteropus,medius,species,false,true,,,,,true,,,false,Mammals of Myanmar: an annotated checklist,https://www.gbif.org/dataset/0837bd43-fa3c-4a68-b257-81cb7c234e44,2024,Pteropus medius,exact,ASM Mammal Diversity Database v2.5 (2026)
eonycteris_spelaea,Eonycteris spelaea,Eonycteris spelaea,Lesser Dawn Bat,Chiroptera,Pteropodidae,Eonycteris,spelaea,species,false,true,,,,,true,,,false,Mammals of Myanmar: an annotated checklist,https://www.gbif.org/dataset/0837bd43-fa3c-4a68-b257-81cb7c234e44,2024,Eonycteris spelaea,exact,ASM Mammal Diversity Database v2.5 (2026)
rousettus_amplexicaudatus,Rousettus amplexicaudatus,Rousettus amplexicaudatus,Geoffroy's Rousette,Chiroptera,Pteropodidae,Rousettus,amplexicaudatus,species,false,true,,,,,true,,,false,Mammals of Myanmar: an annotated checklist,https://www.gbif.org/dataset/0837bd43-fa3c-4a68-b257-81cb7c234e44,2024,Rousettus amplexicaudatus,exact,ASM Mammal Diversity Database v2.5 (2026)
pteropus_hypomelanus,Pteropus hypomelanus,Pteropus hypomelanus,Island Flying Fox,Chiroptera,Pteropodidae,Pteropus,hypomelanus,species,false,true,,,,,true,,,false,Mammals of Myanmar: an annotated checklist,https://www.gbif.org/dataset/0837bd43-fa3c-4a68-b257-81cb7c234e44,2024,Pteropus hypomelanus,exact,ASM Mammal Diversity Database v2.5 (2026)
rhinolophus_acuminatus,Rhinolophus acuminatus,Rhinolophus acuminatus,Acuminate Horseshoe Bat,Chiroptera,Rhinolophidae,Rhinolophus,acuminatus,species,false,true,,,,,true,,,false,Mammals of Myanmar: an annotated checklist,https://www.gbif.org/dataset/0837bd43-fa3c-4a68-b257-81cb7c234e44,2024,Rhinolophus acuminatus,exact,ASM Mammal Diversity Database v2.5 (2026)
macroglossus_sobrinus,Macroglossus sobrinus,Macroglossus sobrinus,Greater Long-tongued Blossom Bat,Chiroptera,Pteropodidae,Macroglossus,sobrinus,species,false,true,,,,,true,,,false,Mammals of Myanmar: an annotated checklist,https://www.gbif.org/dataset/0837bd43-fa3c-4a68-b257-81cb7c234e44,2024,Macroglossus sobrinus,exact,ASM Mammal Diversity Database v2.5 (2026)
rhinolophus_coelophyllus,Rhinolophus coelophyllus,Rhinolophus coelophyllus,Croslet Horseshoe Bat,Chiroptera,Rhinolophidae,Rhinolophus,coelophyllus,species,false,true,,,,,true,,,false,Mammals of Myanmar: an annotated checklist,https://www.gbif.org/dataset/0837bd43-fa3c-4a68-b257-81cb7c234e44,2024,Rhinolophus coelophyllus,exact,ASM Mammal Diversity Database v2.5 (2026)
rhinolophus_marshalli,Rhinolophus marshalli,Rhinolophus marshalli,Marshall's Horseshoe Bat,Chiroptera,Rhinolophidae,Rhinolophus,marshalli,species,false,true,,,,,true,,,false,Mammals of Myanmar: an annotated checklist,https://www.gbif.org/dataset/0837bd43-fa3c-4a68-b257-81cb7c234e44,2024,Rhinolophus marshalli,exact,ASM Mammal Diversity Database v2.5 (2026)
rhinolophus_affinis,Rhinolophus affinis,Rhinolophus affinis,Intermediate Horseshoe Bat,Chiroptera,Rhinolophidae,Rhinolophus,affinis,species,false,true,,,,,true,,,false,Mammals of Myanmar: an annotated checklist,https://www.gbif.org/dataset/0837bd43-fa3c-4a68-b257-81cb7c234e44,2024,Rhinolophus affinis,exact,ASM Mammal Diversity Database v2.5 (2026)
rhinolophus_lepidus,Rhinolophus lepidus,Rhinolophus lepidus,Blyth's Horseshoe Bat,Chiroptera,Rhinolophidae,Rhinolophus,lepidus,species,false,true,,,,,true,,,false,Mammals of Myanmar: an annotated checklist,https://www.gbif.org/dataset/0837bd43-fa3c-4a68-b257-81cb7c234e44,2024,Rhinolophus lepidus,exact,ASM Mammal Diversity Database v2.5 (2026)
rhinolophus_macrotis,Rhinolophus macrotis,Rhinolophus macrotis,Big-eared Horseshoe Bat,Chiroptera,Rhinolophidae,Rhinolophus,macrotis,species,false,true,,,,,true,,,false,Mammals of Myanmar: an annotated checklist,https://www.gbif.org/dataset/0837bd43-fa3c-4a68-b257-81cb7c234e44,2024,Rhinolophus macrotis,exact,ASM Mammal Diversity Database v2.5 (2026)
rhinolophus_microglobosus,Rhinolophus microglobosus,Rhinolophus microglobosus,Vietnamese Brown Horseshoe Bat,Chiroptera,Rhinolophidae,Rhinolophus,microglobosus,species,false,true,,,,,true,,,false,Mammals of Myanmar: an annotated checklist,https://www.gbif.org/dataset/0837bd43-fa3c-4a68-b257-81cb7c234e44,2024,Rhinolophus microglobosus,exact,ASM Mammal Diversity Database v2.5 (2026)
rhinolophus_perniger,Rhinolophus perniger,Rhinolophus perniger,Northern Woolly Horseshoe Bat,Chiroptera,Rhinolophidae,Rhinolophus,perniger,species,false,true,,,,,true,,,false,Mammals of Myanmar: an annotated checklist,https://www.gbif.org/dataset/0837bd43-fa3c-4a68-b257-81cb7c234e44,2024,Rhinolophus perniger,exact,ASM Mammal Diversity Database v2.5 (2026)
rhinolophus_pearsonii,Rhinolophus pearsonii,Rhinolophus pearsonii,Pearson's Horseshoe Bat,Chiroptera,Rhinolophidae,Rhinolophus,pearsonii,species,false,true,,,,,true,,,false,Mammals of Myanmar: an annotated checklist,https://www.gbif.org/dataset/0837bd43-fa3c-4a68-b257-81cb7c234e44,2024,Rhinolophus pearsonii,exact,ASM Mammal Diversity Database v2.5 (2026)
rhinolophus_pusillus,Rhinolophus pusillus,Rhinolophus pusillus,Least Horseshoe Bat,Chiroptera,Rhinolophidae,Rhinolophus,pusillus,species,false,true,,,,,true,,,false,Mammals of Myanmar: an annotated checklist,https://www.gbif.org/dataset/0837bd43-fa3c-4a68-b257-81cb7c234e44,2024,Rhinolophus pusillus,exact,ASM Mammal Diversity Database v2.5 (2026)
rhinolophus_malayanus,Rhinolophus malayanus,Rhinolophus malayanus,Malayan Horseshoe Bat,Chiroptera,Rhinolophidae,Rhinolophus,malayanus,species,false,true,,,,,true,,,false,Mammals of Myanmar: an annotated checklist,https://www.gbif.org/dataset/0837bd43-fa3c-4a68-b257-81cb7c234e44,2024,Rhinolophus malayanus,exact,ASM Mammal Diversity Database v2.5 (2026)
rhinolophus_thomasi,Rhinolophus thomasi,Rhinolophus thomasi,Thomas's Horseshoe Bat,Chiroptera,Rhinolophidae,Rhinolophus,thomasi,species,false,true,,,,,true,,,false,Mammals of Myanmar: an annotated checklist,https://www.gbif.org/dataset/0837bd43-fa3c-4a68-b257-81cb7c234e44,2024,Rhinolophus thomasi,exact,ASM Mammal Diversity Database v2.5 (2026)
rhinolophus_rouxii,Rhinolophus rouxii,Rhinolophus rouxii,Indian Rufous Horseshoe Bat,Chiroptera,Rhinolophidae,Rhinolophus,rouxii,species,false,true,,,,,true,,,false,Mammals of Myanmar: an annotated checklist,https://www.gbif.org/dataset/0837bd43-fa3c-4a68-b257-81cb7c234e44,2024,Rhinolophus rouxii,exact,ASM Mammal Diversity Database v2.5 (2026)
rhinolophus_shortridgei,Rhinolophus shortridgei,Rhinolophus shortridgei,Shortridge's Horseshoe Bat,Chiroptera,Rhinolophidae,Rhinolophus,shortridgei,species,false,true,,,,,true,,,false,Mammals of Myanmar: an annotated checklist,https://www.gbif.org/dataset/0837bd43-fa3c-4a68-b257-81cb7c234e44,2024,Rhinolophus shortridgei,exact,ASM Mammal Diversity Database v2.5 (2026)
rhinolophus_subbadius,Rhinolophus subbadius,Rhinolophus subbadius,Little Nepalese Horseshoe Bat,Chiroptera,Rhinolophidae,Rhinolophus,subbadius,species,false,true,,,,,true,,,false,Mammals of Myanmar: an annotated checklist,https://www.gbif.org/dataset/0837bd43-fa3c-4a68-b257-81cb7c234e44,2024,Rhinolophus subbadius,exact,ASM Mammal Diversity Database v2.5 (2026)
rhinolophus_rex,Rhinolophus rex,Rhinolophus rex,King Horseshoe Bat,Chiroptera,Rhinolophidae,Rhinolophus,rex,species,false,true,,,,,true,,,false,Mammals of Myanmar: an annotated checklist,https://www.gbif.org/dataset/0837bd43-fa3c-4a68-b257-81cb7c234e44,2024,Rhinolophus rex,exact,ASM Mammal Diversity Database v2.5 (2026)
rhinolophus_thailandensis,Rhinolophus thailandensis,Rhinolophus thailandensis,Thailand Horseshoe Bat,Chiroptera,Rhinolophidae,Rhinolophus,thailandensis,species,false,true,,,,,true,,,false,Mammals of Myanmar: an annotated checklist,https://www.gbif.org/dataset/0837bd43-fa3c-4a68-b257-81cb7c234e44,2024,Rhinolophus thailandensis,exact,ASM Mammal Diversity Database v2.5 (2026)
rhinolophus_stheno,Rhinolophus stheno,Rhinolophus stheno,Lesser Brown Horseshoe Bat,Chiroptera,Rhinolophidae,Rhinolophus,stheno,species,false,true,,,,,true,,,false,Mammals of Myanmar: an annotated checklist,https://www.gbif.org/dataset/0837bd43-fa3c-4a68-b257-81cb7c234e44,2024,Rhinolophus stheno,exact,ASM Mammal Diversity Database v2.5 (2026)
rhinolophus_sinicus,Rhinolophus sinicus,Rhinolophus sinicus,Chinese Rufous Horseshoe Bat,Chiroptera,Rhinolophidae,Rhinolophus,sinicus,species,false,true,,,,,true,,,false,Mammals of Myanmar: an annotated checklist,https://www.gbif.org/dataset/0837bd43-fa3c-4a68-b257-81cb7c234e44,2024,Rhinolophus sinicus,exact,ASM Mammal Diversity Database v2.5 (2026)
rhinolophus_yunanensis,Rhinolophus yunanensis,Rhinolophus yunanensis,Dobson's Horseshoe Bat,Chiroptera,Rhinolophidae,Rhinolophus,yunanensis,species,false,true,,,,,true,,,false,Mammals of Myanmar: an annotated checklist,https://www.gbif.org/dataset/0837bd43-fa3c-4a68-b257-81cb7c234e44,2024,Rhinolophus yunanensis,exact,ASM Mammal Diversity Database v2.5 (2026)
rhinolophus_trifoliatus,Rhinolophus trifoliatus,Rhinolophus trifoliatus,Trefoil Horseshoe Bat,Chiroptera,Rhinolophidae,Rhinolophus,trifoliatus,species,false,true,,,,,true,,,false,Mammals of Myanmar: an annotated checklist,https://www.gbif.org/dataset/0837bd43-fa3c-4a68-b257-81cb7c234e44,2024,Rhinolophus trifoliatus,exact,ASM Mammal Diversity Database v2.5 (2026)
rhinolophus_shameli,Rhinolophus shameli,Rhinolophus shameli,Shamel's Horseshoe Bat,Chiroptera,Rhinolophidae,Rhinolophus,shameli,species,false,true,,,,,true,,,false,Mammals of Myanmar: an annotated checklist,https://www.gbif.org/dataset/0837bd43-fa3c-4a68-b257-81cb7c234e44,2024,Rhinolophus shameli,exact,ASM Mammal Diversity Database v2.5 (2026)
aselliscus_stoliczkanus,Aselliscus stoliczkanus,Aselliscus stoliczkanus,Stoliczka's Trident Roundleaf Bat,Chiroptera,Hipposideridae,Aselliscus,stoliczkanus,species,false,true,,,,,true,,,false,Mammals of Myanmar: an annotated checklist,https://www.gbif.org/dataset/0837bd43-fa3c-4a68-b257-81cb7c234e44,2024,Aselliscus stoliczkanus,exact,ASM Mammal Diversity Database v2.5 (2026)
hipposideros_armiger,Hipposideros armiger,Hipposideros armiger,Great Himalayan Roundleaf Bat,Chiroptera,Hipposideridae,Hipposideros,armiger,species,false,true,,,,,true,,,false,Mammals of Myanmar: an annotated checklist,https://www.gbif.org/dataset/0837bd43-fa3c-4a68-b257-81cb7c234e44,2024,Hipposideros armiger,exact,ASM Mammal Diversity Database v2.5 (2026)
hipposideros_bicolor,Hipposideros bicolor,Hipposideros bicolor,Bicolored Roundleaf Bat,Chiroptera,Hipposideridae,Hipposideros,bicolor,species,false,true,,,,,true,,,false,Mammals of Myanmar: an annotated checklist,https://www.gbif.org/dataset/0837bd43-fa3c-4a68-b257-81cb7c234e44,2024,Hipposideros bicolor,exact,ASM Mammal Diversity Database v2.5 (2026)
hipposideros_grandis,Hipposideros grandis,Hipposideros grandis,Grand Roundleaf Bat,Chiroptera,Hipposideridae,Hipposideros,grandis,species,false,true,,,,,true,,,false,Mammals of Myanmar: an annotated checklist,https://www.gbif.org/dataset/0837bd43-fa3c-4a68-b257-81cb7c234e44,2024,Hipposideros grandis,exact,ASM Mammal Diversity Database v2.5 (2026)
hipposideros_einnaythu,Hipposideros einnaythu,Hipposideros einnaythu,House-dwelling Roundleaf Bat,Chiroptera,Hipposideridae,Hipposideros,einnaythu,species,false,true,,,,,true,,,false,Mammals of Myanmar: an annotated checklist,https://www.gbif.org/dataset/0837bd43-fa3c-4a68-b257-81cb7c234e44,2024,Hipposideros einnaythu,exact,ASM Mammal Diversity Database v2.5 (2026)
hipposideros_galeritus,Hipposideros galeritus,Hipposideros galeritus,Cantor's Roundleaf Bat,Chiroptera,Hipposideridae,Hipposideros,galeritus,species,false,true,,,,,true,,,false,Mammals of Myanmar: an annotated checklist,https://www.gbif.org/dataset/0837bd43-fa3c-4a68-b257-81cb7c234e44,2024,Hipposideros galeritus,exact,ASM Mammal Diversity Database v2.5 (2026)
hipposideros_gentilis,Hipposideros gentilis,Hipposideros gentilis,Andersen's Roundleaf Bat,Chiroptera,Hipposideridae,Hipposideros,gentilis,species,false,true,,,,,true,,,false,Mammals of Myanmar: an annotated checklist,https://www.gbif.org/dataset/0837bd43-fa3c-4a68-b257-81cb7c234e44,2024,Hipposideros gentilis,exact,ASM Mammal Diversity Database v2.5 (2026)
hipposideros_cineraceus,Hipposideros cineraceus,Hipposideros cineraceus,Least Roundleaf Bat,Chiroptera,Hipposideridae,Hipposideros,cineraceus,species,false,true,,,,,true,,,false,Mammals of Myanmar: an annotated checklist,https://www.gbif.org/dataset/0837bd43-fa3c-4a68-b257-81cb7c234e44,2024,Hipposideros cineraceus,exact,ASM Mammal Diversity Database v2.5 (2026)
hipposideros_diadema,Hipposideros diadema,Hipposideros diadema,Diadem Roundleaf Bat,Chiroptera,Hipposideridae,Hipposideros,diadema,species,false,true,,,,,true,,,false,Mammals of Myanmar: an annotated checklist,https://www.gbif.org/dataset/0837bd43-fa3c-4a68-b257-81cb7c234e44,2024,Hipposideros diadema,exact,ASM Mammal Diversity Database v2.5 (2026)
coelops_frithii,Coelops frithii,Coelops frithii,East Asian Tailless Roundleaf Bat,Chiroptera,Hipposideridae,Coelops,frithii,species,false,true,,,,,true,,,false,Mammals of Myanmar: an annotated checklist,https://www.gbif.org/dataset/0837bd43-fa3c-4a68-b257-81cb7c234e44,2024,Coelops frithii,exact,ASM Mammal Diversity Database v2.5 (2026)
megaderma_spasma,Megaderma spasma,Megaderma spasma,Lesser Asian False-vampire,Chiroptera,Megadermatidae,Megaderma,spasma,species,false,true,,,,,true,,,false,Mammals of Myanmar: an annotated checklist,https://www.gbif.org/dataset/0837bd43-fa3c-4a68-b257-81cb7c234e44,2024,Megaderma spasma,exact,ASM Mammal Diversity Database v2.5 (2026)
hipposideros_lankadiva,Hipposideros lankadiva,Hipposideros lankadiva,Indian Roundleaf Bat,Chiroptera,Hipposideridae,Hipposideros,lankadiva,species,false,true,,,,,true,,,false,Mammals of Myanmar: an annotated checklist,https://www.gbif.org/dataset/0837bd43-fa3c-4a68-b257-81cb7c234e44,2024,Hipposideros lankadiva,exact,ASM Mammal Diversity Database v2.5 (2026)
hipposideros_lylei,Hipposideros lylei,Hipposideros lylei,Shield-faced Roundleaf Bat,Chiroptera,Hipposideridae,Hipposideros,lylei,species,false,true,,,,,true,,,false,Mammals of Myanmar: an annotated checklist,https://www.gbif.org/dataset/0837bd43-fa3c-4a68-b257-81cb7c234e44,2024,Hipposideros lylei,exact,ASM Mammal Diversity Database v2.5 (2026)
lyroderma_lyra,Lyroderma lyra,Lyroderma lyra,Indian Greater False-vampire,Chiroptera,Megadermatidae,Lyroderma,lyra,species,false,true,,,,,true,,,false,Mammals of Myanmar: an annotated checklist,https://www.gbif.org/dataset/0837bd43-fa3c-4a68-b257-81cb7c234e44,2024,Lyroderma lyra,exact,ASM Mammal Diversity Database v2.5 (2026)
hipposideros_pratti,Hipposideros pratti,Hipposideros pratti,,Chiroptera,Hipposideridae,Hipposideros,pratti,species,false,true,,,,,true,,,false,Mammals of Myanmar: an annotated checklist,https://www.gbif.org/dataset/0837bd43-fa3c-4a68-b257-81cb7c234e44,2024,,genus_family_only,ASM Mammal Diversity Database v2.5 (2026)
hipposideros_speoris,Hipposideros speoris,Hipposideros speoris,Schneider's Roundleaf Bat,Chiroptera,Hipposideridae,Hipposideros,speoris,species,false,true,,,,,true,,,false,Mammals of Myanmar: an annotated checklist,https://www.gbif.org/dataset/0837bd43-fa3c-4a68-b257-81cb7c234e44,2024,Hipposideros speoris,exact,ASM Mammal Diversity Database v2.5 (2026)
craseonycteris_thonglongyai,Craseonycteris thonglongyai,Craseonycteris thonglongyai,Kitti's Hog-nosed Bat,Chiroptera,Craseonycteridae,Craseonycteris,thonglongyai,species,false,true,,,,,true,,,false,Mammals of Myanmar: an annotated checklist,https://www.gbif.org/dataset/0837bd43-fa3c-4a68-b257-81cb7c234e44,2024,Craseonycteris thonglongyai,exact,ASM Mammal Diversity Database v2.5 (2026)
hipposideros_pomona,Hipposideros pomona,Hipposideros pomona,Pomona Roundleaf Bat,Chiroptera,Hipposideridae,Hipposideros,pomona,species,false,true,,,,,true,,,false,Mammals of Myanmar: an annotated checklist,https://www.gbif.org/dataset/0837bd43-fa3c-4a68-b257-81cb7c234e44,2024,Hipposideros pomona,exact,ASM Mammal Diversity Database v2.5 (2026)
hipposideros_larvatus,Hipposideros larvatus,Hipposideros larvatus,Horsfield's Roundleaf Bat,Chiroptera,Hipposideridae,Hipposideros,larvatus,species,false,true,,,,,true,,,false,Mammals of Myanmar: an annotated checklist,https://www.gbif.org/dataset/0837bd43-fa3c-4a68-b257-81cb7c234e44,2024,Hipposideros larvatus,exact,ASM Mammal Diversity Database v2.5 (2026)
miniopterus_magnater,Miniopterus magnater,Miniopterus magnater,Large Long-fingered Bat,Chiroptera,Miniopteridae,Miniopterus,magnater,species,false,true,,,,,true,,,false,Mammals of Myanmar: an annotated checklist,https://www.gbif.org/dataset/0837bd43-fa3c-4a68-b257-81cb7c234e44,2024,Miniopterus magnater,exact,ASM Mammal Diversity Database v2.5 (2026)
mops_plicatus,Mops plicatus,Mops plicatus,Wrinkle-lipped Free-tailed Bat,Chiroptera,Molossidae,Mops,plicatus,species,false,true,,,,,true,,,false,Mammals of Myanmar: an annotated checklist,https://www.gbif.org/dataset/0837bd43-fa3c-4a68-b257-81cb7c234e44,2024,Mops plicatus,exact,ASM Mammal Diversity Database v2.5 (2026)
saccolaimus_saccolaimus,Saccolaimus saccolaimus,Saccolaimus saccolaimus,Bare-rumped Sheath-tailed Bat,Chiroptera,Emballonuridae,Saccolaimus,saccolaimus,species,false,true,,,,,true,,,false,Mammals of Myanmar: an annotated checklist,https://www.gbif.org/dataset/0837bd43-fa3c-4a68-b257-81cb7c234e44,2024,Saccolaimus saccolaimus,exact,ASM Mammal Diversity Database v2.5 (2026)
emballonura_monticola,Emballonura monticola,Emballonura monticola,Lesser Sheath-tailed Bat,Chiroptera,Emballonuridae,Emballonura,monticola,species,false,true,,,,,true,,,false,Mammals of Myanmar: an annotated checklist,https://www.gbif.org/dataset/0837bd43-fa3c-4a68-b257-81cb7c234e44,2024,Emballonura monticola,exact,ASM Mammal Diversity Database v2.5 (2026)
taphozous_longimanus,Taphozous longimanus,Taphozous longimanus,Long-winged Sheath-tailed Bat,Chiroptera,Emballonuridae,Taphozous,longimanus,species,false,true,,,,,true,,,false,Mammals of Myanmar: an annotated checklist,https://www.gbif.org/dataset/0837bd43-fa3c-4a68-b257-81cb7c234e44,2024,Taphozous longimanus,exact,ASM Mammal Diversity Database v2.5 (2026)
taphozous_melanopogon,Taphozous melanopogon,Taphozous melanopogon,Black-bearded Tomb Bat,Chiroptera,Emballonuridae,Taphozous,melanopogon,species,false,true,,,,,true,,,false,Mammals of Myanmar: an annotated checklist,https://www.gbif.org/dataset/0837bd43-fa3c-4a68-b257-81cb7c234e44,2024,Taphozous melanopogon,exact,ASM Mammal Diversity Database v2.5 (2026)
taphozous_theobaldi,Taphozous theobaldi,Taphozous theobaldi,Theobald's Tomb Bat,Chiroptera,Emballonuridae,Taphozous,theobaldi,species,false,true,,,,,true,,,false,Mammals of Myanmar: an annotated checklist,https://www.gbif.org/dataset/0837bd43-fa3c-4a68-b257-81cb7c234e44,2024,Taphozous theobaldi,exact,ASM Mammal Diversity Database v2.5 (2026)
tadarida_teniotis,Tadarida teniotis,Tadarida teniotis,European Free-tailed Bat,Chiroptera,Molossidae,Tadarida,teniotis,species,false,true,,,,,true,,,false,Mammals of Myanmar: an annotated checklist,https://www.gbif.org/dataset/0837bd43-fa3c-4a68-b257-81cb7c234e44,2024,Tadarida teniotis,exact,ASM Mammal Diversity Database v2.5 (2026)
nycteris_tragata,Nycteris tragata,Nycteris tragata,Malayan Slit-faced Bat,Chiroptera,Nycteridae,Nycteris,tragata,species,false,true,,,,,true,,,false,Mammals of Myanmar: an annotated checklist,https://www.gbif.org/dataset/0837bd43-fa3c-4a68-b257-81cb7c234e44,2024,Nycteris tragata,exact,ASM Mammal Diversity Database v2.5 (2026)
taphozous_nudiventris,Taphozous nudiventris,Taphozous nudiventris,Naked-rumped Tomb Bat,Chiroptera,Emballonuridae,Taphozous,nudiventris,species,false,true,,,,,true,,,false,Mammals of Myanmar: an annotated checklist,https://www.gbif.org/dataset/0837bd43-fa3c-4a68-b257-81cb7c234e44,2024,Taphozous nudiventris,exact,ASM Mammal Diversity Database v2.5 (2026)
miniopterus_fuliginosus,Miniopterus fuliginosus,Miniopterus fuliginosus,Asian Long-fingered Bat,Chiroptera,Miniopteridae,Miniopterus,fuliginosus,species,false,true,,,,,true,,,false,Mammals of Myanmar: an annotated checklist,https://www.gbif.org/dataset/0837bd43-fa3c-4a68-b257-81cb7c234e44,2024,Miniopterus fuliginosus,exact,ASM Mammal Diversity Database v2.5 (2026)
hypsugo_affinis,Hypsugo affinis,Hypsugo affinis,Chocolate Pipistrelle,Chiroptera,Vespertilionidae,Hypsugo,affinis,species,false,true,,,,,true,,,false,Mammals of Myanmar: an annotated checklist,https://www.gbif.org/dataset/0837bd43-fa3c-4a68-b257-81cb7c234e44,2024,Hypsugo affinis,exact,ASM Mammal Diversity Database v2.5 (2026)
hypsugo_cadornae,Hypsugo cadornae,Hypsugo cadornae,Cadorna's Pipistrelle,Chiroptera,Vespertilionidae,Hypsugo,cadornae,species,false,true,,,,,true,,,false,Mammals of Myanmar: an annotated checklist,https://www.gbif.org/dataset/0837bd43-fa3c-4a68-b257-81cb7c234e44,2024,Hypsugo cadornae,exact,ASM Mammal Diversity Database v2.5 (2026)
arielulus_circumdatus,Arielulus circumdatus,Arielulus circumdatus,Bronze Sprite,Chiroptera,Vespertilionidae,Arielulus,circumdatus,species,false,true,,,,,true,,,false,Mammals of Myanmar: an annotated checklist,https://www.gbif.org/dataset/0837bd43-fa3c-4a68-b257-81cb7c234e44,2024,Arielulus circumdatus,exact,ASM Mammal Diversity Database v2.5 (2026)
eptesicus_pachyotis,Eptesicus pachyotis,Eptesicus pachyotis,,Chiroptera,Vespertilionidae,Eptesicus,pachyotis,species,false,true,,,,,true,,,false,Mammals of Myanmar: an annotated checklist,https://www.gbif.org/dataset/0837bd43-fa3c-4a68-b257-81cb7c234e44,2024,,genus_family_only,ASM Mammal Diversity Database v2.5 (2026)
glischropus_bucephalus,Glischropus bucephalus,Glischropus bucephalus,Indochinese Thick-thumbed Bat,Chiroptera,Vespertilionidae,Glischropus,bucephalus,species,false,true,,,,,true,,,false,Mammals of Myanmar: an annotated checklist,https://www.gbif.org/dataset/0837bd43-fa3c-4a68-b257-81cb7c234e44,2024,Glischropus bucephalus,exact,ASM Mammal Diversity Database v2.5 (2026)
hypsugo_dolichodon,Hypsugo dolichodon,Hypsugo dolichodon,Long-toothed Pipistrelle,Chiroptera,Vespertilionidae,Hypsugo,dolichodon,species,false,true,,,,,true,,,false,Mammals of Myanmar: an annotated checklist,https://www.gbif.org/dataset/0837bd43-fa3c-4a68-b257-81cb7c234e44,2024,Hypsugo dolichodon,exact,ASM Mammal Diversity Database v2.5 (2026)
miniopterus_pusillus,Miniopterus pusillus,Miniopterus pusillus,Small Long-fingered Bat,Chiroptera,Miniopteridae,Miniopterus,pusillus,species,false,true,,,,,true,,,false,Mammals of Myanmar: an annotated checklist,https://www.gbif.org/dataset/0837bd43-fa3c-4a68-b257-81cb7c234e44,2024,Miniopterus pusillus,exact,ASM Mammal Diversity Database v2.5 (2026)
hesperoptenus_tickelli,Hesperoptenus tickelli,Hesperoptenus tickelli,Tickell's False Serotine,Chiroptera,Vespertilionidae,Hesperoptenus,tickelli,species,false,true,,,,,true,,,false,Mammals of Myanmar: an annotated checklist,https://www.gbif.org/dataset/0837bd43-fa3c-4a68-b257-81cb7c234e44,2024,Hesperoptenus tickelli,exact,ASM Mammal Diversity Database v2.5 (2026)
hesperoptenus_blanfordi,Hesperoptenus blanfordi,Hesperoptenus blanfordi,Blanford's False Serotine,Chiroptera,Vespertilionidae,Hesperoptenus,blanfordi,species,false,true,,,,,true,,,false,Mammals of Myanmar: an annotated checklist,https://www.gbif.org/dataset/0837bd43-fa3c-4a68-b257-81cb7c234e44,2024,Hesperoptenus blanfordi,exact,ASM Mammal Diversity Database v2.5 (2026)
hypsugo_lophurus,Hypsugo lophurus,Hypsugo lophurus,Burmese Pipistrelle,Chiroptera,Vespertilionidae,Hypsugo,lophurus,species,false,true,,,,,true,,,false,Mammals of Myanmar: an annotated checklist,https://www.gbif.org/dataset/0837bd43-fa3c-4a68-b257-81cb7c234e44,2024,Hypsugo lophurus,exact,ASM Mammal Diversity Database v2.5 (2026)
pipistrellus_abramus,Pipistrellus abramus,Pipistrellus abramus,,Chiroptera,Vespertilionidae,Pipistrellus,abramus,species,false,true,,,,,true,,,false,Mammals of Myanmar: an annotated checklist,https://www.gbif.org/dataset/0837bd43-fa3c-4a68-b257-81cb7c234e44,2024,,genus_family_only,ASM Mammal Diversity Database v2.5 (2026)
pipistrellus_ceylonicus,Pipistrellus ceylonicus,Pipistrellus ceylonicus,,Chiroptera,Vespertilionidae,Pipistrellus,ceylonicus,species,false,true,,,,,true,,,false,Mammals of Myanmar: an annotated checklist,https://www.gbif.org/dataset/0837bd43-fa3c-4a68-b257-81cb7c234e44,2024,,genus_family_only,ASM Mammal Diversity Database v2.5 (2026)
nyctalus_noctula,Nyctalus noctula,Nyctalus noctula,Common Noctule,Chiroptera,Vespertilionidae,Nyctalus,noctula,species,false,true,,,,,true,,,false,Mammals of Myanmar: an annotated checklist,https://www.gbif.org/dataset/0837bd43-fa3c-4a68-b257-81cb7c234e44,2024,Nyctalus noctula,exact,ASM Mammal Diversity Database v2.5 (2026)
pipistrellus_javanicus,Pipistrellus javanicus,Pipistrellus javanicus,,Chiroptera,Vespertilionidae,Pipistrellus,javanicus,species,false,true,,,,,true,,,false,Mammals of Myanmar: an annotated checklist,https://www.gbif.org/dataset/0837bd43-fa3c-4a68-b257-81cb7c234e44,2024,,genus_family_only,ASM Mammal Diversity Database v2.5 (2026)
pipistrellus_coromandra,Pipistrellus coromandra,Pipistrellus coromandra,,Chiroptera,Vespertilionidae,Pipistrellus,coromandra,species,false,true,,,,,true,,,false,Mammals of Myanmar: an annotated checklist,https://www.gbif.org/dataset/0837bd43-fa3c-4a68-b257-81cb7c234e44,2024,,genus_family_only,ASM Mammal Diversity Database v2.5 (2026)
ia_io,Ia io,Ia io,Great Evening Bat,Chiroptera,Vespertilionidae,Ia,io,species,false,true,,,,,true,,,false,Mammals of Myanmar: an annotated checklist,https://www.gbif.org/dataset/0837bd43-fa3c-4a68-b257-81cb7c234e44,2024,Ia io,exact,ASM Mammal Diversity Database v2.5 (2026)
mirostrellus_joffrei,Mirostrellus joffrei,Mirostrellus joffrei,Joffre's Bat,Chiroptera,Vespertilionidae,Mirostrellus,joffrei,species,false,true,,,,,true,,,false,Mammals of Myanmar: an annotated checklist,https://www.gbif.org/dataset/0837bd43-fa3c-4a68-b257-81cb7c234e44,2024,Mirostrellus joffrei,exact,ASM Mammal Diversity Database v2.5 (2026)
hypsugo_pulveratus,Hypsugo pulveratus,Hypsugo pulveratus,Chinese Pipistrelle,Chiroptera,Vespertilionidae,Hypsugo,pulveratus,species,false,true,,,,,true,,,false,Mammals of Myanmar: an annotated checklist,https://www.gbif.org/dataset/0837bd43-fa3c-4a68-b257-81cb7c234e44,2024,Hypsugo pulveratus,exact,ASM Mammal Diversity Database v2.5 (2026)
scotophilus_kuhlii,Scotophilus kuhlii,Scotophilus kuhlii,Lesser Asian Yellow Bat,Chiroptera,Vespertilionidae,Scotophilus,kuhlii,species,false,true,,,,,true,,,false,Mammals of Myanmar: an annotated checklist,https://www.gbif.org/dataset/0837bd43-fa3c-4a68-b257-81cb7c234e44,2024,Scotophilus kuhlii,exact,ASM Mammal Diversity Database v2.5 (2026)
tylonycteris_malayana,Tylonycteris malayana,Tylonycteris malayana,Malayan Greater Bamboo Bat,Chiroptera,Vespertilionidae,Tylonycteris,malayana,species,false,true,,,,,true,,,false,Mammals of Myanmar: an annotated checklist,https://www.gbif.org/dataset/0837bd43-fa3c-4a68-b257-81cb7c234e44,2024,Tylonycteris malayana,exact,ASM Mammal Diversity Database v2.5 (2026)
pipistrellus_paterculus,Pipistrellus paterculus,Pipistrellus paterculus,,Chiroptera,Vespertilionidae,Pipistrellus,paterculus,species,false,true,,,,,true,,,false,Mammals of Myanmar: an annotated checklist,https://www.gbif.org/dataset/0837bd43-fa3c-4a68-b257-81cb7c234e44,2024,,genus_family_only,ASM Mammal Diversity Database v2.5 (2026)
scotophilus_heathii,Scotophilus heathii,Scotophilus heathii,Greater Asian Yellow Bat,Chiroptera,Vespertilionidae,Scotophilus,heathii,species,false,true,,,,,true,,,false,Mammals of Myanmar: an annotated checklist,https://www.gbif.org/dataset/0837bd43-fa3c-4a68-b257-81cb7c234e44,2024,Scotophilus heathii,exact,ASM Mammal Diversity Database v2.5 (2026)
pipistrellus_tenuis,Pipistrellus tenuis,Pipistrellus tenuis,,Chiroptera,Vespertilionidae,Pipistrellus,tenuis,species,false,true,,,,,true,,,false,Mammals of Myanmar: an annotated checklist,https://www.gbif.org/dataset/0837bd43-fa3c-4a68-b257-81cb7c234e44,2024,,genus_family_only,ASM Mammal Diversity Database v2.5 (2026)
tylonycteris_fulvida,Tylonycteris fulvida,Tylonycteris fulvida,Indomalayan Lesser Bamboo Bat,Chiroptera,Vespertilionidae,Tylonycteris,fulvida,species,false,true,,,,,true,,,false,Mammals of Myanmar: an annotated checklist,https://www.gbif.org/dataset/0837bd43-fa3c-4a68-b257-81cb7c234e44,2024,Tylonycteris fulvida,exact,ASM Mammal Diversity Database v2.5 (2026)
scotomanes_ornatus,Scotomanes ornatus,Scotomanes ornatus,Harlequin Bat,Chiroptera,Vespertilionidae,Scotomanes,ornatus,species,false,true,,,,,true,,,false,Mammals of Myanmar: an annotated checklist,https://www.gbif.org/dataset/0837bd43-fa3c-4a68-b257-81cb7c234e44,2024,Scotomanes ornatus,exact,ASM Mammal Diversity Database v2.5 (2026)
kerivoula_depressa,Kerivoula depressa,Kerivoula depressa,Flat-skulled Woolly Bat,Chiroptera,Vespertilionidae,Kerivoula,depressa,species,false,true,,,,,true,,,false,Mammals of Myanmar: an annotated checklist,https://www.gbif.org/dataset/0837bd43-fa3c-4a68-b257-81cb7c234e44,2024,Kerivoula depressa,exact,ASM Mammal Diversity Database v2.5 (2026)
phoniscus_jagorii,Phoniscus jagorii,Phoniscus jagorii,Peters's Trumpet-eared Bat,Chiroptera,Vespertilionidae,Phoniscus,jagorii,species,false,true,,,,,true,,,false,Mammals of Myanmar: an annotated checklist,https://www.gbif.org/dataset/0837bd43-fa3c-4a68-b257-81cb7c234e44,2024,Phoniscus jagorii,exact,ASM Mammal Diversity Database v2.5 (2026)
murina_feae,Murina feae,Murina feae,Fea's Tube-nosed Bat,Chiroptera,Vespertilionidae,Murina,feae,species,false,true,,,,,true,,,false,Mammals of Myanmar: an annotated checklist,https://www.gbif.org/dataset/0837bd43-fa3c-4a68-b257-81cb7c234e44,2024,Murina feae,exact,ASM Mammal Diversity Database v2.5 (2026)
harpiocephalus_harpia,Harpiocephalus harpia,Harpiocephalus harpia,Hairy-winged Bat,Chiroptera,Vespertilionidae,Harpiocephalus,harpia,species,false,true,,,,,true,,,false,Mammals of Myanmar: an annotated checklist,https://www.gbif.org/dataset/0837bd43-fa3c-4a68-b257-81cb7c234e44,2024,Harpiocephalus harpia,exact,ASM Mammal Diversity Database v2.5 (2026)
murina_cyclotis,Murina cyclotis,Murina cyclotis,Round-eared Tube-nosed Bat,Chiroptera,Vespertilionidae,Murina,cyclotis,species,false,true,,,,,true,,,false,Mammals of Myanmar: an annotated checklist,https://www.gbif.org/dataset/0837bd43-fa3c-4a68-b257-81cb7c234e44,2024,Murina cyclotis,exact,ASM Mammal Diversity Database v2.5 (2026)
murina_eleryi,Murina eleryi,Murina eleryi,Elery's Tube-nosed Bat,Chiroptera,Vespertilionidae,Murina,eleryi,species,false,true,,,,,true,,,false,Mammals of Myanmar: an annotated checklist,https://www.gbif.org/dataset/0837bd43-fa3c-4a68-b257-81cb7c234e44,2024,Murina eleryi,exact,ASM Mammal Diversity Database v2.5 (2026)
kerivoula_furva,Kerivoula furva,Kerivoula furva,Dark Woolly Bat,Chiroptera,Vespertilionidae,Kerivoula,furva,species,false,true,,,,,true,,,false,Mammals of Myanmar: an annotated checklist,https://www.gbif.org/dataset/0837bd43-fa3c-4a68-b257-81cb7c234e44,2024,Kerivoula furva,exact,ASM Mammal Diversity Database v2.5 (2026)
kerivoula_kachinensis,Kerivoula kachinensis,Kerivoula kachinensis,Kachin Woolly Bat,Chiroptera,Vespertilionidae,Kerivoula,kachinensis,species,false,true,,,,,true,,,false,Mammals of Myanmar: an annotated checklist,https://www.gbif.org/dataset/0837bd43-fa3c-4a68-b257-81cb7c234e44,2024,Kerivoula kachinensis,exact,ASM Mammal Diversity Database v2.5 (2026)
kerivoula_titania,Kerivoula titania,Kerivoula titania,Titania's Woolly Bat,Chiroptera,Vespertilionidae,Kerivoula,titania,species,false,true,,,,,true,,,false,Mammals of Myanmar: an annotated checklist,https://www.gbif.org/dataset/0837bd43-fa3c-4a68-b257-81cb7c234e44,2024,Kerivoula titania,exact,ASM Mammal Diversity Database v2.5 (2026)
kerivoula_picta,Kerivoula picta,Kerivoula picta,Painted Woolly Bat,Chiroptera,Vespertilionidae,Kerivoula,picta,species,false,true,,,,,true,,,false,Mammals of Myanmar: an annotated checklist,https://www.gbif.org/dataset/0837bd43-fa3c-4a68-b257-81cb7c234e44,2024,Kerivoula picta,exact,ASM Mammal Diversity Database v2.5 (2026)
kerivoula_hardwickii,Kerivoula hardwickii,Kerivoula hardwickii,Hardwicke's Woolly Bat,Chiroptera,Vespertilionidae,Kerivoula,hardwickii,species,false,true,,,,,true,,,false,Mammals of Myanmar: an annotated checklist,https://www.gbif.org/dataset/0837bd43-fa3c-4a68-b257-81cb7c234e44,2024,Kerivoula hardwickii,exact,ASM Mammal Diversity Database v2.5 (2026)
myotis_chinensis,Myotis chinensis,Myotis chinensis,Large Myotis,Chiroptera,Vespertilionidae,Myotis,chinensis,species,false,true,,,,,true,,,false,Mammals of Myanmar: an annotated checklist,https://www.gbif.org/dataset/0837bd43-fa3c-4a68-b257-81cb7c234e44,2024,Myotis chinensis,exact,ASM Mammal Diversity Database v2.5 (2026)
myotis_hasseltii,Myotis hasseltii,Myotis hasseltii,Lesser Large-footed Myotis,Chiroptera,Vespertilionidae,Myotis,hasseltii,species,false,true,,,,,true,,,false,Mammals of Myanmar: an annotated checklist,https://www.gbif.org/dataset/0837bd43-fa3c-4a68-b257-81cb7c234e44,2024,Myotis hasseltii,exact,ASM Mammal Diversity Database v2.5 (2026)
murina_harrisoni,Murina harrisoni,Murina harrisoni,Harrison's Tube-nosed Bat,Chiroptera,Vespertilionidae,Murina,harrisoni,species,false,true,,,,,true,,,false,Mammals of Myanmar: an annotated checklist,https://www.gbif.org/dataset/0837bd43-fa3c-4a68-b257-81cb7c234e44,2024,Murina harrisoni,exact,ASM Mammal Diversity Database v2.5 (2026)
murina_hkakaboraziensis,Murina hkakaboraziensis,Murina hkakaboraziensis,Hkakabo Razi Tube-nosed Bat,Chiroptera,Vespertilionidae,Murina,hkakaboraziensis,species,false,true,,,,,true,,,false,Mammals of Myanmar: an annotated checklist,https://www.gbif.org/dataset/0837bd43-fa3c-4a68-b257-81cb7c234e44,2024,Murina hkakaboraziensis,exact,ASM Mammal Diversity Database v2.5 (2026)
eudiscopus_denticulus,Eudiscopus denticulus,Eudiscopus denticulus,Disk-footed Bat,Chiroptera,Vespertilionidae,Eudiscopus,denticulus,species,false,true,,,,,true,,,false,Mammals of Myanmar: an annotated checklist,https://www.gbif.org/dataset/0837bd43-fa3c-4a68-b257-81cb7c234e44,2024,Eudiscopus denticulus,exact,ASM Mammal Diversity Database v2.5 (2026)
myotis_horsfieldii,Myotis horsfieldii,Myotis horsfieldii,Horsfield's Myotis,Chiroptera,Vespertilionidae,Myotis,horsfieldii,species,false,true,,,,,true,,,false,Mammals of Myanmar: an annotated checklist,https://www.gbif.org/dataset/0837bd43-fa3c-4a68-b257-81cb7c234e44,2024,Myotis horsfieldii,exact,ASM Mammal Diversity Database v2.5 (2026)
murina_jaintiana,Murina jaintiana,Murina jaintiana,Jaintia Tube-nosed Bat,Chiroptera,Vespertilionidae,Murina,jaintiana,species,false,true,,,,,true,,,false,Mammals of Myanmar: an annotated checklist,https://www.gbif.org/dataset/0837bd43-fa3c-4a68-b257-81cb7c234e44,2024,Murina jaintiana,exact,ASM Mammal Diversity Database v2.5 (2026)
murina_pluvialis,Murina pluvialis,Murina pluvialis,Rainforest Tube-nosed Bat,Chiroptera,Vespertilionidae,Murina,pluvialis,species,false,true,,,,,true,,,false,Mammals of Myanmar: an annotated checklist,https://www.gbif.org/dataset/0837bd43-fa3c-4a68-b257-81cb7c234e44,2024,Murina pluvialis,exact,ASM Mammal Diversity Database v2.5 (2026)
murina_huttoni,Murina huttoni,Murina huttoni,,Chiroptera,Vespertilionidae,Murina,huttoni,species,false,true,,,,,true,,,false,Mammals of Myanmar: an annotated checklist,https://www.gbif.org/dataset/0837bd43-fa3c-4a68-b257-81cb7c234e44,2024,,genus_family_only,ASM Mammal Diversity Database v2.5 (2026)
manis_javanica,Manis javanica,Manis javanica,Sunda Pangolin,Pholidota,Manidae,Manis,javanica,species,false,true,,,,,true,,,false,Mammals of Myanmar: an annotated checklist,https://www.gbif.org/dataset/0837bd43-fa3c-4a68-b257-81cb7c234e44,2024,Manis javanica,exact,ASM Mammal Diversity Database v2.5 (2026)
myotis_siligorensis,Myotis siligorensis,Myotis siligorensis,Himalayan Whiskered Myotis,Chiroptera,Vespertilionidae,Myotis,siligorensis,species,false,true,,,,,true,,,false,Mammals of Myanmar: an annotated checklist,https://www.gbif.org/dataset/0837bd43-fa3c-4a68-b257-81cb7c234e44,2024,Myotis siligorensis,exact,ASM Mammal Diversity Database v2.5 (2026)
myotis_mystacinus,Myotis mystacinus,Myotis mystacinus,Common Whiskered Myotis,Chiroptera,Vespertilionidae,Myotis,mystacinus,species,false,true,,,,,true,,,false,Mammals of Myanmar: an annotated checklist,https://www.gbif.org/dataset/0837bd43-fa3c-4a68-b257-81cb7c234e44,2024,Myotis mystacinus,exact,ASM Mammal Diversity Database v2.5 (2026)
myotis_muricola,Myotis muricola,Myotis muricola,Nepalese Whiskered Myotis,Chiroptera,Vespertilionidae,Myotis,muricola,species,false,true,,,,,true,,,false,Mammals of Myanmar: an annotated checklist,https://www.gbif.org/dataset/0837bd43-fa3c-4a68-b257-81cb7c234e44,2024,Myotis muricola,exact,ASM Mammal Diversity Database v2.5 (2026)
catopuma_temminckii,Catopuma temminckii,Catopuma temminckii,Asian Golden Cat,Carnivora,Felidae,Catopuma,temminckii,species,false,true,,,,,true,,,false,Mammals of Myanmar: an annotated checklist,https://www.gbif.org/dataset/0837bd43-fa3c-4a68-b257-81cb7c234e44,2024,Catopuma temminckii,exact,ASM Mammal Diversity Database v2.5 (2026)
myotis_montivagus,Myotis montivagus,Myotis montivagus,Burmese Whiskered Myotis,Chiroptera,Vespertilionidae,Myotis,montivagus,species,false,true,,,,,true,,,false,Mammals of Myanmar: an annotated checklist,https://www.gbif.org/dataset/0837bd43-fa3c-4a68-b257-81cb7c234e44,2024,Myotis montivagus,exact,ASM Mammal Diversity Database v2.5 (2026)
manis_pentadactyla,Manis pentadactyla,Manis pentadactyla,Short-tailed Pangolin,Pholidota,Manidae,Manis,pentadactyla,species,false,true,,,,,true,,,false,Mammals of Myanmar: an annotated checklist,https://www.gbif.org/dataset/0837bd43-fa3c-4a68-b257-81cb7c234e44,2024,Manis pentadactyla,exact,ASM Mammal Diversity Database v2.5 (2026)
pardofelis_marmorata,Pardofelis marmorata,Pardofelis marmorata,Marbled Cat,Carnivora,Felidae,Pardofelis,marmorata,species,false,true,,,,,true,,,false,Mammals of Myanmar: an annotated checklist,https://www.gbif.org/dataset/0837bd43-fa3c-4a68-b257-81cb7c234e44,2024,Pardofelis marmorata,exact,ASM Mammal Diversity Database v2.5 (2026)
felis_chaus,Felis chaus,Felis chaus,Jungle Cat,Carnivora,Felidae,Felis,chaus,species,false,true,,,,,true,,,false,Mammals of Myanmar: an annotated checklist,https://www.gbif.org/dataset/0837bd43-fa3c-4a68-b257-81cb7c234e44,2024,Felis chaus,exact,ASM Mammal Diversity Database v2.5 (2026)
panthera_tigris,Panthera tigris,Panthera tigris,Tiger,Carnivora,Felidae,Panthera,tigris,species,false,true,,,,,true,,,false,Mammals of Myanmar: an annotated checklist,https://www.gbif.org/dataset/0837bd43-fa3c-4a68-b257-81cb7c234e44,2024,Panthera tigris,exact,ASM Mammal Diversity Database v2.5 (2026)
prionodon_linsang,Prionodon linsang,Prionodon linsang,Banded Linsang,Carnivora,Prionodontidae,Prionodon,linsang,species,false,true,,,,,true,,,false,Mammals of Myanmar: an annotated checklist,https://www.gbif.org/dataset/0837bd43-fa3c-4a68-b257-81cb7c234e44,2024,Prionodon linsang,exact,ASM Mammal Diversity Database v2.5 (2026)
prionailurus_viverrinus,Prionailurus viverrinus,Prionailurus viverrinus,Fishing Cat,Carnivora,Felidae,Prionailurus,viverrinus,species,false,true,,,,,true,,,false,Mammals of Myanmar: an annotated checklist,https://www.gbif.org/dataset/0837bd43-fa3c-4a68-b257-81cb7c234e44,2024,Prionailurus viverrinus,exact,ASM Mammal Diversity Database v2.5 (2026)
neofelis_nebulosa,Neofelis nebulosa,Neofelis nebulosa,Mainland Clouded Leopard,Carnivora,Felidae,Neofelis,nebulosa,species,false,true,,,,,true,,,false,Mammals of Myanmar: an annotated checklist,https://www.gbif.org/dataset/0837bd43-fa3c-4a68-b257-81cb7c234e44,2024,Neofelis nebulosa,exact,ASM Mammal Diversity Database v2.5 (2026)
panthera_pardus,Panthera pardus,Panthera pardus,Leopard,Carnivora,Felidae,Panthera,pardus,species,false,true,,,,,true,,,false,Mammals of Myanmar: an annotated checklist,https://www.gbif.org/dataset/0837bd43-fa3c-4a68-b257-81cb7c234e44,2024,Panthera pardus,exact,ASM Mammal Diversity Database v2.5 (2026)
prionailurus_bengalensis,Prionailurus bengalensis,Prionailurus bengalensis,Mainland Leopard Cat,Carnivora,Felidae,Prionailurus,bengalensis,species,false,true,,,,,true,,,false,Mammals of Myanmar: an annotated checklist,https://www.gbif.org/dataset/0837bd43-fa3c-4a68-b257-81cb7c234e44,2024,Prionailurus bengalensis,exact,ASM Mammal Diversity Database v2.5 (2026)
arctictis_binturong,Arctictis binturong,Arctictis binturong,Binturong,Carnivora,Viverridae,Arctictis,binturong,species,false,true,,,,,true,,,false,Mammals of Myanmar: an annotated checklist,https://www.gbif.org/dataset/0837bd43-fa3c-4a68-b257-81cb7c234e44,2024,Arctictis binturong,exact,ASM Mammal Diversity Database v2.5 (2026)
viverra_megaspila,Viverra megaspila,Viverra megaspila,Large-spotted Civet,Carnivora,Viverridae,Viverra,megaspila,species,false,true,,,,,true,,,false,Mammals of Myanmar: an annotated checklist,https://www.gbif.org/dataset/0837bd43-fa3c-4a68-b257-81cb7c234e44,2024,Viverra megaspila,exact,ASM Mammal Diversity Database v2.5 (2026)
paradoxurus_musangus,Paradoxurus musangus,Paradoxurus musangus,,Carnivora,Viverridae,Paradoxurus,musangus,species,false,true,,,,,true,,,false,Mammals of Myanmar: an annotated checklist,https://www.gbif.org/dataset/0837bd43-fa3c-4a68-b257-81cb7c234e44,2024,,genus_family_only,ASM Mammal Diversity Database v2.5 (2026)
arctogalidia_trivirgata,Arctogalidia trivirgata,Arctogalidia trivirgata,Small-toothed Palm Civet,Carnivora,Viverridae,Arctogalidia,trivirgata,species,false,true,,,,,true,,,false,Mammals of Myanmar: an annotated checklist,https://www.gbif.org/dataset/0837bd43-fa3c-4a68-b257-81cb7c234e44,2024,Arctogalidia trivirgata,exact,ASM Mammal Diversity Database v2.5 (2026)
prionodon_pardicolor,Prionodon pardicolor,Prionodon pardicolor,Spotted Linsang,Carnivora,Prionodontidae,Prionodon,pardicolor,species,false,true,,,,,true,,,false,Mammals of Myanmar: an annotated checklist,https://www.gbif.org/dataset/0837bd43-fa3c-4a68-b257-81cb7c234e44,2024,Prionodon pardicolor,exact,ASM Mammal Diversity Database v2.5 (2026)
viverricula_indica,Viverricula indica,Viverricula indica,Small Indian Civet,Carnivora,Viverridae,Viverricula,indica,species,false,true,,,,,true,,,false,Mammals of Myanmar: an annotated checklist,https://www.gbif.org/dataset/0837bd43-fa3c-4a68-b257-81cb7c234e44,2024,Viverricula indica,exact,ASM Mammal Diversity Database v2.5 (2026)
paguma_larvata,Paguma larvata,Paguma larvata,Masked Palm Civet,Carnivora,Viverridae,Paguma,larvata,species,false,true,,,,,true,,,false,Mammals of Myanmar: an annotated checklist,https://www.gbif.org/dataset/0837bd43-fa3c-4a68-b257-81cb7c234e44,2024,Paguma larvata,exact,ASM Mammal Diversity Database v2.5 (2026)
hemigalus_derbyanus,Hemigalus derbyanus,Hemigalus derbyanus,Banded Palm Civet,Carnivora,Viverridae,Hemigalus,derbyanus,species,false,true,,,,,true,,,false,Mammals of Myanmar: an annotated checklist,https://www.gbif.org/dataset/0837bd43-fa3c-4a68-b257-81cb7c234e44,2024,Hemigalus derbyanus,exact,ASM Mammal Diversity Database v2.5 (2026)
urva_urva,Urva urva,Urva urva,Crab-eating Mongoose,Carnivora,Herpestidae,Urva,urva,species,false,true,,,,,true,,,false,Mammals of Myanmar: an annotated checklist,https://www.gbif.org/dataset/0837bd43-fa3c-4a68-b257-81cb7c234e44,2024,Urva urva,exact,ASM Mammal Diversity Database v2.5 (2026)
urva_auropunctata,Urva auropunctata,Urva auropunctata,Small Indian Mongoose,Carnivora,Herpestidae,Urva,auropunctata,species,false,true,,,,,true,,,false,Mammals of Myanmar: an annotated checklist,https://www.gbif.org/dataset/0837bd43-fa3c-4a68-b257-81cb7c234e44,2024,Urva auropunctata,exact,ASM Mammal Diversity Database v2.5 (2026)
viverra_zibetha,Viverra zibetha,Viverra zibetha,Large Indian Civet,Carnivora,Viverridae,Viverra,zibetha,species,false,true,,,,,true,,,false,Mammals of Myanmar: an annotated checklist,https://www.gbif.org/dataset/0837bd43-fa3c-4a68-b257-81cb7c234e44,2024,Viverra zibetha,exact,ASM Mammal Diversity Database v2.5 (2026)
urva_javanica,Urva javanica,Urva javanica,Javan Mongoose,Carnivora,Herpestidae,Urva,javanica,species,false,true,,,,,true,,,false,Mammals of Myanmar: an annotated checklist,https://www.gbif.org/dataset/0837bd43-fa3c-4a68-b257-81cb7c234e44,2024,Urva javanica,exact,ASM Mammal Diversity Database v2.5 (2026)
canis_lupus,Canis lupus,Canis lupus,Gray Wolf,Carnivora,Canidae,Canis,lupus,species,false,true,,,,,true,,,false,Mammals of Myanmar: an annotated checklist,https://www.gbif.org/dataset/0837bd43-fa3c-4a68-b257-81cb7c234e44,2024,Canis lupus,exact,ASM Mammal Diversity Database v2.5 (2026)
canis_aureus,Canis aureus,Canis aureus,Golden Jackal,Carnivora,Canidae,Canis,aureus,species,false,true,,,,,true,,,false,Mammals of Myanmar: an annotated checklist,https://www.gbif.org/dataset/0837bd43-fa3c-4a68-b257-81cb7c234e44,2024,Canis aureus,exact,ASM Mammal Diversity Database v2.5 (2026)
cuon_alpinus,Cuon alpinus,Cuon alpinus,Dhole,Carnivora,Canidae,Cuon,alpinus,species,false,true,,,,,true,,,false,Mammals of Myanmar: an annotated checklist,https://www.gbif.org/dataset/0837bd43-fa3c-4a68-b257-81cb7c234e44,2024,Cuon alpinus,exact,ASM Mammal Diversity Database v2.5 (2026)
vulpes_vulpes,Vulpes vulpes,Vulpes vulpes,Red Fox,Carnivora,Canidae,Vulpes,vulpes,species,false,true,,,,,true,,,false,Mammals of Myanmar: an annotated checklist,https://www.gbif.org/dataset/0837bd43-fa3c-4a68-b257-81cb7c234e44,2024,Vulpes vulpes,exact,ASM Mammal Diversity Database v2.5 (2026)
melogale_moschata,Melogale moschata,Melogale moschata,Small-toothed Ferret-badger,Carnivora,Mustelidae,Melogale,moschata,species,false,true,,,,,true,,,false,Mammals of Myanmar: an annotated checklist,https://www.gbif.org/dataset/0837bd43-fa3c-4a68-b257-81cb7c234e44,2024,Melogale moschata,exact,ASM Mammal Diversity Database v2.5 (2026)
aonyx_cinereus,Aonyx cinereus,Aonyx cinereus,Asian Small-clawed Otter,Carnivora,Mustelidae,Aonyx,cinereus,species,false,true,,,,,true,,Current MDD accepted name: Lutra cinerea; 2024 Myanmar checklist canonical name preserved.,false,Mammals of Myanmar: an annotated checklist,https://www.gbif.org/dataset/0837bd43-fa3c-4a68-b257-81cb7c234e44,2024,Lutra cinerea,accepted_name_alias,ASM Mammal Diversity Database v2.5 (2026)
melogale_personata,Melogale personata,Melogale personata,Large-toothed Ferret-badger,Carnivora,Mustelidae,Melogale,personata,species,false,true,,,,,true,,,false,Mammals of Myanmar: an annotated checklist,https://www.gbif.org/dataset/0837bd43-fa3c-4a68-b257-81cb7c234e44,2024,Melogale personata,exact,ASM Mammal Diversity Database v2.5 (2026)
ailurus_fulgens,Ailurus fulgens,Ailurus fulgens,Western Red Panda,Carnivora,Ailuridae,Ailurus,fulgens,species,false,true,,,,,true,,,false,Mammals of Myanmar: an annotated checklist,https://www.gbif.org/dataset/0837bd43-fa3c-4a68-b257-81cb7c234e44,2024,Ailurus fulgens,exact,ASM Mammal Diversity Database v2.5 (2026)
ursus_thibetanus,Ursus thibetanus,Ursus thibetanus,Asian Black Bear,Carnivora,Ursidae,Ursus,thibetanus,species,false,true,,,,,true,,,false,Mammals of Myanmar: an annotated checklist,https://www.gbif.org/dataset/0837bd43-fa3c-4a68-b257-81cb7c234e44,2024,Ursus thibetanus,exact,ASM Mammal Diversity Database v2.5 (2026)
helarctos_malayanus,Helarctos malayanus,Helarctos malayanus,Sun Bear,Carnivora,Ursidae,Helarctos,malayanus,species,false,true,,,,,true,,,false,Mammals of Myanmar: an annotated checklist,https://www.gbif.org/dataset/0837bd43-fa3c-4a68-b257-81cb7c234e44,2024,Helarctos malayanus,exact,ASM Mammal Diversity Database v2.5 (2026)
lutrogale_perspicillata,Lutrogale perspicillata,Lutrogale perspicillata,Smooth-coated Otter,Carnivora,Mustelidae,Lutrogale,perspicillata,species,false,true,,,,,true,,Current MDD accepted name: Lutra perspicillata; 2024 Myanmar checklist canonical name preserved.,false,Mammals of Myanmar: an annotated checklist,https://www.gbif.org/dataset/0837bd43-fa3c-4a68-b257-81cb7c234e44,2024,Lutra perspicillata,accepted_name_alias,ASM Mammal Diversity Database v2.5 (2026)
martes_flavigula,Martes flavigula,Martes flavigula,Yellow-throated Marten,Carnivora,Mustelidae,Martes,flavigula,species,false,true,,,,,true,,,false,Mammals of Myanmar: an annotated checklist,https://www.gbif.org/dataset/0837bd43-fa3c-4a68-b257-81cb7c234e44,2024,Martes flavigula,exact,ASM Mammal Diversity Database v2.5 (2026)
lutra_sumatrana,Lutra sumatrana,Lutra sumatrana,Hairy-nosed Otter,Carnivora,Mustelidae,Lutra,sumatrana,species,false,true,,,,,true,,,false,Mammals of Myanmar: an annotated checklist,https://www.gbif.org/dataset/0837bd43-fa3c-4a68-b257-81cb7c234e44,2024,Lutra sumatrana,exact,ASM Mammal Diversity Database v2.5 (2026)
martes_foina,Martes foina,Martes foina,Stone Marten,Carnivora,Mustelidae,Martes,foina,species,false,true,,,,,true,,,false,Mammals of Myanmar: an annotated checklist,https://www.gbif.org/dataset/0837bd43-fa3c-4a68-b257-81cb7c234e44,2024,Martes foina,exact,ASM Mammal Diversity Database v2.5 (2026)
arctonyx_albogularis,Arctonyx albogularis,Arctonyx albogularis,Northern Hog Badger,Carnivora,Mustelidae,Arctonyx,albogularis,species,false,true,,,,,true,,,false,Mammals of Myanmar: an annotated checklist,https://www.gbif.org/dataset/0837bd43-fa3c-4a68-b257-81cb7c234e44,2024,Arctonyx albogularis,exact,ASM Mammal Diversity Database v2.5 (2026)
arctonyx_collaris,Arctonyx collaris,Arctonyx collaris,Greater Hog Badger,Carnivora,Mustelidae,Arctonyx,collaris,species,false,true,,,,,true,,,false,Mammals of Myanmar: an annotated checklist,https://www.gbif.org/dataset/0837bd43-fa3c-4a68-b257-81cb7c234e44,2024,Arctonyx collaris,exact,ASM Mammal Diversity Database v2.5 (2026)
mustela_kathiah,Mustela kathiah,Mustela kathiah,Yellow-bellied Weasel,Carnivora,Mustelidae,Mustela,kathiah,species,false,true,,,,,true,,,false,Mammals of Myanmar: an annotated checklist,https://www.gbif.org/dataset/0837bd43-fa3c-4a68-b257-81cb7c234e44,2024,Mustela kathiah,exact,ASM Mammal Diversity Database v2.5 (2026)
lutra_lutra,Lutra lutra,Lutra lutra,Eurasian Otter,Carnivora,Mustelidae,Lutra,lutra,species,false,true,,,,,true,,,false,Mammals of Myanmar: an annotated checklist,https://www.gbif.org/dataset/0837bd43-fa3c-4a68-b257-81cb7c234e44,2024,Lutra lutra,exact,ASM Mammal Diversity Database v2.5 (2026)
mustela_strigidorsa,Mustela strigidorsa,Mustela strigidorsa,Back-striped Weasel,Carnivora,Mustelidae,Mustela,strigidorsa,species,false,true,,,,,true,,,false,Mammals of Myanmar: an annotated checklist,https://www.gbif.org/dataset/0837bd43-fa3c-4a68-b257-81cb7c234e44,2024,Mustela strigidorsa,exact,ASM Mammal Diversity Database v2.5 (2026)
sus_scrofa,Sus scrofa,Sus scrofa,Eurasian Wild Pig,Artiodactyla,Suidae,Sus,scrofa,species,false,true,,,,,true,,,false,Mammals of Myanmar: an annotated checklist,https://www.gbif.org/dataset/0837bd43-fa3c-4a68-b257-81cb7c234e44,2024,Sus scrofa,exact,ASM Mammal Diversity Database v2.5 (2026)
rhinoceros_unicornis,Rhinoceros unicornis,Rhinoceros unicornis,Greater One-horned Rhinoceros,Perissodactyla,Rhinocerotidae,Rhinoceros,unicornis,species,false,true,,,,,true,,,false,Mammals of Myanmar: an annotated checklist,https://www.gbif.org/dataset/0837bd43-fa3c-4a68-b257-81cb7c234e44,2024,Rhinoceros unicornis,exact,ASM Mammal Diversity Database v2.5 (2026)
rhinoceros_sondaicus,Rhinoceros sondaicus,Rhinoceros sondaicus,Lesser One-horned Rhinoceros,Perissodactyla,Rhinocerotidae,Rhinoceros,sondaicus,species,false,true,,,,,true,,,false,Mammals of Myanmar: an annotated checklist,https://www.gbif.org/dataset/0837bd43-fa3c-4a68-b257-81cb7c234e44,2024,Rhinoceros sondaicus,exact,ASM Mammal Diversity Database v2.5 (2026)
dicerorhinus_sumatrensis,Dicerorhinus sumatrensis,Dicerorhinus sumatrensis,Sumatran Rhinoceros,Perissodactyla,Rhinocerotidae,Dicerorhinus,sumatrensis,species,false,true,,,,,true,,,false,Mammals of Myanmar: an annotated checklist,https://www.gbif.org/dataset/0837bd43-fa3c-4a68-b257-81cb7c234e44,2024,Dicerorhinus sumatrensis,exact,ASM Mammal Diversity Database v2.5 (2026)
tapirus_indicus,Tapirus indicus,Tapirus indicus,Malayan Tapir,Perissodactyla,Tapiridae,Tapirus,indicus,species,false,true,,,,,true,,,false,Mammals of Myanmar: an annotated checklist,https://www.gbif.org/dataset/0837bd43-fa3c-4a68-b257-81cb7c234e44,2024,Tapirus indicus,exact,ASM Mammal Diversity Database v2.5 (2026)
mustela_sibirica,Mustela sibirica,Mustela sibirica,Siberian Weasel,Carnivora,Mustelidae,Mustela,sibirica,species,false,true,,,,,true,,,false,Mammals of Myanmar: an annotated checklist,https://www.gbif.org/dataset/0837bd43-fa3c-4a68-b257-81cb7c234e44,2024,Mustela sibirica,exact,ASM Mammal Diversity Database v2.5 (2026)
rucervus_eldii,Rucervus eldii,Rucervus eldii,Brow-antlered Deer,Artiodactyla,Cervidae,Rucervus,eldii,species,false,true,,,,,true,,,false,Mammals of Myanmar: an annotated checklist,https://www.gbif.org/dataset/0837bd43-fa3c-4a68-b257-81cb7c234e44,2024,Rucervus eldii,exact,ASM Mammal Diversity Database v2.5 (2026)
axis_porcinus,Axis porcinus,Axis porcinus,Hog Deer,Artiodactyla,Cervidae,Axis,porcinus,species,false,true,,,,,true,,,false,Mammals of Myanmar: an annotated checklist,https://www.gbif.org/dataset/0837bd43-fa3c-4a68-b257-81cb7c234e44,2024,Axis porcinus,exact,ASM Mammal Diversity Database v2.5 (2026)
moschus_fuscus,Moschus fuscus,Moschus fuscus,Black Musk-deer,Artiodactyla,Moschidae,Moschus,fuscus,species,false,true,,,,,true,,,false,Mammals of Myanmar: an annotated checklist,https://www.gbif.org/dataset/0837bd43-fa3c-4a68-b257-81cb7c234e44,2024,Moschus fuscus,exact,ASM Mammal Diversity Database v2.5 (2026)
tragulus_kanchil,Tragulus kanchil,Tragulus kanchil,Lesser Indo-Malayan Chevrotain,Artiodactyla,Tragulidae,Tragulus,kanchil,species,false,true,,,,,true,,,false,Mammals of Myanmar: an annotated checklist,https://www.gbif.org/dataset/0837bd43-fa3c-4a68-b257-81cb7c234e44,2024,Tragulus kanchil,exact,ASM Mammal Diversity Database v2.5 (2026)
tragulus_napu,Tragulus napu,Tragulus napu,Greater Indo-Malayan Chevrotain,Artiodactyla,Tragulidae,Tragulus,napu,species,false,true,,,,,true,,,false,Mammals of Myanmar: an annotated checklist,https://www.gbif.org/dataset/0837bd43-fa3c-4a68-b257-81cb7c234e44,2024,Tragulus napu,exact,ASM Mammal Diversity Database v2.5 (2026)
tragulus_williamsoni,Tragulus williamsoni,Tragulus williamsoni,Northern Chevrotain,Artiodactyla,Tragulidae,Tragulus,williamsoni,species,false,true,,,,,true,,,false,Mammals of Myanmar: an annotated checklist,https://www.gbif.org/dataset/0837bd43-fa3c-4a68-b257-81cb7c234e44,2024,Tragulus williamsoni,exact,ASM Mammal Diversity Database v2.5 (2026)
rusa_unicolor,Rusa unicolor,Rusa unicolor,Sambar,Artiodactyla,Cervidae,Rusa,unicolor,species,false,true,,,,,true,,,false,Mammals of Myanmar: an annotated checklist,https://www.gbif.org/dataset/0837bd43-fa3c-4a68-b257-81cb7c234e44,2024,Rusa unicolor,exact,ASM Mammal Diversity Database v2.5 (2026)
muntiacus_feae,Muntiacus feae,Muntiacus feae,Fea's Muntjac,Artiodactyla,Cervidae,Muntiacus,feae,species,false,true,,,,,true,,,false,Mammals of Myanmar: an annotated checklist,https://www.gbif.org/dataset/0837bd43-fa3c-4a68-b257-81cb7c234e44,2024,Muntiacus feae,exact,ASM Mammal Diversity Database v2.5 (2026)
muntiacus_gongshanensis,Muntiacus gongshanensis,Muntiacus gongshanensis,Gongshan Muntjac,Artiodactyla,Cervidae,Muntiacus,gongshanensis,species,false,true,,,,,true,,,false,Mammals of Myanmar: an annotated checklist,https://www.gbif.org/dataset/0837bd43-fa3c-4a68-b257-81cb7c234e44,2024,Muntiacus gongshanensis,exact,ASM Mammal Diversity Database v2.5 (2026)
muntiacus_vaginalis,Muntiacus vaginalis,Muntiacus vaginalis,Northern Red Muntjac,Artiodactyla,Cervidae,Muntiacus,vaginalis,species,false,true,,,,,true,,,false,Mammals of Myanmar: an annotated checklist,https://www.gbif.org/dataset/0837bd43-fa3c-4a68-b257-81cb7c234e44,2024,Muntiacus vaginalis,exact,ASM Mammal Diversity Database v2.5 (2026)
elaphodus_cephalophus,Elaphodus cephalophus,Elaphodus cephalophus,Tufted Deer,Artiodactyla,Cervidae,Elaphodus,cephalophus,species,false,true,,,,,true,,,false,Mammals of Myanmar: an annotated checklist,https://www.gbif.org/dataset/0837bd43-fa3c-4a68-b257-81cb7c234e44,2024,Elaphodus cephalophus,exact,ASM Mammal Diversity Database v2.5 (2026)
bos_gaurus,Bos gaurus,Bos gaurus,Gaur,Artiodactyla,Bovidae,Bos,gaurus,species,false,true,,,,,true,,,false,Mammals of Myanmar: an annotated checklist,https://www.gbif.org/dataset/0837bd43-fa3c-4a68-b257-81cb7c234e44,2024,Bos gaurus,exact,ASM Mammal Diversity Database v2.5 (2026)
muntiacus_putaoensis,Muntiacus putaoensis,Muntiacus putaoensis,Leaf Muntjac,Artiodactyla,Cervidae,Muntiacus,putaoensis,species,false,true,,,,,true,,,false,Mammals of Myanmar: an annotated checklist,https://www.gbif.org/dataset/0837bd43-fa3c-4a68-b257-81cb7c234e44,2024,Muntiacus putaoensis,exact,ASM Mammal Diversity Database v2.5 (2026)
capricornis_rubidus,Capricornis rubidus,Capricornis rubidus,Red Serow,Artiodactyla,Bovidae,Capricornis,rubidus,species,false,true,,,,,true,,,false,Mammals of Myanmar: an annotated checklist,https://www.gbif.org/dataset/0837bd43-fa3c-4a68-b257-81cb7c234e44,2024,Capricornis rubidus,exact,ASM Mammal Diversity Database v2.5 (2026)
budorcas_taxicolor,Budorcas taxicolor,Budorcas taxicolor,Himalayan Takin,Artiodactyla,Bovidae,Budorcas,taxicolor,species,false,true,,,,,true,,,false,Mammals of Myanmar: an annotated checklist,https://www.gbif.org/dataset/0837bd43-fa3c-4a68-b257-81cb7c234e44,2024,Budorcas taxicolor,exact,ASM Mammal Diversity Database v2.5 (2026)
bos_javanicus,Bos javanicus,Bos javanicus,Banteng,Artiodactyla,Bovidae,Bos,javanicus,species,false,true,,,,,true,,,false,Mammals of Myanmar: an annotated checklist,https://www.gbif.org/dataset/0837bd43-fa3c-4a68-b257-81cb7c234e44,2024,Bos javanicus,exact,ASM Mammal Diversity Database v2.5 (2026)
bubalus_arnee,Bubalus arnee,Bubalus arnee,Asian Wild Buffalo,Artiodactyla,Bovidae,Bubalus,arnee,species,false,true,,,,,true,,,false,Mammals of Myanmar: an annotated checklist,https://www.gbif.org/dataset/0837bd43-fa3c-4a68-b257-81cb7c234e44,2024,Bubalus arnee,exact,ASM Mammal Diversity Database v2.5 (2026)
naemorhedus_cranbrooki,Naemorhedus cranbrooki,Naemorhedus cranbrooki,Cranbrook's Goral,Artiodactyla,Bovidae,Naemorhedus,cranbrooki,species,false,true,,,,,true,,,false,Mammals of Myanmar: an annotated checklist,https://www.gbif.org/dataset/0837bd43-fa3c-4a68-b257-81cb7c234e44,2024,Naemorhedus cranbrooki,exact,ASM Mammal Diversity Database v2.5 (2026)
capricornis_milneedwardsi,Capricornis milneedwardsi,Capricornis milneedwardsi,,Artiodactyla,Bovidae,Capricornis,milneedwardsi,species,false,true,,,,,true,,,false,Mammals of Myanmar: an annotated checklist,https://www.gbif.org/dataset/0837bd43-fa3c-4a68-b257-81cb7c234e44,2024,,genus_family_only,ASM Mammal Diversity Database v2.5 (2026)
megaptera_novaeangliae,Megaptera novaeangliae,Megaptera novaeangliae,Humpback Whale,Artiodactyla,Balaenopteridae,Megaptera,novaeangliae,species,true,false,,,,,true,,,false,Mammals of Myanmar: an annotated checklist,https://www.gbif.org/dataset/0837bd43-fa3c-4a68-b257-81cb7c234e44,2024,Megaptera novaeangliae,exact,ASM Mammal Diversity Database v2.5 (2026)
balaenoptera_physalus,Balaenoptera physalus,Balaenoptera physalus,Fin Whale,Artiodactyla,Balaenopteridae,Balaenoptera,physalus,species,true,false,,,,,true,,,false,Mammals of Myanmar: an annotated checklist,https://www.gbif.org/dataset/0837bd43-fa3c-4a68-b257-81cb7c234e44,2024,Balaenoptera physalus,exact,ASM Mammal Diversity Database v2.5 (2026)
balaenoptera_omurai,Balaenoptera omurai,Balaenoptera omurai,Omura's Whale,Artiodactyla,Balaenopteridae,Balaenoptera,omurai,species,true,false,,,,,true,,,false,Mammals of Myanmar: an annotated checklist,https://www.gbif.org/dataset/0837bd43-fa3c-4a68-b257-81cb7c234e44,2024,Balaenoptera omurai,exact,ASM Mammal Diversity Database v2.5 (2026)
balaenoptera_edeni,Balaenoptera edeni,Balaenoptera edeni,Eden's Whale,Artiodactyla,Balaenopteridae,Balaenoptera,edeni,species,true,false,,,,,true,,,false,Mammals of Myanmar: an annotated checklist,https://www.gbif.org/dataset/0837bd43-fa3c-4a68-b257-81cb7c234e44,2024,Balaenoptera edeni,exact,ASM Mammal Diversity Database v2.5 (2026)
naemorhedus_griseus,Naemorhedus griseus,Naemorhedus griseus,Chinese Goral,Artiodactyla,Bovidae,Naemorhedus,griseus,species,false,true,,,,,true,,,false,Mammals of Myanmar: an annotated checklist,https://www.gbif.org/dataset/0837bd43-fa3c-4a68-b257-81cb7c234e44,2024,Naemorhedus griseus,exact,ASM Mammal Diversity Database v2.5 (2026)
balaenoptera_musculus,Balaenoptera musculus,Balaenoptera musculus,Blue Whale,Artiodactyla,Balaenopteridae,Balaenoptera,musculus,species,true,false,,,,,true,,,false,Mammals of Myanmar: an annotated checklist,https://www.gbif.org/dataset/0837bd43-fa3c-4a68-b257-81cb7c234e44,2024,Balaenoptera musculus,exact,ASM Mammal Diversity Database v2.5 (2026)
balaenoptera_borealis,Balaenoptera borealis,Balaenoptera borealis,Sei Whale,Artiodactyla,Balaenopteridae,Balaenoptera,borealis,species,true,false,,,,,true,,,false,Mammals of Myanmar: an annotated checklist,https://www.gbif.org/dataset/0837bd43-fa3c-4a68-b257-81cb7c234e44,2024,Balaenoptera borealis,exact,ASM Mammal Diversity Database v2.5 (2026)
naemorhedus_evansi,Naemorhedus evansi,Naemorhedus evansi,Burmese Goral,Artiodactyla,Bovidae,Naemorhedus,evansi,species,false,true,,,,,true,,,false,Mammals of Myanmar: an annotated checklist,https://www.gbif.org/dataset/0837bd43-fa3c-4a68-b257-81cb7c234e44,2024,Naemorhedus evansi,exact,ASM Mammal Diversity Database v2.5 (2026)
balaenoptera_acutorostrata,Balaenoptera acutorostrata,Balaenoptera acutorostrata,Common Minke Whale,Artiodactyla,Balaenopteridae,Balaenoptera,acutorostrata,species,true,false,,,,,true,,,false,Mammals of Myanmar: an annotated checklist,https://www.gbif.org/dataset/0837bd43-fa3c-4a68-b257-81cb7c234e44,2024,Balaenoptera acutorostrata,exact,ASM Mammal Diversity Database v2.5 (2026)
pseudois_nayaur,Pseudois nayaur,Pseudois nayaur,Blue Sheep,Artiodactyla,Bovidae,Pseudois,nayaur,species,false,true,,,,,true,,,false,Mammals of Myanmar: an annotated checklist,https://www.gbif.org/dataset/0837bd43-fa3c-4a68-b257-81cb7c234e44,2024,Pseudois nayaur,exact,ASM Mammal Diversity Database v2.5 (2026)
peponocephala_electra,Peponocephala electra,Peponocephala electra,Melon-headed Whale,Artiodactyla,Delphinidae,Peponocephala,electra,species,true,false,,,,,true,,,false,Mammals of Myanmar: an annotated checklist,https://www.gbif.org/dataset/0837bd43-fa3c-4a68-b257-81cb7c234e44,2024,Peponocephala electra,exact,ASM Mammal Diversity Database v2.5 (2026)
orcinus_orca,Orcinus orca,Orcinus orca,Common Killer Whale,Artiodactyla,Delphinidae,Orcinus,orca,species,true,false,,,,,true,,,false,Mammals of Myanmar: an annotated checklist,https://www.gbif.org/dataset/0837bd43-fa3c-4a68-b257-81cb7c234e44,2024,Orcinus orca,exact,ASM Mammal Diversity Database v2.5 (2026)
grampus_griseus,Grampus griseus,Grampus griseus,Risso's Dolphin,Artiodactyla,Delphinidae,Grampus,griseus,species,true,false,,,,,true,,,false,Mammals of Myanmar: an annotated checklist,https://www.gbif.org/dataset/0837bd43-fa3c-4a68-b257-81cb7c234e44,2024,Grampus griseus,exact,ASM Mammal Diversity Database v2.5 (2026)
globicephala_macrorhynchus,Globicephala macrorhynchus,Globicephala macrorhynchus,Short-finned Pilot Whale,Artiodactyla,Delphinidae,Globicephala,macrorhynchus,species,true,false,,,,,true,,,false,Mammals of Myanmar: an annotated checklist,https://www.gbif.org/dataset/0837bd43-fa3c-4a68-b257-81cb7c234e44,2024,Globicephala macrorhynchus,exact,ASM Mammal Diversity Database v2.5 (2026)
feresa_attenuata,Feresa attenuata,Feresa attenuata,Pygmy Killer Whale,Artiodactyla,Delphinidae,Feresa,attenuata,species,true,false,,,,,true,,,false,Mammals of Myanmar: an annotated checklist,https://www.gbif.org/dataset/0837bd43-fa3c-4a68-b257-81cb7c234e44,2024,Feresa attenuata,exact,ASM Mammal Diversity Database v2.5 (2026)
delphinus_capensis,Delphinus capensis,Delphinus capensis,,Artiodactyla,Delphinidae,Delphinus,capensis,species,true,false,,,,,true,,,false,Mammals of Myanmar: an annotated checklist,https://www.gbif.org/dataset/0837bd43-fa3c-4a68-b257-81cb7c234e44,2024,,genus_family_only,ASM Mammal Diversity Database v2.5 (2026)
lagenodelphis_hosei,Lagenodelphis hosei,Lagenodelphis hosei,Fraser's Dolphin,Artiodactyla,Delphinidae,Lagenodelphis,hosei,species,true,false,,,,,true,,,false,Mammals of Myanmar: an annotated checklist,https://www.gbif.org/dataset/0837bd43-fa3c-4a68-b257-81cb7c234e44,2024,Lagenodelphis hosei,exact,ASM Mammal Diversity Database v2.5 (2026)
orcaella_brevirostris,Orcaella brevirostris,Orcaella brevirostris,Irrawaddy Dolphin,Artiodactyla,Delphinidae,Orcaella,brevirostris,species,true,false,,,,,true,,,false,Mammals of Myanmar: an annotated checklist,https://www.gbif.org/dataset/0837bd43-fa3c-4a68-b257-81cb7c234e44,2024,Orcaella brevirostris,exact,ASM Mammal Diversity Database v2.5 (2026)
pseudorca_crassidens,Pseudorca crassidens,Pseudorca crassidens,False Killer Whale,Artiodactyla,Delphinidae,Pseudorca,crassidens,species,true,false,,,,,true,,,false,Mammals of Myanmar: an annotated checklist,https://www.gbif.org/dataset/0837bd43-fa3c-4a68-b257-81cb7c234e44,2024,Pseudorca crassidens,exact,ASM Mammal Diversity Database v2.5 (2026)
sousa_chinensis,Sousa chinensis,Sousa chinensis,Indo-Pacific Humpback Dolphin,Artiodactyla,Delphinidae,Sousa,chinensis,species,true,false,,,,,true,,,false,Mammals of Myanmar: an annotated checklist,https://www.gbif.org/dataset/0837bd43-fa3c-4a68-b257-81cb7c234e44,2024,Sousa chinensis,exact,ASM Mammal Diversity Database v2.5 (2026)
neophocaena_phocaenoides,Neophocaena phocaenoides,Neophocaena phocaenoides,Indo-Pacific Finless Porpoise,Artiodactyla,Phocoenidae,Neophocaena,phocaenoides,species,true,false,,,,,true,,,false,Mammals of Myanmar: an annotated checklist,https://www.gbif.org/dataset/0837bd43-fa3c-4a68-b257-81cb7c234e44,2024,Neophocaena phocaenoides,exact,ASM Mammal Diversity Database v2.5 (2026)
stenella_longirostris,Stenella longirostris,Stenella longirostris,Spinner Dolphin,Artiodactyla,Delphinidae,Stenella,longirostris,species,true,false,,,,,true,,,false,Mammals of Myanmar: an annotated checklist,https://www.gbif.org/dataset/0837bd43-fa3c-4a68-b257-81cb7c234e44,2024,Stenella longirostris,exact,ASM Mammal Diversity Database v2.5 (2026)
stenella_coeruleoalba,Stenella coeruleoalba,Stenella coeruleoalba,Striped Dolphin,Artiodactyla,Delphinidae,Stenella,coeruleoalba,species,true,false,,,,,true,,,false,Mammals of Myanmar: an annotated checklist,https://www.gbif.org/dataset/0837bd43-fa3c-4a68-b257-81cb7c234e44,2024,Stenella coeruleoalba,exact,ASM Mammal Diversity Database v2.5 (2026)
physeter_macrocephalus,Physeter macrocephalus,Physeter macrocephalus,Sperm Whale,Artiodactyla,Physeteridae,Physeter,macrocephalus,species,true,false,,,,,true,,,false,Mammals of Myanmar: an annotated checklist,https://www.gbif.org/dataset/0837bd43-fa3c-4a68-b257-81cb7c234e44,2024,Physeter macrocephalus,exact,ASM Mammal Diversity Database v2.5 (2026)
kogia_sima,Kogia sima,Kogia sima,Dwarf Sperm Whale,Artiodactyla,Kogiidae,Kogia,sima,species,true,false,,,,,true,,,false,Mammals of Myanmar: an annotated checklist,https://www.gbif.org/dataset/0837bd43-fa3c-4a68-b257-81cb7c234e44,2024,Kogia sima,exact,ASM Mammal Diversity Database v2.5 (2026)
kogia_breviceps,Kogia breviceps,Kogia breviceps,Pygmy Sperm Whale,Artiodactyla,Kogiidae,Kogia,breviceps,species,true,false,,,,,true,,,false,Mammals of Myanmar: an annotated checklist,https://www.gbif.org/dataset/0837bd43-fa3c-4a68-b257-81cb7c234e44,2024,Kogia breviceps,exact,ASM Mammal Diversity Database v2.5 (2026)
steno_bredanensis,Steno bredanensis,Steno bredanensis,Rough-toothed Dolphin,Artiodactyla,Delphinidae,Steno,bredanensis,species,true,false,,,,,true,,,false,Mammals of Myanmar: an annotated checklist,https://www.gbif.org/dataset/0837bd43-fa3c-4a68-b257-81cb7c234e44,2024,Steno bredanensis,exact,ASM Mammal Diversity Database v2.5 (2026)
tursiops_aduncus,Tursiops aduncus,Tursiops aduncus,Indo-Pacific Bottlenose Dolphin,Artiodactyla,Delphinidae,Tursiops,aduncus,species,true,false,,,,,true,,,false,Mammals of Myanmar: an annotated checklist,https://www.gbif.org/dataset/0837bd43-fa3c-4a68-b257-81cb7c234e44,2024,Tursiops aduncus,exact,ASM Mammal Diversity Database v2.5 (2026)
stenella_attenuata,Stenella attenuata,Stenella attenuata,Pantropical Spotted Dolphin,Artiodactyla,Delphinidae,Stenella,attenuata,species,true,false,,,,,true,,,false,Mammals of Myanmar: an annotated checklist,https://www.gbif.org/dataset/0837bd43-fa3c-4a68-b257-81cb7c234e44,2024,Stenella attenuata,exact,ASM Mammal Diversity Database v2.5 (2026)
tursiops_truncatus,Tursiops truncatus,Tursiops truncatus,Common Bottlenose Dolphin,Artiodactyla,Delphinidae,Tursiops,truncatus,species,true,false,,,,,true,,,false,Mammals of Myanmar: an annotated checklist,https://www.gbif.org/dataset/0837bd43-fa3c-4a68-b257-81cb7c234e44,2024,Tursiops truncatus,exact,ASM Mammal Diversity Database v2.5 (2026)
ziphius_cavirostris,Ziphius cavirostris,Ziphius cavirostris,Cuvier's Beaked Whale,Artiodactyla,Ziphiidae,Ziphius,cavirostris,species,true,false,,,,,true,,,false,Mammals of Myanmar: an annotated checklist,https://www.gbif.org/dataset/0837bd43-fa3c-4a68-b257-81cb7c234e44,2024,Ziphius cavirostris,exact,ASM Mammal Diversity Database v2.5 (2026)
mesoplodon_ginkgodens,Mesoplodon ginkgodens,Mesoplodon ginkgodens,Ginkgo-toothed Beaked Whale,Artiodactyla,Ziphiidae,Mesoplodon,ginkgodens,species,true,false,,,,,true,,,false,Mammals of Myanmar: an annotated checklist,https://www.gbif.org/dataset/0837bd43-fa3c-4a68-b257-81cb7c234e44,2024,Mesoplodon ginkgodens,exact,ASM Mammal Diversity Database v2.5 (2026)
indopacetus_pacificus,Indopacetus pacificus,Indopacetus pacificus,Longman's Beaked Whale,Artiodactyla,Ziphiidae,Indopacetus,pacificus,species,true,false,,,,,true,,,false,Mammals of Myanmar: an annotated checklist,https://www.gbif.org/dataset/0837bd43-fa3c-4a68-b257-81cb7c234e44,2024,Indopacetus pacificus,exact,ASM Mammal Diversity Database v2.5 (2026)
mesoplodon_densirostris,Mesoplodon densirostris,Mesoplodon densirostris,Blainville's Beaked Whale,Artiodactyla,Ziphiidae,Mesoplodon,densirostris,species,true,false,,,,,true,,,false,Mammals of Myanmar: an annotated checklist,https://www.gbif.org/dataset/0837bd43-fa3c-4a68-b257-81cb7c234e44,2024,Mesoplodon densirostris,exact,ASM Mammal Diversity Database v2.5 (2026)
mesoplodon_layardii,Mesoplodon layardii,Mesoplodon layardii,Strap-toothed Whale,Artiodactyla,Ziphiidae,Mesoplodon,layardii,species,true,false,,,,,true,,,false,Mammals of Myanmar: an annotated checklist,https://www.gbif.org/dataset/0837bd43-fa3c-4a68-b257-81cb7c234e44,2024,Mesoplodon layardii,exact,ASM Mammal Diversity Database v2.5 (2026)
