species_key,trait_id,trait_value,source_type,source_name,source_url,citation,access_date,confidence,method,notes
elephas_maximus,body_size_impression,cow_or_larger,web_reference,Smithsonian National Zoo,https://nationalzoo.si.edu/animals/asian-elephant,Asian elephant,2026-09-02,high,direct_curation_from_source_description,"Pilot Phase 2A: only clear, user-observable characteristics were encoded; sex/age-variable traits were omitted unless broadly consistent."
elephas_maximus,body_form,elephant_like,web_reference,Smithsonian National Zoo,https://nationalzoo.si.edu/animals/asian-elephant,Asian elephant,2026-09-02,high,direct_curation_from_source_description,"Pilot Phase 2A: only clear, user-observable characteristics were encoded; sex/age-variable traits were omitted unless broadly consistent."
elephas_maximus,body_covering,mostly_smooth_skin,web_reference,Smithsonian National Zoo,https://nationalzoo.si.edu/animals/asian-elephant,Asian elephant,2026-09-02,high,direct_curation_from_source_description,"Pilot Phase 2A: only clear, user-observable characteristics were encoded; sex/age-variable traits were omitted unless broadly consistent."
elephas_maximus,primary_color,grey,web_reference,Smithsonian National Zoo,https://nationalzoo.si.edu/animals/asian-elephant,Asian elephant,2026-09-02,high,direct_curation_from_source_description,"Pilot Phase 2A: only clear, user-observable characteristics were encoded; sex/age-variable traits were omitted unless broadly consistent."
elephas_maximus,snout_shape_simple,trunk_like,web_reference,Smithsonian National Zoo,https://nationalzoo.si.edu/animals/asian-elephant,Asian elephant,2026-09-02,high,direct_curation_from_source_description,"Pilot Phase 2A: only clear, user-observable characteristics were encoded; sex/age-variable traits were omitted unless broadly consistent."
elephas_maximus,ear_size_impression,large,web_reference,Smithsonian National Zoo,https://nationalzoo.si.edu/animals/asian-elephant,Asian elephant,2026-09-02,high,direct_curation_from_source_description,"Pilot Phase 2A: only clear, user-observable characteristics were encoded; sex/age-variable traits were omitted unless broadly consistent."
dugong_dugon,body_form,dugong_like,web_reference,Animal Diversity Web,https://animaldiversity.org/accounts/Dugong_dugon/,Dugong dugon (dugong),2026-09-02,high,direct_curation_from_source_description,"Pilot Phase 2A: only clear, user-observable characteristics were encoded; sex/age-variable traits were omitted unless broadly consistent."
dugong_dugon,body_covering,mostly_smooth_skin,web_reference,Animal Diversity Web,https://animaldiversity.org/accounts/Dugong_dugon/,Dugong dugon (dugong),2026-09-02,high,direct_curation_from_source_description,"Pilot Phase 2A: only clear, user-observable characteristics were encoded; sex/age-variable traits were omitted unless broadly consistent."
dugong_dugon,movement_seen,swimming,web_reference,Animal Diversity Web,https://animaldiversity.org/accounts/Dugong_dugon/,Dugong dugon (dugong),2026-09-02,high,direct_curation_from_source_description,"Pilot Phase 2A: only clear, user-observable characteristics were encoded; sex/age-variable traits were omitted unless broadly consistent."
dugong_dugon,observation_place,sea_or_coast,web_reference,Animal Diversity Web,https://animaldiversity.org/accounts/Dugong_dugon/,Dugong dugon (dugong),2026-09-02,high,direct_curation_from_source_description,"Pilot Phase 2A: only clear, user-observable characteristics were encoded; sex/age-variable traits were omitted unless broadly consistent."
dugong_dugon,primary_color,grey,web_reference,Animal Diversity Web,https://animaldiversity.org/accounts/Dugong_dugon/,Dugong dugon (dugong),2026-09-02,high,direct_curation_from_source_description,"Pilot Phase 2A: only clear, user-observable characteristics were encoded; sex/age-variable traits were omitted unless broadly consistent."
dugong_dugon,tail_shape,fluked,web_reference,Animal Diversity Web,https://animaldiversity.org/accounts/Dugong_dugon/,Dugong dugon (dugong),2026-09-02,high,direct_curation_from_source_description,"Pilot Phase 2A: only clear, user-observable characteristics were encoded; sex/age-variable traits were omitted unless broadly consistent."
dugong_dugon,ear_size_impression,not_obvious,web_reference,Animal Diversity Web,https://animaldiversity.org/accounts/Dugong_dugon/,Dugong dugon (dugong),2026-09-02,high,direct_curation_from_source_description,"Pilot Phase 2A: only clear, user-observable characteristics were encoded; sex/age-variable traits were omitted unless broadly consistent."
galeopterus_variegatus,body_form,gliding_mammal_like,web_reference,Animal Diversity Web,https://animaldiversity.org/accounts/Galeopterus_variegates/,Galeopterus variegates (Sunda flying lemur),2026-09-02,high,direct_curation_from_source_description,"Pilot Phase 2A: only clear, user-observable characteristics were encoded; sex/age-variable traits were omitted unless broadly consistent."
galeopterus_variegatus,body_covering,fur_or_hair,web_reference,Animal Diversity Web,https://animaldiversity.org/accounts/Galeopterus_variegates/,Galeopterus variegates (Sunda flying lemur),2026-09-02,high,direct_curation_from_source_description,"Pilot Phase 2A: only clear, user-observable characteristics were encoded; sex/age-variable traits were omitted unless broadly consistent."
galeopterus_variegatus,movement_seen,gliding,web_reference,Animal Diversity Web,https://animaldiversity.org/accounts/Galeopterus_variegates/,Galeopterus variegates (Sunda flying lemur),2026-09-02,high,direct_curation_from_source_description,"Pilot Phase 2A: only clear, user-observable characteristics were encoded; sex/age-variable traits were omitted unless broadly consistent."
galeopterus_variegatus,observation_place,tree_or_bush,web_reference,Animal Diversity Web,https://animaldiversity.org/accounts/Galeopterus_variegates/,Galeopterus variegates (Sunda flying lemur),2026-09-02,high,direct_curation_from_source_description,"Pilot Phase 2A: only clear, user-observable characteristics were encoded; sex/age-variable traits were omitted unless broadly consistent."
galeopterus_variegatus,primary_color,mixed,web_reference,Animal Diversity Web,https://animaldiversity.org/accounts/Galeopterus_variegates/,Galeopterus variegates (Sunda flying lemur),2026-09-02,high,direct_curation_from_source_description,"Pilot Phase 2A: only clear, user-observable characteristics were encoded; sex/age-variable traits were omitted unless broadly consistent."
galeopterus_variegatus,body_pattern,patched,web_reference,Animal Diversity Web,https://animaldiversity.org/accounts/Galeopterus_variegates/,Galeopterus variegates (Sunda flying lemur),2026-09-02,high,direct_curation_from_source_description,"Pilot Phase 2A: only clear, user-observable characteristics were encoded; sex/age-variable traits were omitted unless broadly consistent."
galeopterus_variegatus,ear_size_impression,small,web_reference,Animal Diversity Web,https://animaldiversity.org/accounts/Galeopterus_variegates/,Galeopterus variegates (Sunda flying lemur),2026-09-02,high,direct_curation_from_source_description,"Pilot Phase 2A: only clear, user-observable characteristics were encoded; sex/age-variable traits were omitted unless broadly consistent."
galeopterus_variegatus,snout_shape_simple,short_blunt,web_reference,Animal Diversity Web,https://animaldiversity.org/accounts/Galeopterus_variegates/,Galeopterus variegates (Sunda flying lemur),2026-09-02,high,direct_curation_from_source_description,"Pilot Phase 2A: only clear, user-observable characteristics were encoded; sex/age-variable traits were omitted unless broadly consistent."
galeopterus_variegatus,gliding_membrane_visible,yes,web_reference,Animal Diversity Web,https://animaldiversity.org/accounts/Galeopterus_variegates/,Galeopterus variegates (Sunda flying lemur),2026-09-02,high,direct_curation_from_source_description,"Pilot Phase 2A: only clear, user-observable characteristics were encoded; sex/age-variable traits were omitted unless broadly consistent."
nycticebus_bengalensis,body_covering,fur_or_hair,web_reference,Animal Diversity Web,https://animaldiversity.org/accounts/Nycticebus_bengalensis/,Nycticebus bengalensis (Bengal slow loris),2026-09-02,high,direct_curation_from_source_description,"Pilot Phase 2A: only clear, user-observable characteristics were encoded; sex/age-variable traits were omitted unless broadly consistent."
nycticebus_bengalensis,primary_color,mixed,web_reference,Animal Diversity Web,https://animaldiversity.org/accounts/Nycticebus_bengalensis/,Nycticebus bengalensis (Bengal slow loris),2026-09-02,high,direct_curation_from_source_description,"Pilot Phase 2A: only clear, user-observable characteristics were encoded; sex/age-variable traits were omitted unless broadly consistent."
nycticebus_bengalensis,body_pattern,dorsal_stripe,web_reference,Animal Diversity Web,https://animaldiversity.org/accounts/Nycticebus_bengalensis/,Nycticebus bengalensis (Bengal slow loris),2026-09-02,high,direct_curation_from_source_description,"Pilot Phase 2A: only clear, user-observable characteristics were encoded; sex/age-variable traits were omitted unless broadly consistent."
nycticebus_bengalensis,tail_impression,no_obvious_tail,web_reference,Animal Diversity Web,https://animaldiversity.org/accounts/Nycticebus_bengalensis/,Nycticebus bengalensis (Bengal slow loris),2026-09-02,high,direct_curation_from_source_description,"Pilot Phase 2A: only clear, user-observable characteristics were encoded; sex/age-variable traits were omitted unless broadly consistent."
nycticebus_bengalensis,ear_size_impression,small,web_reference,Animal Diversity Web,https://animaldiversity.org/accounts/Nycticebus_bengalensis/,Nycticebus bengalensis (Bengal slow loris),2026-09-02,high,direct_curation_from_source_description,"Pilot Phase 2A: only clear, user-observable characteristics were encoded; sex/age-variable traits were omitted unless broadly consistent."
nycticebus_bengalensis,snout_shape_simple,short_blunt,web_reference,Animal Diversity Web,https://animaldiversity.org/accounts/Nycticebus_bengalensis/,Nycticebus bengalensis (Bengal slow loris),2026-09-02,high,direct_curation_from_source_description,"Pilot Phase 2A: only clear, user-observable characteristics were encoded; sex/age-variable traits were omitted unless broadly consistent."
ratufa_bicolor,body_form,squirrel_like,web_reference,Animal Diversity Web,https://animaldiversity.org/accounts/Ratufa_bicolor/,Ratufa bicolor (black giant squirrel),2026-09-02,high,direct_curation_from_source_description,"Pilot Phase 2A: only clear, user-observable characteristics were encoded; sex/age-variable traits were omitted unless broadly consistent."
ratufa_bicolor,body_covering,fur_or_hair,web_reference,Animal Diversity Web,https://animaldiversity.org/accounts/Ratufa_bicolor/,Ratufa bicolor (black giant squirrel),2026-09-02,high,direct_curation_from_source_description,"Pilot Phase 2A: only clear, user-observable characteristics were encoded; sex/age-variable traits were omitted unless broadly consistent."
ratufa_bicolor,observation_place,tree_or_bush,web_reference,Animal Diversity Web,https://animaldiversity.org/accounts/Ratufa_bicolor/,Ratufa bicolor (black giant squirrel),2026-09-02,high,direct_curation_from_source_description,"Pilot Phase 2A: only clear, user-observable characteristics were encoded; sex/age-variable traits were omitted unless broadly consistent."
ratufa_bicolor,primary_color,black,web_reference,Animal Diversity Web,https://animaldiversity.org/accounts/Ratufa_bicolor/,Ratufa bicolor (black giant squirrel),2026-09-02,high,direct_curation_from_source_description,"Pilot Phase 2A: only clear, user-observable characteristics were encoded; sex/age-variable traits were omitted unless broadly consistent."
ratufa_bicolor,body_pattern,patched,web_reference,Animal Diversity Web,https://animaldiversity.org/accounts/Ratufa_bicolor/,Ratufa bicolor (black giant squirrel),2026-09-02,high,direct_curation_from_source_description,"Pilot Phase 2A: only clear, user-observable characteristics were encoded; sex/age-variable traits were omitted unless broadly consistent."
atherurus_macrourus,body_form,mouse_rat_like,web_reference,Animal Diversity Web,https://animaldiversity.org/accounts/Atherurus_macrourus/,Atherurus macrourus (Asiatic brush-tailed porcupine),2026-09-02,high,direct_curation_from_source_description,"Pilot Phase 2A: only clear, user-observable characteristics were encoded; sex/age-variable traits were omitted unless broadly consistent."
atherurus_macrourus,body_covering,spines_or_quills,web_reference,Animal Diversity Web,https://animaldiversity.org/accounts/Atherurus_macrourus/,Atherurus macrourus (Asiatic brush-tailed porcupine),2026-09-02,high,direct_curation_from_source_description,"Pilot Phase 2A: only clear, user-observable characteristics were encoded; sex/age-variable traits were omitted unless broadly consistent."
atherurus_macrourus,primary_color,dark_brown,web_reference,Animal Diversity Web,https://animaldiversity.org/accounts/Atherurus_macrourus/,Atherurus macrourus (Asiatic brush-tailed porcupine),2026-09-02,high,direct_curation_from_source_description,"Pilot Phase 2A: only clear, user-observable characteristics were encoded; sex/age-variable traits were omitted unless broadly consistent."
atherurus_macrourus,tail_shape,tufted_tip,web_reference,Animal Diversity Web,https://animaldiversity.org/accounts/Atherurus_macrourus/,Atherurus macrourus (Asiatic brush-tailed porcupine),2026-09-02,high,direct_curation_from_source_description,"Pilot Phase 2A: only clear, user-observable characteristics were encoded; sex/age-variable traits were omitted unless broadly consistent."
atherurus_macrourus,quills_or_spines_visible,yes,web_reference,Animal Diversity Web,https://animaldiversity.org/accounts/Atherurus_macrourus/,Atherurus macrourus (Asiatic brush-tailed porcupine),2026-09-02,high,direct_curation_from_source_description,"Pilot Phase 2A: only clear, user-observable characteristics were encoded; sex/age-variable traits were omitted unless broadly consistent."
hystrix_brachyura,body_covering,spines_or_quills,web_reference,Mammal Species of the World / Handbook treatment via Zenodo,https://zenodo.org/doi/10.5281/zenodo.6612197,Hystrix brachyura Linnaeus 1758,2026-09-02,high,direct_curation_from_source_description,"Pilot Phase 2A: only clear, user-observable characteristics were encoded; sex/age-variable traits were omitted unless broadly consistent."
hystrix_brachyura,primary_color,dark_brown,web_reference,Mammal Species of the World / Handbook treatment via Zenodo,https://zenodo.org/doi/10.5281/zenodo.6612197,Hystrix brachyura Linnaeus 1758,2026-09-02,high,direct_curation_from_source_description,"Pilot Phase 2A: only clear, user-observable characteristics were encoded; sex/age-variable traits were omitted unless broadly consistent."
hystrix_brachyura,tail_impression,short,web_reference,Mammal Species of the World / Handbook treatment via Zenodo,https://zenodo.org/doi/10.5281/zenodo.6612197,Hystrix brachyura Linnaeus 1758,2026-09-02,high,direct_curation_from_source_description,"Pilot Phase 2A: only clear, user-observable characteristics were encoded; sex/age-variable traits were omitted unless broadly consistent."
hystrix_brachyura,quills_or_spines_visible,yes,web_reference,Mammal Species of the World / Handbook treatment via Zenodo,https://zenodo.org/doi/10.5281/zenodo.6612197,Hystrix brachyura Linnaeus 1758,2026-09-02,high,direct_curation_from_source_description,"Pilot Phase 2A: only clear, user-observable characteristics were encoded; sex/age-variable traits were omitted unless broadly consistent."
manis_javanica,body_form,pangolin_like,web_reference,Animal Diversity Web,https://animaldiversity.org/accounts/Manis_javanica/,Manis javanica (Malayan pangolin),2026-09-02,high,direct_curation_from_source_description,"Pilot Phase 2A: only clear, user-observable characteristics were encoded; sex/age-variable traits were omitted unless broadly consistent."
manis_javanica,body_covering,scales,web_reference,Animal Diversity Web,https://animaldiversity.org/accounts/Manis_javanica/,Manis javanica (Malayan pangolin),2026-09-02,high,direct_curation_from_source_description,"Pilot Phase 2A: only clear, user-observable characteristics were encoded; sex/age-variable traits were omitted unless broadly consistent."
manis_javanica,movement_seen,climbing,web_reference,Animal Diversity Web,https://animaldiversity.org/accounts/Manis_javanica/,Manis javanica (Malayan pangolin),2026-09-02,high,direct_curation_from_source_description,"Pilot Phase 2A: only clear, user-observable characteristics were encoded; sex/age-variable traits were omitted unless broadly consistent."
manis_javanica,primary_color,brown,web_reference,Animal Diversity Web,https://animaldiversity.org/accounts/Manis_javanica/,Manis javanica (Malayan pangolin),2026-09-02,high,direct_curation_from_source_description,"Pilot Phase 2A: only clear, user-observable characteristics were encoded; sex/age-variable traits were omitted unless broadly consistent."
manis_javanica,leg_foot_appearance,broad_digging_feet,web_reference,Animal Diversity Web,https://animaldiversity.org/accounts/Manis_javanica/,Manis javanica (Malayan pangolin),2026-09-02,high,direct_curation_from_source_description,"Pilot Phase 2A: only clear, user-observable characteristics were encoded; sex/age-variable traits were omitted unless broadly consistent."
manis_pentadactyla,body_form,pangolin_like,web_reference,Animal Diversity Web,https://animaldiversity.org/accounts/Manis_pentadactyla/,Manis pentadactyla (Chinese pangolin),2026-09-02,high,direct_curation_from_source_description,"Pilot Phase 2A: only clear, user-observable characteristics were encoded; sex/age-variable traits were omitted unless broadly consistent."
manis_pentadactyla,body_covering,scales,web_reference,Animal Diversity Web,https://animaldiversity.org/accounts/Manis_pentadactyla/,Manis pentadactyla (Chinese pangolin),2026-09-02,high,direct_curation_from_source_description,"Pilot Phase 2A: only clear, user-observable characteristics were encoded; sex/age-variable traits were omitted unless broadly consistent."
manis_pentadactyla,movement_seen,digging_or_burrowing,web_reference,Animal Diversity Web,https://animaldiversity.org/accounts/Manis_pentadactyla/,Manis pentadactyla (Chinese pangolin),2026-09-02,high,direct_curation_from_source_description,"Pilot Phase 2A: only clear, user-observable characteristics were encoded; sex/age-variable traits were omitted unless broadly consistent."
manis_pentadactyla,primary_color,brown,web_reference,Animal Diversity Web,https://animaldiversity.org/accounts/Manis_pentadactyla/,Manis pentadactyla (Chinese pangolin),2026-09-02,high,direct_curation_from_source_description,"Pilot Phase 2A: only clear, user-observable characteristics were encoded; sex/age-variable traits were omitted unless broadly consistent."
manis_pentadactyla,snout_shape_simple,long_pointed,web_reference,Animal Diversity Web,https://animaldiversity.org/accounts/Manis_pentadactyla/,Manis pentadactyla (Chinese pangolin),2026-09-02,high,direct_curation_from_source_description,"Pilot Phase 2A: only clear, user-observable characteristics were encoded; sex/age-variable traits were omitted unless broadly consistent."
manis_pentadactyla,leg_foot_appearance,broad_digging_feet,web_reference,Animal Diversity Web,https://animaldiversity.org/accounts/Manis_pentadactyla/,Manis pentadactyla (Chinese pangolin),2026-09-02,high,direct_curation_from_source_description,"Pilot Phase 2A: only clear, user-observable characteristics were encoded; sex/age-variable traits were omitted unless broadly consistent."
panthera_tigris,body_form,cat_like,web_reference,Animal Diversity Web,https://animaldiversity.org/accounts/Panthera_tigris/,Panthera tigris (tiger),2026-09-02,high,direct_curation_from_source_description,"Pilot Phase 2A: only clear, user-observable characteristics were encoded; sex/age-variable traits were omitted unless broadly consistent."
panthera_tigris,body_covering,fur_or_hair,web_reference,Animal Diversity Web,https://animaldiversity.org/accounts/Panthera_tigris/,Panthera tigris (tiger),2026-09-02,high,direct_curation_from_source_description,"Pilot Phase 2A: only clear, user-observable characteristics were encoded; sex/age-variable traits were omitted unless broadly consistent."
panthera_tigris,primary_color,reddish_or_orange,web_reference,Animal Diversity Web,https://animaldiversity.org/accounts/Panthera_tigris/,Panthera tigris (tiger),2026-09-02,high,direct_curation_from_source_description,"Pilot Phase 2A: only clear, user-observable characteristics were encoded; sex/age-variable traits were omitted unless broadly consistent."
panthera_tigris,body_pattern,striped,web_reference,Animal Diversity Web,https://animaldiversity.org/accounts/Panthera_tigris/,Panthera tigris (tiger),2026-09-02,high,direct_curation_from_source_description,"Pilot Phase 2A: only clear, user-observable characteristics were encoded; sex/age-variable traits were omitted unless broadly consistent."
panthera_tigris,carnivore_tail_marking,rings,web_reference,Animal Diversity Web,https://animaldiversity.org/accounts/Panthera_tigris/,Panthera tigris (tiger),2026-09-02,high,direct_curation_from_source_description,"Pilot Phase 2A: only clear, user-observable characteristics were encoded; sex/age-variable traits were omitted unless broadly consistent."
neofelis_nebulosa,body_form,cat_like,web_reference,Animal Diversity Web,https://animaldiversity.org/accounts/Neofelis_nebulosa/,Neofelis nebulosa (clouded leopard),2026-09-02,high,direct_curation_from_source_description,"Pilot Phase 2A: only clear, user-observable characteristics were encoded; sex/age-variable traits were omitted unless broadly consistent."
neofelis_nebulosa,body_covering,fur_or_hair,web_reference,Animal Diversity Web,https://animaldiversity.org/accounts/Neofelis_nebulosa/,Neofelis nebulosa (clouded leopard),2026-09-02,high,direct_curation_from_source_description,"Pilot Phase 2A: only clear, user-observable characteristics were encoded; sex/age-variable traits were omitted unless broadly consistent."
neofelis_nebulosa,movement_seen,climbing,web_reference,Animal Diversity Web,https://animaldiversity.org/accounts/Neofelis_nebulosa/,Neofelis nebulosa (clouded leopard),2026-09-02,high,direct_curation_from_source_description,"Pilot Phase 2A: only clear, user-observable characteristics were encoded; sex/age-variable traits were omitted unless broadly consistent."
neofelis_nebulosa,primary_color,mixed,web_reference,Animal Diversity Web,https://animaldiversity.org/accounts/Neofelis_nebulosa/,Neofelis nebulosa (clouded leopard),2026-09-02,high,direct_curation_from_source_description,"Pilot Phase 2A: only clear, user-observable characteristics were encoded; sex/age-variable traits were omitted unless broadly consistent."
neofelis_nebulosa,body_pattern,patched,web_reference,Animal Diversity Web,https://animaldiversity.org/accounts/Neofelis_nebulosa/,Neofelis nebulosa (clouded leopard),2026-09-02,high,direct_curation_from_source_description,"Pilot Phase 2A: only clear, user-observable characteristics were encoded; sex/age-variable traits were omitted unless broadly consistent."
neofelis_nebulosa,tail_impression,very_long,web_reference,Animal Diversity Web,https://animaldiversity.org/accounts/Neofelis_nebulosa/,Neofelis nebulosa (clouded leopard),2026-09-02,high,direct_curation_from_source_description,"Pilot Phase 2A: only clear, user-observable characteristics were encoded; sex/age-variable traits were omitted unless broadly consistent."
neofelis_nebulosa,tail_shape,thick,web_reference,Animal Diversity Web,https://animaldiversity.org/accounts/Neofelis_nebulosa/,Neofelis nebulosa (clouded leopard),2026-09-02,high,direct_curation_from_source_description,"Pilot Phase 2A: only clear, user-observable characteristics were encoded; sex/age-variable traits were omitted unless broadly consistent."
neofelis_nebulosa,ear_size_impression,small,web_reference,Animal Diversity Web,https://animaldiversity.org/accounts/Neofelis_nebulosa/,Neofelis nebulosa (clouded leopard),2026-09-02,high,direct_curation_from_source_description,"Pilot Phase 2A: only clear, user-observable characteristics were encoded; sex/age-variable traits were omitted unless broadly consistent."
neofelis_nebulosa,ear_shape_simple,rounded,web_reference,Animal Diversity Web,https://animaldiversity.org/accounts/Neofelis_nebulosa/,Neofelis nebulosa (clouded leopard),2026-09-02,high,direct_curation_from_source_description,"Pilot Phase 2A: only clear, user-observable characteristics were encoded; sex/age-variable traits were omitted unless broadly consistent."
neofelis_nebulosa,carnivore_tail_marking,rings,web_reference,Animal Diversity Web,https://animaldiversity.org/accounts/Neofelis_nebulosa/,Neofelis nebulosa (clouded leopard),2026-09-02,high,direct_curation_from_source_description,"Pilot Phase 2A: only clear, user-observable characteristics were encoded; sex/age-variable traits were omitted unless broadly consistent."
panthera_pardus,body_form,cat_like,web_reference,Animal Diversity Web,https://animaldiversity.org/accounts/Panthera_pardus/,Panthera pardus (leopard),2026-09-02,high,direct_curation_from_source_description,"Pilot Phase 2A: only clear, user-observable characteristics were encoded; sex/age-variable traits were omitted unless broadly consistent."
panthera_pardus,body_covering,fur_or_hair,web_reference,Animal Diversity Web,https://animaldiversity.org/accounts/Panthera_pardus/,Panthera pardus (leopard),2026-09-02,high,direct_curation_from_source_description,"Pilot Phase 2A: only clear, user-observable characteristics were encoded; sex/age-variable traits were omitted unless broadly consistent."
panthera_pardus,primary_color,mixed,web_reference,Animal Diversity Web,https://animaldiversity.org/accounts/Panthera_pardus/,Panthera pardus (leopard),2026-09-02,high,direct_curation_from_source_description,"Pilot Phase 2A: only clear, user-observable characteristics were encoded; sex/age-variable traits were omitted unless broadly consistent."
panthera_pardus,body_pattern,spotted,web_reference,Animal Diversity Web,https://animaldiversity.org/accounts/Panthera_pardus/,Panthera pardus (leopard),2026-09-02,high,direct_curation_from_source_description,"Pilot Phase 2A: only clear, user-observable characteristics were encoded; sex/age-variable traits were omitted unless broadly consistent."
panthera_pardus,ear_size_impression,small,web_reference,Animal Diversity Web,https://animaldiversity.org/accounts/Panthera_pardus/,Panthera pardus (leopard),2026-09-02,high,direct_curation_from_source_description,"Pilot Phase 2A: only clear, user-observable characteristics were encoded; sex/age-variable traits were omitted unless broadly consistent."
panthera_pardus,ear_shape_simple,rounded,web_reference,Animal Diversity Web,https://animaldiversity.org/accounts/Panthera_pardus/,Panthera pardus (leopard),2026-09-02,high,direct_curation_from_source_description,"Pilot Phase 2A: only clear, user-observable characteristics were encoded; sex/age-variable traits were omitted unless broadly consistent."
panthera_pardus,carnivore_tail_marking,rings,web_reference,Animal Diversity Web,https://animaldiversity.org/accounts/Panthera_pardus/,Panthera pardus (leopard),2026-09-02,high,direct_curation_from_source_description,"Pilot Phase 2A: only clear, user-observable characteristics were encoded; sex/age-variable traits were omitted unless broadly consistent."
prionailurus_viverrinus,body_form,cat_like,web_reference,Smithsonian National Zoo,https://nationalzoo.si.edu/animals/fishing-cat,Fishing cat,2026-09-02,high,direct_curation_from_source_description,"Pilot Phase 2A: only clear, user-observable characteristics were encoded; sex/age-variable traits were omitted unless broadly consistent."
prionailurus_viverrinus,body_covering,fur_or_hair,web_reference,Smithsonian National Zoo,https://nationalzoo.si.edu/animals/fishing-cat,Fishing cat,2026-09-02,high,direct_curation_from_source_description,"Pilot Phase 2A: only clear, user-observable characteristics were encoded; sex/age-variable traits were omitted unless broadly consistent."
prionailurus_viverrinus,movement_seen,swimming,web_reference,Smithsonian National Zoo,https://nationalzoo.si.edu/animals/fishing-cat,Fishing cat,2026-09-02,high,direct_curation_from_source_description,"Pilot Phase 2A: only clear, user-observable characteristics were encoded; sex/age-variable traits were omitted unless broadly consistent."
prionailurus_viverrinus,observation_place,freshwater_or_wetland,web_reference,Smithsonian National Zoo,https://nationalzoo.si.edu/animals/fishing-cat,Fishing cat,2026-09-02,high,direct_curation_from_source_description,"Pilot Phase 2A: only clear, user-observable characteristics were encoded; sex/age-variable traits were omitted unless broadly consistent."
prionailurus_viverrinus,primary_color,brown,web_reference,Smithsonian National Zoo,https://nationalzoo.si.edu/animals/fishing-cat,Fishing cat,2026-09-02,high,direct_curation_from_source_description,"Pilot Phase 2A: only clear, user-observable characteristics were encoded; sex/age-variable traits were omitted unless broadly consistent."
prionailurus_viverrinus,body_pattern,spotted,web_reference,Smithsonian National Zoo,https://nationalzoo.si.edu/animals/fishing-cat,Fishing cat,2026-09-02,high,direct_curation_from_source_description,"Pilot Phase 2A: only clear, user-observable characteristics were encoded; sex/age-variable traits were omitted unless broadly consistent."
prionailurus_viverrinus,tail_impression,short,web_reference,Smithsonian National Zoo,https://nationalzoo.si.edu/animals/fishing-cat,Fishing cat,2026-09-02,high,direct_curation_from_source_description,"Pilot Phase 2A: only clear, user-observable characteristics were encoded; sex/age-variable traits were omitted unless broadly consistent."
prionailurus_viverrinus,ear_size_impression,small,web_reference,Smithsonian National Zoo,https://nationalzoo.si.edu/animals/fishing-cat,Fishing cat,2026-09-02,high,direct_curation_from_source_description,"Pilot Phase 2A: only clear, user-observable characteristics were encoded; sex/age-variable traits were omitted unless broadly consistent."
prionailurus_viverrinus,ear_shape_simple,rounded,web_reference,Smithsonian National Zoo,https://nationalzoo.si.edu/animals/fishing-cat,Fishing cat,2026-09-02,high,direct_curation_from_source_description,"Pilot Phase 2A: only clear, user-observable characteristics were encoded; sex/age-variable traits were omitted unless broadly consistent."
prionailurus_viverrinus,leg_foot_appearance,webbed_feet,web_reference,Smithsonian National Zoo,https://nationalzoo.si.edu/animals/fishing-cat,Fishing cat,2026-09-02,high,direct_curation_from_source_description,"Pilot Phase 2A: only clear, user-observable characteristics were encoded; sex/age-variable traits were omitted unless broadly consistent."
prionailurus_viverrinus,carnivore_tail_marking,rings,web_reference,Smithsonian National Zoo,https://nationalzoo.si.edu/animals/fishing-cat,Fishing cat,2026-09-02,high,direct_curation_from_source_description,"Pilot Phase 2A: only clear, user-observable characteristics were encoded; sex/age-variable traits were omitted unless broadly consistent."
prionailurus_bengalensis,body_form,cat_like,web_reference,Animal Diversity Web,https://animaldiversity.org/accounts/Prionailurus_bengalensis/,Prionailurus bengalensis (leopard cat),2026-09-02,high,direct_curation_from_source_description,"Pilot Phase 2A: only clear, user-observable characteristics were encoded; sex/age-variable traits were omitted unless broadly consistent."
prionailurus_bengalensis,body_covering,fur_or_hair,web_reference,Animal Diversity Web,https://animaldiversity.org/accounts/Prionailurus_bengalensis/,Prionailurus bengalensis (leopard cat),2026-09-02,high,direct_curation_from_source_description,"Pilot Phase 2A: only clear, user-observable characteristics were encoded; sex/age-variable traits were omitted unless broadly consistent."
prionailurus_bengalensis,primary_color,yellowish_or_buff,web_reference,Animal Diversity Web,https://animaldiversity.org/accounts/Prionailurus_bengalensis/,Prionailurus bengalensis (leopard cat),2026-09-02,high,direct_curation_from_source_description,"Pilot Phase 2A: only clear, user-observable characteristics were encoded; sex/age-variable traits were omitted unless broadly consistent."
prionailurus_bengalensis,body_pattern,spotted,web_reference,Animal Diversity Web,https://animaldiversity.org/accounts/Prionailurus_bengalensis/,Prionailurus bengalensis (leopard cat),2026-09-02,high,direct_curation_from_source_description,"Pilot Phase 2A: only clear, user-observable characteristics were encoded; sex/age-variable traits were omitted unless broadly consistent."
prionailurus_bengalensis,ear_size_impression,small,web_reference,Animal Diversity Web,https://animaldiversity.org/accounts/Prionailurus_bengalensis/,Prionailurus bengalensis (leopard cat),2026-09-02,high,direct_curation_from_source_description,"Pilot Phase 2A: only clear, user-observable characteristics were encoded; sex/age-variable traits were omitted unless broadly consistent."
prionailurus_bengalensis,ear_shape_simple,rounded,web_reference,Animal Diversity Web,https://animaldiversity.org/accounts/Prionailurus_bengalensis/,Prionailurus bengalensis (leopard cat),2026-09-02,high,direct_curation_from_source_description,"Pilot Phase 2A: only clear, user-observable characteristics were encoded; sex/age-variable traits were omitted unless broadly consistent."
prionailurus_bengalensis,snout_shape_simple,short_blunt,web_reference,Animal Diversity Web,https://animaldiversity.org/accounts/Prionailurus_bengalensis/,Prionailurus bengalensis (leopard cat),2026-09-02,high,direct_curation_from_source_description,"Pilot Phase 2A: only clear, user-observable characteristics were encoded; sex/age-variable traits were omitted unless broadly consistent."
prionailurus_bengalensis,carnivore_tail_marking,rings,web_reference,Animal Diversity Web,https://animaldiversity.org/accounts/Prionailurus_bengalensis/,Prionailurus bengalensis (leopard cat),2026-09-02,high,direct_curation_from_source_description,"Pilot Phase 2A: only clear, user-observable characteristics were encoded; sex/age-variable traits were omitted unless broadly consistent."
arctictis_binturong,body_form,long_body_short_legs,web_reference,Animal Diversity Web,https://animaldiversity.org/accounts/Arctictis_binturong/,Arctictis binturong (binturong),2026-09-02,high,direct_curation_from_source_description,"Pilot Phase 2A: only clear, user-observable characteristics were encoded; sex/age-variable traits were omitted unless broadly consistent."
arctictis_binturong,body_covering,fur_or_hair,web_reference,Animal Diversity Web,https://animaldiversity.org/accounts/Arctictis_binturong/,Arctictis binturong (binturong),2026-09-02,high,direct_curation_from_source_description,"Pilot Phase 2A: only clear, user-observable characteristics were encoded; sex/age-variable traits were omitted unless broadly consistent."
arctictis_binturong,movement_seen,climbing,web_reference,Animal Diversity Web,https://animaldiversity.org/accounts/Arctictis_binturong/,Arctictis binturong (binturong),2026-09-02,high,direct_curation_from_source_description,"Pilot Phase 2A: only clear, user-observable characteristics were encoded; sex/age-variable traits were omitted unless broadly consistent."
arctictis_binturong,observation_place,tree_or_bush,web_reference,Animal Diversity Web,https://animaldiversity.org/accounts/Arctictis_binturong/,Arctictis binturong (binturong),2026-09-02,high,direct_curation_from_source_description,"Pilot Phase 2A: only clear, user-observable characteristics were encoded; sex/age-variable traits were omitted unless broadly consistent."
arctictis_binturong,primary_color,black,web_reference,Animal Diversity Web,https://animaldiversity.org/accounts/Arctictis_binturong/,Arctictis binturong (binturong),2026-09-02,high,direct_curation_from_source_description,"Pilot Phase 2A: only clear, user-observable characteristics were encoded; sex/age-variable traits were omitted unless broadly consistent."
arctictis_binturong,tail_impression,very_long,web_reference,Animal Diversity Web,https://animaldiversity.org/accounts/Arctictis_binturong/,Arctictis binturong (binturong),2026-09-02,high,direct_curation_from_source_description,"Pilot Phase 2A: only clear, user-observable characteristics were encoded; sex/age-variable traits were omitted unless broadly consistent."
arctictis_binturong,ear_size_impression,small,web_reference,Animal Diversity Web,https://animaldiversity.org/accounts/Arctictis_binturong/,Arctictis binturong (binturong),2026-09-02,high,direct_curation_from_source_description,"Pilot Phase 2A: only clear, user-observable characteristics were encoded; sex/age-variable traits were omitted unless broadly consistent."
arctictis_binturong,ear_shape_simple,rounded,web_reference,Animal Diversity Web,https://animaldiversity.org/accounts/Arctictis_binturong/,Arctictis binturong (binturong),2026-09-02,high,direct_curation_from_source_description,"Pilot Phase 2A: only clear, user-observable characteristics were encoded; sex/age-variable traits were omitted unless broadly consistent."
arctictis_binturong,snout_shape_simple,short_blunt,web_reference,Animal Diversity Web,https://animaldiversity.org/accounts/Arctictis_binturong/,Arctictis binturong (binturong),2026-09-02,high,direct_curation_from_source_description,"Pilot Phase 2A: only clear, user-observable characteristics were encoded; sex/age-variable traits were omitted unless broadly consistent."
ailurus_fulgens,body_covering,fur_or_hair,web_reference,Smithsonian National Zoo,https://nationalzoo.si.edu/animals/red-panda,Red panda,2026-09-02,high,direct_curation_from_source_description,"Pilot Phase 2A: only clear, user-observable characteristics were encoded; sex/age-variable traits were omitted unless broadly consistent."
ailurus_fulgens,movement_seen,climbing,web_reference,Smithsonian National Zoo,https://nationalzoo.si.edu/animals/red-panda,Red panda,2026-09-02,high,direct_curation_from_source_description,"Pilot Phase 2A: only clear, user-observable characteristics were encoded; sex/age-variable traits were omitted unless broadly consistent."
ailurus_fulgens,observation_place,tree_or_bush,web_reference,Smithsonian National Zoo,https://nationalzoo.si.edu/animals/red-panda,Red panda,2026-09-02,high,direct_curation_from_source_description,"Pilot Phase 2A: only clear, user-observable characteristics were encoded; sex/age-variable traits were omitted unless broadly consistent."
ailurus_fulgens,primary_color,reddish_or_orange,web_reference,Smithsonian National Zoo,https://nationalzoo.si.edu/animals/red-panda,Red panda,2026-09-02,high,direct_curation_from_source_description,"Pilot Phase 2A: only clear, user-observable characteristics were encoded; sex/age-variable traits were omitted unless broadly consistent."
ailurus_fulgens,tail_impression,long,web_reference,Smithsonian National Zoo,https://nationalzoo.si.edu/animals/red-panda,Red panda,2026-09-02,high,direct_curation_from_source_description,"Pilot Phase 2A: only clear, user-observable characteristics were encoded; sex/age-variable traits were omitted unless broadly consistent."
ailurus_fulgens,tail_shape,bushy,web_reference,Smithsonian National Zoo,https://nationalzoo.si.edu/animals/red-panda,Red panda,2026-09-02,high,direct_curation_from_source_description,"Pilot Phase 2A: only clear, user-observable characteristics were encoded; sex/age-variable traits were omitted unless broadly consistent."
ailurus_fulgens,ear_size_impression,large,web_reference,Smithsonian National Zoo,https://nationalzoo.si.edu/animals/red-panda,Red panda,2026-09-02,high,direct_curation_from_source_description,"Pilot Phase 2A: only clear, user-observable characteristics were encoded; sex/age-variable traits were omitted unless broadly consistent."
ailurus_fulgens,ear_shape_simple,pointed,web_reference,Smithsonian National Zoo,https://nationalzoo.si.edu/animals/red-panda,Red panda,2026-09-02,high,direct_curation_from_source_description,"Pilot Phase 2A: only clear, user-observable characteristics were encoded; sex/age-variable traits were omitted unless broadly consistent."
ailurus_fulgens,snout_shape_simple,short_blunt,web_reference,Smithsonian National Zoo,https://nationalzoo.si.edu/animals/red-panda,Red panda,2026-09-02,high,direct_curation_from_source_description,"Pilot Phase 2A: only clear, user-observable characteristics were encoded; sex/age-variable traits were omitted unless broadly consistent."
ailurus_fulgens,carnivore_face_marking,mixed,web_reference,Smithsonian National Zoo,https://nationalzoo.si.edu/animals/red-panda,Red panda,2026-09-02,high,direct_curation_from_source_description,"Pilot Phase 2A: only clear, user-observable characteristics were encoded; sex/age-variable traits were omitted unless broadly consistent."
ailurus_fulgens,carnivore_tail_marking,rings,web_reference,Smithsonian National Zoo,https://nationalzoo.si.edu/animals/red-panda,Red panda,2026-09-02,high,direct_curation_from_source_description,"Pilot Phase 2A: only clear, user-observable characteristics were encoded; sex/age-variable traits were omitted unless broadly consistent."
ursus_thibetanus,body_form,bear_like,web_reference,Animal Diversity Web,https://animaldiversity.org/accounts/Ursus_thibetanus/,Ursus thibetanus (Asiatic black bear),2026-09-02,high,direct_curation_from_source_description,"Pilot Phase 2A: only clear, user-observable characteristics were encoded; sex/age-variable traits were omitted unless broadly consistent."
ursus_thibetanus,body_covering,fur_or_hair,web_reference,Animal Diversity Web,https://animaldiversity.org/accounts/Ursus_thibetanus/,Ursus thibetanus (Asiatic black bear),2026-09-02,high,direct_curation_from_source_description,"Pilot Phase 2A: only clear, user-observable characteristics were encoded; sex/age-variable traits were omitted unless broadly consistent."
ursus_thibetanus,primary_color,black,web_reference,Animal Diversity Web,https://animaldiversity.org/accounts/Ursus_thibetanus/,Ursus thibetanus (Asiatic black bear),2026-09-02,high,direct_curation_from_source_description,"Pilot Phase 2A: only clear, user-observable characteristics were encoded; sex/age-variable traits were omitted unless broadly consistent."
ursus_thibetanus,body_pattern,patched,web_reference,Animal Diversity Web,https://animaldiversity.org/accounts/Ursus_thibetanus/,Ursus thibetanus (Asiatic black bear),2026-09-02,high,direct_curation_from_source_description,"Pilot Phase 2A: only clear, user-observable characteristics were encoded; sex/age-variable traits were omitted unless broadly consistent."
ursus_thibetanus,tail_impression,short,web_reference,Animal Diversity Web,https://animaldiversity.org/accounts/Ursus_thibetanus/,Ursus thibetanus (Asiatic black bear),2026-09-02,high,direct_curation_from_source_description,"Pilot Phase 2A: only clear, user-observable characteristics were encoded; sex/age-variable traits were omitted unless broadly consistent."
ursus_thibetanus,snout_shape_simple,long_narrow,web_reference,Animal Diversity Web,https://animaldiversity.org/accounts/Ursus_thibetanus/,Ursus thibetanus (Asiatic black bear),2026-09-02,high,direct_curation_from_source_description,"Pilot Phase 2A: only clear, user-observable characteristics were encoded; sex/age-variable traits were omitted unless broadly consistent."
helarctos_malayanus,body_form,bear_like,web_reference,Animal Diversity Web,https://animaldiversity.org/accounts/Helarctos_malayanus/,Helarctos malayanus (sun bear),2026-09-02,high,direct_curation_from_source_description,"Pilot Phase 2A: only clear, user-observable characteristics were encoded; sex/age-variable traits were omitted unless broadly consistent."
helarctos_malayanus,body_covering,fur_or_hair,web_reference,Animal Diversity Web,https://animaldiversity.org/accounts/Helarctos_malayanus/,Helarctos malayanus (sun bear),2026-09-02,high,direct_curation_from_source_description,"Pilot Phase 2A: only clear, user-observable characteristics were encoded; sex/age-variable traits were omitted unless broadly consistent."
helarctos_malayanus,movement_seen,climbing,web_reference,Animal Diversity Web,https://animaldiversity.org/accounts/Helarctos_malayanus/,Helarctos malayanus (sun bear),2026-09-02,high,direct_curation_from_source_description,"Pilot Phase 2A: only clear, user-observable characteristics were encoded; sex/age-variable traits were omitted unless broadly consistent."
helarctos_malayanus,observation_place,tree_or_bush,web_reference,Animal Diversity Web,https://animaldiversity.org/accounts/Helarctos_malayanus/,Helarctos malayanus (sun bear),2026-09-02,high,direct_curation_from_source_description,"Pilot Phase 2A: only clear, user-observable characteristics were encoded; sex/age-variable traits were omitted unless broadly consistent."
helarctos_malayanus,primary_color,black,web_reference,Animal Diversity Web,https://animaldiversity.org/accounts/Helarctos_malayanus/,Helarctos malayanus (sun bear),2026-09-02,high,direct_curation_from_source_description,"Pilot Phase 2A: only clear, user-observable characteristics were encoded; sex/age-variable traits were omitted unless broadly consistent."
helarctos_malayanus,body_pattern,patched,web_reference,Animal Diversity Web,https://animaldiversity.org/accounts/Helarctos_malayanus/,Helarctos malayanus (sun bear),2026-09-02,high,direct_curation_from_source_description,"Pilot Phase 2A: only clear, user-observable characteristics were encoded; sex/age-variable traits were omitted unless broadly consistent."
helarctos_malayanus,tail_impression,short,web_reference,Animal Diversity Web,https://animaldiversity.org/accounts/Helarctos_malayanus/,Helarctos malayanus (sun bear),2026-09-02,high,direct_curation_from_source_description,"Pilot Phase 2A: only clear, user-observable characteristics were encoded; sex/age-variable traits were omitted unless broadly consistent."
helarctos_malayanus,ear_size_impression,small,web_reference,Animal Diversity Web,https://animaldiversity.org/accounts/Helarctos_malayanus/,Helarctos malayanus (sun bear),2026-09-02,high,direct_curation_from_source_description,"Pilot Phase 2A: only clear, user-observable characteristics were encoded; sex/age-variable traits were omitted unless broadly consistent."
helarctos_malayanus,ear_shape_simple,rounded,web_reference,Animal Diversity Web,https://animaldiversity.org/accounts/Helarctos_malayanus/,Helarctos malayanus (sun bear),2026-09-02,high,direct_curation_from_source_description,"Pilot Phase 2A: only clear, user-observable characteristics were encoded; sex/age-variable traits were omitted unless broadly consistent."
helarctos_malayanus,snout_shape_simple,short_blunt,web_reference,Animal Diversity Web,https://animaldiversity.org/accounts/Helarctos_malayanus/,Helarctos malayanus (sun bear),2026-09-02,high,direct_curation_from_source_description,"Pilot Phase 2A: only clear, user-observable characteristics were encoded; sex/age-variable traits were omitted unless broadly consistent."
sus_scrofa,body_form,pig_like,web_reference,Animal Diversity Web,https://animaldiversity.org/accounts/Sus_scrofa/,Sus scrofa (wild boar),2026-09-02,high,direct_curation_from_source_description,"Pilot Phase 2A: only clear, user-observable characteristics were encoded; sex/age-variable traits were omitted unless broadly consistent."
sus_scrofa,body_covering,fur_or_hair,web_reference,Animal Diversity Web,https://animaldiversity.org/accounts/Sus_scrofa/,Sus scrofa (wild boar),2026-09-02,high,direct_curation_from_source_description,"Pilot Phase 2A: only clear, user-observable characteristics were encoded; sex/age-variable traits were omitted unless broadly consistent."
sus_scrofa,primary_color,mixed,web_reference,Animal Diversity Web,https://animaldiversity.org/accounts/Sus_scrofa/,Sus scrofa (wild boar),2026-09-02,high,direct_curation_from_source_description,"Pilot Phase 2A: only clear, user-observable characteristics were encoded; sex/age-variable traits were omitted unless broadly consistent."
sus_scrofa,snout_shape_simple,pig_like,web_reference,Animal Diversity Web,https://animaldiversity.org/accounts/Sus_scrofa/,Sus scrofa (wild boar),2026-09-02,high,direct_curation_from_source_description,"Pilot Phase 2A: only clear, user-observable characteristics were encoded; sex/age-variable traits were omitted unless broadly consistent."
rhinoceros_unicornis,body_size_impression,cow_or_larger,web_reference,Animal Diversity Web,https://animaldiversity.org/accounts/Rhinoceros_unicornis/,Rhinoceros unicornis (Indian rhinoceros),2026-09-02,high,direct_curation_from_source_description,"Pilot Phase 2A: only clear, user-observable characteristics were encoded; sex/age-variable traits were omitted unless broadly consistent."
rhinoceros_unicornis,body_form,rhino_like,web_reference,Animal Diversity Web,https://animaldiversity.org/accounts/Rhinoceros_unicornis/,Rhinoceros unicornis (Indian rhinoceros),2026-09-02,high,direct_curation_from_source_description,"Pilot Phase 2A: only clear, user-observable characteristics were encoded; sex/age-variable traits were omitted unless broadly consistent."
rhinoceros_unicornis,primary_color,grey,web_reference,Animal Diversity Web,https://animaldiversity.org/accounts/Rhinoceros_unicornis/,Rhinoceros unicornis (Indian rhinoceros),2026-09-02,high,direct_curation_from_source_description,"Pilot Phase 2A: only clear, user-observable characteristics were encoded; sex/age-variable traits were omitted unless broadly consistent."
rhinoceros_unicornis,horns_or_antlers,single_horn,web_reference,Animal Diversity Web,https://animaldiversity.org/accounts/Rhinoceros_unicornis/,Rhinoceros unicornis (Indian rhinoceros),2026-09-02,high,direct_curation_from_source_description,"Pilot Phase 2A: only clear, user-observable characteristics were encoded; sex/age-variable traits were omitted unless broadly consistent."
tapirus_indicus,body_form,tapir_like,web_reference,Animal Diversity Web,https://animaldiversity.org/accounts/Tapirus_indicus/,Tapirus indicus (Malayan tapir),2026-09-02,high,direct_curation_from_source_description,"Pilot Phase 2A: only clear, user-observable characteristics were encoded; sex/age-variable traits were omitted unless broadly consistent."
tapirus_indicus,primary_color,mixed,web_reference,Animal Diversity Web,https://animaldiversity.org/accounts/Tapirus_indicus/,Tapirus indicus (Malayan tapir),2026-09-02,high,direct_curation_from_source_description,"Pilot Phase 2A: only clear, user-observable characteristics were encoded; sex/age-variable traits were omitted unless broadly consistent."
tapirus_indicus,body_pattern,patched,web_reference,Animal Diversity Web,https://animaldiversity.org/accounts/Tapirus_indicus/,Tapirus indicus (Malayan tapir),2026-09-02,high,direct_curation_from_source_description,"Pilot Phase 2A: only clear, user-observable characteristics were encoded; sex/age-variable traits were omitted unless broadly consistent."
tapirus_indicus,snout_shape_simple,trunk_like,web_reference,Animal Diversity Web,https://animaldiversity.org/accounts/Tapirus_indicus/,Tapirus indicus (Malayan tapir),2026-09-02,high,direct_curation_from_source_description,"Pilot Phase 2A: only clear, user-observable characteristics were encoded; sex/age-variable traits were omitted unless broadly consistent."
tapirus_indicus,leg_foot_appearance,hooves,web_reference,Animal Diversity Web,https://animaldiversity.org/accounts/Tapirus_indicus/,Tapirus indicus (Malayan tapir),2026-09-02,high,direct_curation_from_source_description,"Pilot Phase 2A: only clear, user-observable characteristics were encoded; sex/age-variable traits were omitted unless broadly consistent."
rucervus_eldii,body_form,hoofed_like,web_reference,Smithsonian National Zoo,https://nationalzoo.si.edu/animals/elds-deer,Eld’s deer,2026-09-02,high,direct_curation_from_source_description,"Pilot Phase 2A: only clear, user-observable characteristics were encoded; sex/age-variable traits were omitted unless broadly consistent."
rucervus_eldii,body_covering,fur_or_hair,web_reference,Smithsonian National Zoo,https://nationalzoo.si.edu/animals/elds-deer,Eld’s deer,2026-09-02,high,direct_curation_from_source_description,"Pilot Phase 2A: only clear, user-observable characteristics were encoded; sex/age-variable traits were omitted unless broadly consistent."
rucervus_eldii,primary_color,brown,web_reference,Smithsonian National Zoo,https://nationalzoo.si.edu/animals/elds-deer,Eld’s deer,2026-09-02,high,direct_curation_from_source_description,"Pilot Phase 2A: only clear, user-observable characteristics were encoded; sex/age-variable traits were omitted unless broadly consistent."
rucervus_eldii,ear_size_impression,large,web_reference,Smithsonian National Zoo,https://nationalzoo.si.edu/animals/elds-deer,Eld’s deer,2026-09-02,high,direct_curation_from_source_description,"Pilot Phase 2A: only clear, user-observable characteristics were encoded; sex/age-variable traits were omitted unless broadly consistent."
axis_porcinus,body_form,hoofed_like,web_reference,Animal Diversity Web,https://animaldiversity.org/accounts/Axis_porcinus/,Axis porcinus (hog deer),2026-09-02,high,direct_curation_from_source_description,"Pilot Phase 2A: only clear, user-observable characteristics were encoded; sex/age-variable traits were omitted unless broadly consistent."
axis_porcinus,body_covering,fur_or_hair,web_reference,Animal Diversity Web,https://animaldiversity.org/accounts/Axis_porcinus/,Axis porcinus (hog deer),2026-09-02,high,direct_curation_from_source_description,"Pilot Phase 2A: only clear, user-observable characteristics were encoded; sex/age-variable traits were omitted unless broadly consistent."
axis_porcinus,primary_color,dark_brown,web_reference,Animal Diversity Web,https://animaldiversity.org/accounts/Axis_porcinus/,Axis porcinus (hog deer),2026-09-02,high,direct_curation_from_source_description,"Pilot Phase 2A: only clear, user-observable characteristics were encoded; sex/age-variable traits were omitted unless broadly consistent."
axis_porcinus,ear_size_impression,large,web_reference,Animal Diversity Web,https://animaldiversity.org/accounts/Axis_porcinus/,Axis porcinus (hog deer),2026-09-02,high,direct_curation_from_source_description,"Pilot Phase 2A: only clear, user-observable characteristics were encoded; sex/age-variable traits were omitted unless broadly consistent."
axis_porcinus,ear_shape_simple,rounded,web_reference,Animal Diversity Web,https://animaldiversity.org/accounts/Axis_porcinus/,Axis porcinus (hog deer),2026-09-02,high,direct_curation_from_source_description,"Pilot Phase 2A: only clear, user-observable characteristics were encoded; sex/age-variable traits were omitted unless broadly consistent."
rusa_unicolor,body_form,hoofed_like,web_reference,Animal Diversity Web,https://animaldiversity.org/accounts/Rusa_unicolor/,Rusa unicolor (sambar),2026-09-02,high,direct_curation_from_source_description,"Pilot Phase 2A: only clear, user-observable characteristics were encoded; sex/age-variable traits were omitted unless broadly consistent."
rusa_unicolor,body_covering,fur_or_hair,web_reference,Animal Diversity Web,https://animaldiversity.org/accounts/Rusa_unicolor/,Rusa unicolor (sambar),2026-09-02,high,direct_curation_from_source_description,"Pilot Phase 2A: only clear, user-observable characteristics were encoded; sex/age-variable traits were omitted unless broadly consistent."
rusa_unicolor,primary_color,dark_brown,web_reference,Animal Diversity Web,https://animaldiversity.org/accounts/Rusa_unicolor/,Rusa unicolor (sambar),2026-09-02,high,direct_curation_from_source_description,"Pilot Phase 2A: only clear, user-observable characteristics were encoded; sex/age-variable traits were omitted unless broadly consistent."
rusa_unicolor,tail_shape,bushy,web_reference,Animal Diversity Web,https://animaldiversity.org/accounts/Rusa_unicolor/,Rusa unicolor (sambar),2026-09-02,high,direct_curation_from_source_description,"Pilot Phase 2A: only clear, user-observable characteristics were encoded; sex/age-variable traits were omitted unless broadly consistent."
bos_gaurus,body_size_impression,cow_or_larger,web_reference,Animal Diversity Web,https://animaldiversity.org/accounts/Bos_frontalis/,Bos frontalis (gaur),2026-09-02,high,direct_curation_from_source_description,"Pilot Phase 2A: only clear, user-observable characteristics were encoded; sex/age-variable traits were omitted unless broadly consistent."
bos_gaurus,body_form,hoofed_like,web_reference,Animal Diversity Web,https://animaldiversity.org/accounts/Bos_frontalis/,Bos frontalis (gaur),2026-09-02,high,direct_curation_from_source_description,"Pilot Phase 2A: only clear, user-observable characteristics were encoded; sex/age-variable traits were omitted unless broadly consistent."
bos_gaurus,body_covering,fur_or_hair,web_reference,Animal Diversity Web,https://animaldiversity.org/accounts/Bos_frontalis/,Bos frontalis (gaur),2026-09-02,high,direct_curation_from_source_description,"Pilot Phase 2A: only clear, user-observable characteristics were encoded; sex/age-variable traits were omitted unless broadly consistent."
bos_gaurus,primary_color,dark_brown,web_reference,Animal Diversity Web,https://animaldiversity.org/accounts/Bos_frontalis/,Bos frontalis (gaur),2026-09-02,high,direct_curation_from_source_description,"Pilot Phase 2A: only clear, user-observable characteristics were encoded; sex/age-variable traits were omitted unless broadly consistent."
bos_gaurus,body_pattern,patched,web_reference,Animal Diversity Web,https://animaldiversity.org/accounts/Bos_frontalis/,Bos frontalis (gaur),2026-09-02,high,direct_curation_from_source_description,"Pilot Phase 2A: only clear, user-observable characteristics were encoded; sex/age-variable traits were omitted unless broadly consistent."
bos_gaurus,horns_or_antlers,horns,web_reference,Animal Diversity Web,https://animaldiversity.org/accounts/Bos_frontalis/,Bos frontalis (gaur),2026-09-02,high,direct_curation_from_source_description,"Pilot Phase 2A: only clear, user-observable characteristics were encoded; sex/age-variable traits were omitted unless broadly consistent."
bos_javanicus,body_size_impression,cow_or_larger,web_reference,Animal Diversity Web,https://animaldiversity.org/accounts/Bos_javanicus/,Bos javanicus (banteng),2026-09-02,high,direct_curation_from_source_description,"Pilot Phase 2A: only clear, user-observable characteristics were encoded; sex/age-variable traits were omitted unless broadly consistent."
bos_javanicus,body_form,hoofed_like,web_reference,Animal Diversity Web,https://animaldiversity.org/accounts/Bos_javanicus/,Bos javanicus (banteng),2026-09-02,high,direct_curation_from_source_description,"Pilot Phase 2A: only clear, user-observable characteristics were encoded; sex/age-variable traits were omitted unless broadly consistent."
bos_javanicus,body_covering,fur_or_hair,web_reference,Animal Diversity Web,https://animaldiversity.org/accounts/Bos_javanicus/,Bos javanicus (banteng),2026-09-02,high,direct_curation_from_source_description,"Pilot Phase 2A: only clear, user-observable characteristics were encoded; sex/age-variable traits were omitted unless broadly consistent."
bos_javanicus,primary_color,mixed,web_reference,Animal Diversity Web,https://animaldiversity.org/accounts/Bos_javanicus/,Bos javanicus (banteng),2026-09-02,high,direct_curation_from_source_description,"Pilot Phase 2A: only clear, user-observable characteristics were encoded; sex/age-variable traits were omitted unless broadly consistent."
bos_javanicus,body_pattern,patched,web_reference,Animal Diversity Web,https://animaldiversity.org/accounts/Bos_javanicus/,Bos javanicus (banteng),2026-09-02,high,direct_curation_from_source_description,"Pilot Phase 2A: only clear, user-observable characteristics were encoded; sex/age-variable traits were omitted unless broadly consistent."
bos_javanicus,horns_or_antlers,horns,web_reference,Animal Diversity Web,https://animaldiversity.org/accounts/Bos_javanicus/,Bos javanicus (banteng),2026-09-02,high,direct_curation_from_source_description,"Pilot Phase 2A: only clear, user-observable characteristics were encoded; sex/age-variable traits were omitted unless broadly consistent."
bos_javanicus,horn_shape_simple,curved,web_reference,Animal Diversity Web,https://animaldiversity.org/accounts/Bos_javanicus/,Bos javanicus (banteng),2026-09-02,high,direct_curation_from_source_description,"Pilot Phase 2A: only clear, user-observable characteristics were encoded; sex/age-variable traits were omitted unless broadly consistent."
macaca_fascicularis,body_form,monkey_like,species_profile,Animal Diversity Web,https://animaldiversity.org/accounts/Macaca_fascicularis/,"Bonadio, C. Macaca fascicularis, Animal Diversity Web.",2026-09-02,high,direct_or_simple_categorical_mapping,"Mapped from conspicuous external appearance, movement, or habitat statements in the cited species profile; no user measurement required."
macaca_fascicularis,body_covering,fur_or_hair,species_profile,Animal Diversity Web,https://animaldiversity.org/accounts/Macaca_fascicularis/,"Bonadio, C. Macaca fascicularis, Animal Diversity Web.",2026-09-02,high,direct_or_simple_categorical_mapping,"Mapped from conspicuous external appearance, movement, or habitat statements in the cited species profile; no user measurement required."
macaca_fascicularis,movement_seen,climbing,species_profile,Animal Diversity Web,https://animaldiversity.org/accounts/Macaca_fascicularis/,"Bonadio, C. Macaca fascicularis, Animal Diversity Web.",2026-09-02,high,direct_or_simple_categorical_mapping,"Mapped from conspicuous external appearance, movement, or habitat statements in the cited species profile; no user measurement required."
macaca_fascicularis,observation_place,tree_or_bush,species_profile,Animal Diversity Web,https://animaldiversity.org/accounts/Macaca_fascicularis/,"Bonadio, C. Macaca fascicularis, Animal Diversity Web.",2026-09-02,high,direct_or_simple_categorical_mapping,"Mapped from conspicuous external appearance, movement, or habitat statements in the cited species profile; no user measurement required."
macaca_fascicularis,time_seen,day,species_profile,Animal Diversity Web,https://animaldiversity.org/accounts/Macaca_fascicularis/,"Bonadio, C. Macaca fascicularis, Animal Diversity Web.",2026-09-02,high,direct_or_simple_categorical_mapping,"Mapped from conspicuous external appearance, movement, or habitat statements in the cited species profile; no user measurement required."
macaca_fascicularis,primary_color,mixed,species_profile,Animal Diversity Web,https://animaldiversity.org/accounts/Macaca_fascicularis/,"Bonadio, C. Macaca fascicularis, Animal Diversity Web.",2026-09-02,high,direct_or_simple_categorical_mapping,"Mapped from conspicuous external appearance, movement, or habitat statements in the cited species profile; no user measurement required."
macaca_fascicularis,body_pattern,plain,species_profile,Animal Diversity Web,https://animaldiversity.org/accounts/Macaca_fascicularis/,"Bonadio, C. Macaca fascicularis, Animal Diversity Web.",2026-09-02,high,direct_or_simple_categorical_mapping,"Mapped from conspicuous external appearance, movement, or habitat statements in the cited species profile; no user measurement required."
macaca_fascicularis,tail_impression,very_long,species_profile,Animal Diversity Web,https://animaldiversity.org/accounts/Macaca_fascicularis/,"Bonadio, C. Macaca fascicularis, Animal Diversity Web.",2026-09-02,high,direct_or_simple_categorical_mapping,"Mapped from conspicuous external appearance, movement, or habitat statements in the cited species profile; no user measurement required."
macaca_fascicularis,primate_face_marking,cheek_whiskers,species_profile,Animal Diversity Web,https://animaldiversity.org/accounts/Macaca_fascicularis/,"Bonadio, C. Macaca fascicularis, Animal Diversity Web.",2026-09-02,high,direct_or_simple_categorical_mapping,"Mapped from conspicuous external appearance, movement, or habitat statements in the cited species profile; no user measurement required."
macaca_arctoides,body_form,monkey_like,species_profile,Animal Diversity Web,https://animaldiversity.org/accounts/Macaca_arctoides/,"Erfurth, C. Macaca arctoides, Animal Diversity Web.",2026-09-02,high,direct_or_simple_categorical_mapping,"Mapped from conspicuous external appearance, movement, or habitat statements in the cited species profile; no user measurement required."
macaca_arctoides,body_covering,fur_or_hair,species_profile,Animal Diversity Web,https://animaldiversity.org/accounts/Macaca_arctoides/,"Erfurth, C. Macaca arctoides, Animal Diversity Web.",2026-09-02,high,direct_or_simple_categorical_mapping,"Mapped from conspicuous external appearance, movement, or habitat statements in the cited species profile; no user measurement required."
macaca_arctoides,movement_seen,walking_or_running,species_profile,Animal Diversity Web,https://animaldiversity.org/accounts/Macaca_arctoides/,"Erfurth, C. Macaca arctoides, Animal Diversity Web.",2026-09-02,high,direct_or_simple_categorical_mapping,"Mapped from conspicuous external appearance, movement, or habitat statements in the cited species profile; no user measurement required."
macaca_arctoides,observation_place,ground,species_profile,Animal Diversity Web,https://animaldiversity.org/accounts/Macaca_arctoides/,"Erfurth, C. Macaca arctoides, Animal Diversity Web.",2026-09-02,high,direct_or_simple_categorical_mapping,"Mapped from conspicuous external appearance, movement, or habitat statements in the cited species profile; no user measurement required."
macaca_arctoides,primary_color,dark_brown,species_profile,Animal Diversity Web,https://animaldiversity.org/accounts/Macaca_arctoides/,"Erfurth, C. Macaca arctoides, Animal Diversity Web.",2026-09-02,high,direct_or_simple_categorical_mapping,"Mapped from conspicuous external appearance, movement, or habitat statements in the cited species profile; no user measurement required."
macaca_arctoides,body_pattern,plain,species_profile,Animal Diversity Web,https://animaldiversity.org/accounts/Macaca_arctoides/,"Erfurth, C. Macaca arctoides, Animal Diversity Web.",2026-09-02,high,direct_or_simple_categorical_mapping,"Mapped from conspicuous external appearance, movement, or habitat statements in the cited species profile; no user measurement required."
macaca_arctoides,tail_impression,short,species_profile,Animal Diversity Web,https://animaldiversity.org/accounts/Macaca_arctoides/,"Erfurth, C. Macaca arctoides, Animal Diversity Web.",2026-09-02,high,direct_or_simple_categorical_mapping,"Mapped from conspicuous external appearance, movement, or habitat statements in the cited species profile; no user measurement required."
macaca_mulatta,body_form,monkey_like,species_profile,Animal Diversity Web,https://animaldiversity.org/accounts/Macaca_mulatta/,"Seinfeld, J. Macaca mulatta, Animal Diversity Web.",2026-09-02,high,direct_or_simple_categorical_mapping,"Mapped from conspicuous external appearance, movement, or habitat statements in the cited species profile; no user measurement required."
macaca_mulatta,body_covering,fur_or_hair,species_profile,Animal Diversity Web,https://animaldiversity.org/accounts/Macaca_mulatta/,"Seinfeld, J. Macaca mulatta, Animal Diversity Web.",2026-09-02,high,direct_or_simple_categorical_mapping,"Mapped from conspicuous external appearance, movement, or habitat statements in the cited species profile; no user measurement required."
macaca_mulatta,movement_seen,walking_or_running,species_profile,Animal Diversity Web,https://animaldiversity.org/accounts/Macaca_mulatta/,"Seinfeld, J. Macaca mulatta, Animal Diversity Web.",2026-09-02,high,direct_or_simple_categorical_mapping,"Mapped from conspicuous external appearance, movement, or habitat statements in the cited species profile; no user measurement required."
macaca_mulatta,observation_place,ground,species_profile,Animal Diversity Web,https://animaldiversity.org/accounts/Macaca_mulatta/,"Seinfeld, J. Macaca mulatta, Animal Diversity Web.",2026-09-02,high,direct_or_simple_categorical_mapping,"Mapped from conspicuous external appearance, movement, or habitat statements in the cited species profile; no user measurement required."
macaca_mulatta,primary_color,brown,species_profile,Animal Diversity Web,https://animaldiversity.org/accounts/Macaca_mulatta/,"Seinfeld, J. Macaca mulatta, Animal Diversity Web.",2026-09-02,high,direct_or_simple_categorical_mapping,"Mapped from conspicuous external appearance, movement, or habitat statements in the cited species profile; no user measurement required."
macaca_mulatta,body_pattern,plain,species_profile,Animal Diversity Web,https://animaldiversity.org/accounts/Macaca_mulatta/,"Seinfeld, J. Macaca mulatta, Animal Diversity Web.",2026-09-02,high,direct_or_simple_categorical_mapping,"Mapped from conspicuous external appearance, movement, or habitat statements in the cited species profile; no user measurement required."
macaca_mulatta,tail_impression,medium,species_profile,Animal Diversity Web,https://animaldiversity.org/accounts/Macaca_mulatta/,"Seinfeld, J. Macaca mulatta, Animal Diversity Web.",2026-09-02,high,direct_or_simple_categorical_mapping,"Mapped from conspicuous external appearance, movement, or habitat statements in the cited species profile; no user measurement required."
hylobates_lar,body_form,monkey_like,species_profile,Animal Diversity Web,https://animaldiversity.org/accounts/Hylobates_lar/,"Beaman, M. Hylobates lar, Animal Diversity Web.",2026-09-02,high,direct_or_simple_categorical_mapping,"Mapped from conspicuous external appearance, movement, or habitat statements in the cited species profile; no user measurement required."
hylobates_lar,body_covering,fur_or_hair,species_profile,Animal Diversity Web,https://animaldiversity.org/accounts/Hylobates_lar/,"Beaman, M. Hylobates lar, Animal Diversity Web.",2026-09-02,high,direct_or_simple_categorical_mapping,"Mapped from conspicuous external appearance, movement, or habitat statements in the cited species profile; no user measurement required."
hylobates_lar,movement_seen,climbing,species_profile,Animal Diversity Web,https://animaldiversity.org/accounts/Hylobates_lar/,"Beaman, M. Hylobates lar, Animal Diversity Web.",2026-09-02,high,direct_or_simple_categorical_mapping,"Mapped from conspicuous external appearance, movement, or habitat statements in the cited species profile; no user measurement required."
hylobates_lar,observation_place,tree_or_bush,species_profile,Animal Diversity Web,https://animaldiversity.org/accounts/Hylobates_lar/,"Beaman, M. Hylobates lar, Animal Diversity Web.",2026-09-02,high,direct_or_simple_categorical_mapping,"Mapped from conspicuous external appearance, movement, or habitat statements in the cited species profile; no user measurement required."
hylobates_lar,primary_color,mixed,species_profile,Animal Diversity Web,https://animaldiversity.org/accounts/Hylobates_lar/,"Beaman, M. Hylobates lar, Animal Diversity Web.",2026-09-02,high,direct_or_simple_categorical_mapping,"Mapped from conspicuous external appearance, movement, or habitat statements in the cited species profile; no user measurement required."
hylobates_lar,tail_impression,no_obvious_tail,species_profile,Animal Diversity Web,https://animaldiversity.org/accounts/Hylobates_lar/,"Beaman, M. Hylobates lar, Animal Diversity Web.",2026-09-02,high,direct_or_simple_categorical_mapping,"Mapped from conspicuous external appearance, movement, or habitat statements in the cited species profile; no user measurement required."
hylobates_lar,leg_foot_appearance,grasping_hands_or_feet,species_profile,Animal Diversity Web,https://animaldiversity.org/accounts/Hylobates_lar/,"Beaman, M. Hylobates lar, Animal Diversity Web.",2026-09-02,high,direct_or_simple_categorical_mapping,"Mapped from conspicuous external appearance, movement, or habitat statements in the cited species profile; no user measurement required."
trachypithecus_phayrei,body_form,monkey_like,species_profile,Animal Diversity Web,https://animaldiversity.org/accounts/Trachypithecus_phayrei/,"Trachypithecus phayrei, Animal Diversity Web.",2026-09-02,high,direct_or_simple_categorical_mapping,"Mapped from conspicuous external appearance, movement, or habitat statements in the cited species profile; no user measurement required."
trachypithecus_phayrei,body_covering,fur_or_hair,species_profile,Animal Diversity Web,https://animaldiversity.org/accounts/Trachypithecus_phayrei/,"Trachypithecus phayrei, Animal Diversity Web.",2026-09-02,high,direct_or_simple_categorical_mapping,"Mapped from conspicuous external appearance, movement, or habitat statements in the cited species profile; no user measurement required."
trachypithecus_phayrei,movement_seen,climbing,species_profile,Animal Diversity Web,https://animaldiversity.org/accounts/Trachypithecus_phayrei/,"Trachypithecus phayrei, Animal Diversity Web.",2026-09-02,high,direct_or_simple_categorical_mapping,"Mapped from conspicuous external appearance, movement, or habitat statements in the cited species profile; no user measurement required."
trachypithecus_phayrei,observation_place,tree_or_bush,species_profile,Animal Diversity Web,https://animaldiversity.org/accounts/Trachypithecus_phayrei/,"Trachypithecus phayrei, Animal Diversity Web.",2026-09-02,high,direct_or_simple_categorical_mapping,"Mapped from conspicuous external appearance, movement, or habitat statements in the cited species profile; no user measurement required."
trachypithecus_phayrei,primary_color,grey,species_profile,Animal Diversity Web,https://animaldiversity.org/accounts/Trachypithecus_phayrei/,"Trachypithecus phayrei, Animal Diversity Web.",2026-09-02,high,direct_or_simple_categorical_mapping,"Mapped from conspicuous external appearance, movement, or habitat statements in the cited species profile; no user measurement required."
trachypithecus_phayrei,tail_impression,long,species_profile,Animal Diversity Web,https://animaldiversity.org/accounts/Trachypithecus_phayrei/,"Trachypithecus phayrei, Animal Diversity Web.",2026-09-02,high,direct_or_simple_categorical_mapping,"Mapped from conspicuous external appearance, movement, or habitat statements in the cited species profile; no user measurement required."
hoolock_hoolock,body_form,monkey_like,species_profile,Animal Diversity Web,https://animaldiversity.org/accounts/Bunopithecus_hoolock/,"Hoolock gibbon account (legacy Bunopithecus hoolock), Animal Diversity Web.",2026-09-02,high,direct_or_simple_categorical_mapping,"Mapped from conspicuous external appearance, movement, or habitat statements in the cited species profile; no user measurement required."
hoolock_hoolock,body_covering,fur_or_hair,species_profile,Animal Diversity Web,https://animaldiversity.org/accounts/Bunopithecus_hoolock/,"Hoolock gibbon account (legacy Bunopithecus hoolock), Animal Diversity Web.",2026-09-02,high,direct_or_simple_categorical_mapping,"Mapped from conspicuous external appearance, movement, or habitat statements in the cited species profile; no user measurement required."
hoolock_hoolock,movement_seen,climbing,species_profile,Animal Diversity Web,https://animaldiversity.org/accounts/Bunopithecus_hoolock/,"Hoolock gibbon account (legacy Bunopithecus hoolock), Animal Diversity Web.",2026-09-02,high,direct_or_simple_categorical_mapping,"Mapped from conspicuous external appearance, movement, or habitat statements in the cited species profile; no user measurement required."
hoolock_hoolock,observation_place,tree_or_bush,species_profile,Animal Diversity Web,https://animaldiversity.org/accounts/Bunopithecus_hoolock/,"Hoolock gibbon account (legacy Bunopithecus hoolock), Animal Diversity Web.",2026-09-02,high,direct_or_simple_categorical_mapping,"Mapped from conspicuous external appearance, movement, or habitat statements in the cited species profile; no user measurement required."
hoolock_hoolock,primary_color,mixed,species_profile,Animal Diversity Web,https://animaldiversity.org/accounts/Bunopithecus_hoolock/,"Hoolock gibbon account (legacy Bunopithecus hoolock), Animal Diversity Web.",2026-09-02,high,direct_or_simple_categorical_mapping,"Mapped from conspicuous external appearance, movement, or habitat statements in the cited species profile; no user measurement required."
hoolock_hoolock,primate_face_marking,mixed,species_profile,Animal Diversity Web,https://animaldiversity.org/accounts/Bunopithecus_hoolock/,"Hoolock gibbon account (legacy Bunopithecus hoolock), Animal Diversity Web.",2026-09-02,high,direct_or_simple_categorical_mapping,"Mapped from conspicuous external appearance, movement, or habitat statements in the cited species profile; no user measurement required."
trachypithecus_obscurus,body_form,monkey_like,species_profile,Animal Diversity Web,https://animaldiversity.org/accounts/Trachypithecus_obscurus/,"Trachypithecus obscurus, Animal Diversity Web.",2026-09-02,high,direct_or_simple_categorical_mapping,"Mapped from conspicuous external appearance, movement, or habitat statements in the cited species profile; no user measurement required."
trachypithecus_obscurus,body_covering,fur_or_hair,species_profile,Animal Diversity Web,https://animaldiversity.org/accounts/Trachypithecus_obscurus/,"Trachypithecus obscurus, Animal Diversity Web.",2026-09-02,high,direct_or_simple_categorical_mapping,"Mapped from conspicuous external appearance, movement, or habitat statements in the cited species profile; no user measurement required."
trachypithecus_obscurus,movement_seen,climbing,species_profile,Animal Diversity Web,https://animaldiversity.org/accounts/Trachypithecus_obscurus/,"Trachypithecus obscurus, Animal Diversity Web.",2026-09-02,high,direct_or_simple_categorical_mapping,"Mapped from conspicuous external appearance, movement, or habitat statements in the cited species profile; no user measurement required."
trachypithecus_obscurus,observation_place,tree_or_bush,species_profile,Animal Diversity Web,https://animaldiversity.org/accounts/Trachypithecus_obscurus/,"Trachypithecus obscurus, Animal Diversity Web.",2026-09-02,high,direct_or_simple_categorical_mapping,"Mapped from conspicuous external appearance, movement, or habitat statements in the cited species profile; no user measurement required."
trachypithecus_obscurus,primary_color,mixed,species_profile,Animal Diversity Web,https://animaldiversity.org/accounts/Trachypithecus_obscurus/,"Trachypithecus obscurus, Animal Diversity Web.",2026-09-02,high,direct_or_simple_categorical_mapping,"Mapped from conspicuous external appearance, movement, or habitat statements in the cited species profile; no user measurement required."
trachypithecus_obscurus,tail_impression,very_long,species_profile,Animal Diversity Web,https://animaldiversity.org/accounts/Trachypithecus_obscurus/,"Trachypithecus obscurus, Animal Diversity Web.",2026-09-02,high,direct_or_simple_categorical_mapping,"Mapped from conspicuous external appearance, movement, or habitat statements in the cited species profile; no user measurement required."
trachypithecus_obscurus,leg_foot_appearance,grasping_hands_or_feet,species_profile,Animal Diversity Web,https://animaldiversity.org/accounts/Trachypithecus_obscurus/,"Trachypithecus obscurus, Animal Diversity Web.",2026-09-02,high,direct_or_simple_categorical_mapping,"Mapped from conspicuous external appearance, movement, or habitat statements in the cited species profile; no user measurement required."
trachypithecus_obscurus,primate_face_marking,eye_rings,species_profile,Animal Diversity Web,https://animaldiversity.org/accounts/Trachypithecus_obscurus/,"Trachypithecus obscurus, Animal Diversity Web.",2026-09-02,high,direct_or_simple_categorical_mapping,"Mapped from conspicuous external appearance, movement, or habitat statements in the cited species profile; no user measurement required."
felis_chaus,body_form,cat_like,species_profile,Animal Diversity Web,https://animaldiversity.org/accounts/Felis_chaus/,"Fitzgerald, A. Felis chaus, Animal Diversity Web.",2026-09-02,high,direct_or_simple_categorical_mapping,"Mapped from conspicuous external appearance, movement, or habitat statements in the cited species profile; no user measurement required."
felis_chaus,body_covering,fur_or_hair,species_profile,Animal Diversity Web,https://animaldiversity.org/accounts/Felis_chaus/,"Fitzgerald, A. Felis chaus, Animal Diversity Web.",2026-09-02,high,direct_or_simple_categorical_mapping,"Mapped from conspicuous external appearance, movement, or habitat statements in the cited species profile; no user measurement required."
felis_chaus,primary_color,mixed,species_profile,Animal Diversity Web,https://animaldiversity.org/accounts/Felis_chaus/,"Fitzgerald, A. Felis chaus, Animal Diversity Web.",2026-09-02,high,direct_or_simple_categorical_mapping,"Mapped from conspicuous external appearance, movement, or habitat statements in the cited species profile; no user measurement required."
felis_chaus,body_pattern,plain,species_profile,Animal Diversity Web,https://animaldiversity.org/accounts/Felis_chaus/,"Fitzgerald, A. Felis chaus, Animal Diversity Web.",2026-09-02,high,direct_or_simple_categorical_mapping,"Mapped from conspicuous external appearance, movement, or habitat statements in the cited species profile; no user measurement required."
felis_chaus,tail_impression,short,species_profile,Animal Diversity Web,https://animaldiversity.org/accounts/Felis_chaus/,"Fitzgerald, A. Felis chaus, Animal Diversity Web.",2026-09-02,high,direct_or_simple_categorical_mapping,"Mapped from conspicuous external appearance, movement, or habitat statements in the cited species profile; no user measurement required."
felis_chaus,ear_size_impression,large,species_profile,Animal Diversity Web,https://animaldiversity.org/accounts/Felis_chaus/,"Fitzgerald, A. Felis chaus, Animal Diversity Web.",2026-09-02,high,direct_or_simple_categorical_mapping,"Mapped from conspicuous external appearance, movement, or habitat statements in the cited species profile; no user measurement required."
felis_chaus,ear_shape_simple,rounded,species_profile,Animal Diversity Web,https://animaldiversity.org/accounts/Felis_chaus/,"Fitzgerald, A. Felis chaus, Animal Diversity Web.",2026-09-02,high,direct_or_simple_categorical_mapping,"Mapped from conspicuous external appearance, movement, or habitat statements in the cited species profile; no user measurement required."
felis_chaus,carnivore_tail_marking,rings,species_profile,Animal Diversity Web,https://animaldiversity.org/accounts/Felis_chaus/,"Fitzgerald, A. Felis chaus, Animal Diversity Web.",2026-09-02,high,direct_or_simple_categorical_mapping,"Mapped from conspicuous external appearance, movement, or habitat statements in the cited species profile; no user measurement required."
paguma_larvata,body_form,long_body_short_legs,species_profile,Animal Diversity Web,https://animaldiversity.org/accounts/Paguma_larvata/,"Lundrigan, B. & Baker, S. Paguma larvata, Animal Diversity Web.",2026-09-02,high,direct_or_simple_categorical_mapping,"Mapped from conspicuous external appearance, movement, or habitat statements in the cited species profile; no user measurement required."
paguma_larvata,body_covering,fur_or_hair,species_profile,Animal Diversity Web,https://animaldiversity.org/accounts/Paguma_larvata/,"Lundrigan, B. & Baker, S. Paguma larvata, Animal Diversity Web.",2026-09-02,high,direct_or_simple_categorical_mapping,"Mapped from conspicuous external appearance, movement, or habitat statements in the cited species profile; no user measurement required."
paguma_larvata,movement_seen,climbing,species_profile,Animal Diversity Web,https://animaldiversity.org/accounts/Paguma_larvata/,"Lundrigan, B. & Baker, S. Paguma larvata, Animal Diversity Web.",2026-09-02,high,direct_or_simple_categorical_mapping,"Mapped from conspicuous external appearance, movement, or habitat statements in the cited species profile; no user measurement required."
paguma_larvata,observation_place,tree_or_bush,species_profile,Animal Diversity Web,https://animaldiversity.org/accounts/Paguma_larvata/,"Lundrigan, B. & Baker, S. Paguma larvata, Animal Diversity Web.",2026-09-02,high,direct_or_simple_categorical_mapping,"Mapped from conspicuous external appearance, movement, or habitat statements in the cited species profile; no user measurement required."
paguma_larvata,time_seen,night,species_profile,Animal Diversity Web,https://animaldiversity.org/accounts/Paguma_larvata/,"Lundrigan, B. & Baker, S. Paguma larvata, Animal Diversity Web.",2026-09-02,high,direct_or_simple_categorical_mapping,"Mapped from conspicuous external appearance, movement, or habitat statements in the cited species profile; no user measurement required."
paguma_larvata,primary_color,grey,species_profile,Animal Diversity Web,https://animaldiversity.org/accounts/Paguma_larvata/,"Lundrigan, B. & Baker, S. Paguma larvata, Animal Diversity Web.",2026-09-02,high,direct_or_simple_categorical_mapping,"Mapped from conspicuous external appearance, movement, or habitat statements in the cited species profile; no user measurement required."
paguma_larvata,body_pattern,masked,species_profile,Animal Diversity Web,https://animaldiversity.org/accounts/Paguma_larvata/,"Lundrigan, B. & Baker, S. Paguma larvata, Animal Diversity Web.",2026-09-02,high,direct_or_simple_categorical_mapping,"Mapped from conspicuous external appearance, movement, or habitat statements in the cited species profile; no user measurement required."
paguma_larvata,tail_impression,long,species_profile,Animal Diversity Web,https://animaldiversity.org/accounts/Paguma_larvata/,"Lundrigan, B. & Baker, S. Paguma larvata, Animal Diversity Web.",2026-09-02,high,direct_or_simple_categorical_mapping,"Mapped from conspicuous external appearance, movement, or habitat statements in the cited species profile; no user measurement required."
paguma_larvata,carnivore_face_marking,pale_mask,species_profile,Animal Diversity Web,https://animaldiversity.org/accounts/Paguma_larvata/,"Lundrigan, B. & Baker, S. Paguma larvata, Animal Diversity Web.",2026-09-02,high,direct_or_simple_categorical_mapping,"Mapped from conspicuous external appearance, movement, or habitat statements in the cited species profile; no user measurement required."
paguma_larvata,carnivore_tail_marking,dark_tip,species_profile,Animal Diversity Web,https://animaldiversity.org/accounts/Paguma_larvata/,"Lundrigan, B. & Baker, S. Paguma larvata, Animal Diversity Web.",2026-09-02,high,direct_or_simple_categorical_mapping,"Mapped from conspicuous external appearance, movement, or habitat statements in the cited species profile; no user measurement required."
vulpes_vulpes,body_form,dog_like,species_profile,Animal Diversity Web,https://animaldiversity.org/accounts/Vulpes_vulpes/,"Vulpes vulpes, Animal Diversity Web.",2026-09-02,high,direct_or_simple_categorical_mapping,"Mapped from conspicuous external appearance, movement, or habitat statements in the cited species profile; no user measurement required."
vulpes_vulpes,body_covering,fur_or_hair,species_profile,Animal Diversity Web,https://animaldiversity.org/accounts/Vulpes_vulpes/,"Vulpes vulpes, Animal Diversity Web.",2026-09-02,high,direct_or_simple_categorical_mapping,"Mapped from conspicuous external appearance, movement, or habitat statements in the cited species profile; no user measurement required."
vulpes_vulpes,primary_color,reddish_or_orange,species_profile,Animal Diversity Web,https://animaldiversity.org/accounts/Vulpes_vulpes/,"Vulpes vulpes, Animal Diversity Web.",2026-09-02,high,direct_or_simple_categorical_mapping,"Mapped from conspicuous external appearance, movement, or habitat statements in the cited species profile; no user measurement required."
vulpes_vulpes,tail_impression,long,species_profile,Animal Diversity Web,https://animaldiversity.org/accounts/Vulpes_vulpes/,"Vulpes vulpes, Animal Diversity Web.",2026-09-02,high,direct_or_simple_categorical_mapping,"Mapped from conspicuous external appearance, movement, or habitat statements in the cited species profile; no user measurement required."
vulpes_vulpes,tail_shape,bushy,species_profile,Animal Diversity Web,https://animaldiversity.org/accounts/Vulpes_vulpes/,"Vulpes vulpes, Animal Diversity Web.",2026-09-02,high,direct_or_simple_categorical_mapping,"Mapped from conspicuous external appearance, movement, or habitat statements in the cited species profile; no user measurement required."
vulpes_vulpes,leg_foot_appearance,paws,species_profile,Animal Diversity Web,https://animaldiversity.org/accounts/Vulpes_vulpes/,"Vulpes vulpes, Animal Diversity Web.",2026-09-02,high,direct_or_simple_categorical_mapping,"Mapped from conspicuous external appearance, movement, or habitat statements in the cited species profile; no user measurement required."
cuon_alpinus,body_form,dog_like,species_profile,Animal Diversity Web,https://animaldiversity.org/accounts/Cuon_alpinus/,"Chacon, R. Cuon alpinus, Animal Diversity Web.",2026-09-02,high,direct_or_simple_categorical_mapping,"Mapped from conspicuous external appearance, movement, or habitat statements in the cited species profile; no user measurement required."
cuon_alpinus,body_covering,fur_or_hair,species_profile,Animal Diversity Web,https://animaldiversity.org/accounts/Cuon_alpinus/,"Chacon, R. Cuon alpinus, Animal Diversity Web.",2026-09-02,high,direct_or_simple_categorical_mapping,"Mapped from conspicuous external appearance, movement, or habitat statements in the cited species profile; no user measurement required."
cuon_alpinus,movement_seen,walking_or_running,species_profile,Animal Diversity Web,https://animaldiversity.org/accounts/Cuon_alpinus/,"Chacon, R. Cuon alpinus, Animal Diversity Web.",2026-09-02,high,direct_or_simple_categorical_mapping,"Mapped from conspicuous external appearance, movement, or habitat statements in the cited species profile; no user measurement required."
cuon_alpinus,observation_place,ground,species_profile,Animal Diversity Web,https://animaldiversity.org/accounts/Cuon_alpinus/,"Chacon, R. Cuon alpinus, Animal Diversity Web.",2026-09-02,high,direct_or_simple_categorical_mapping,"Mapped from conspicuous external appearance, movement, or habitat statements in the cited species profile; no user measurement required."
cuon_alpinus,primary_color,reddish_or_orange,species_profile,Animal Diversity Web,https://animaldiversity.org/accounts/Cuon_alpinus/,"Chacon, R. Cuon alpinus, Animal Diversity Web.",2026-09-02,high,direct_or_simple_categorical_mapping,"Mapped from conspicuous external appearance, movement, or habitat statements in the cited species profile; no user measurement required."
cuon_alpinus,body_pattern,plain,species_profile,Animal Diversity Web,https://animaldiversity.org/accounts/Cuon_alpinus/,"Chacon, R. Cuon alpinus, Animal Diversity Web.",2026-09-02,high,direct_or_simple_categorical_mapping,"Mapped from conspicuous external appearance, movement, or habitat statements in the cited species profile; no user measurement required."
cuon_alpinus,tail_impression,long,species_profile,Animal Diversity Web,https://animaldiversity.org/accounts/Cuon_alpinus/,"Chacon, R. Cuon alpinus, Animal Diversity Web.",2026-09-02,high,direct_or_simple_categorical_mapping,"Mapped from conspicuous external appearance, movement, or habitat statements in the cited species profile; no user measurement required."
cuon_alpinus,tail_shape,bushy,species_profile,Animal Diversity Web,https://animaldiversity.org/accounts/Cuon_alpinus/,"Chacon, R. Cuon alpinus, Animal Diversity Web.",2026-09-02,high,direct_or_simple_categorical_mapping,"Mapped from conspicuous external appearance, movement, or habitat statements in the cited species profile; no user measurement required."
cuon_alpinus,carnivore_tail_marking,dark_tip,species_profile,Animal Diversity Web,https://animaldiversity.org/accounts/Cuon_alpinus/,"Chacon, R. Cuon alpinus, Animal Diversity Web.",2026-09-02,high,direct_or_simple_categorical_mapping,"Mapped from conspicuous external appearance, movement, or habitat statements in the cited species profile; no user measurement required."
aonyx_cinereus,body_form,long_body_short_legs,species_profile,Animal Diversity Web,https://animaldiversity.org/accounts/Aonyx_cinerea/,"Aonyx cinerea (Asian small-clawed otter), Animal Diversity Web; source spelling differs from canonical checklist.",2026-09-02,high,direct_or_simple_categorical_mapping,"Mapped from conspicuous external appearance, movement, or habitat statements in the cited species profile; no user measurement required."
aonyx_cinereus,body_covering,fur_or_hair,species_profile,Animal Diversity Web,https://animaldiversity.org/accounts/Aonyx_cinerea/,"Aonyx cinerea (Asian small-clawed otter), Animal Diversity Web; source spelling differs from canonical checklist.",2026-09-02,high,direct_or_simple_categorical_mapping,"Mapped from conspicuous external appearance, movement, or habitat statements in the cited species profile; no user measurement required."
aonyx_cinereus,movement_seen,swimming,species_profile,Animal Diversity Web,https://animaldiversity.org/accounts/Aonyx_cinerea/,"Aonyx cinerea (Asian small-clawed otter), Animal Diversity Web; source spelling differs from canonical checklist.",2026-09-02,high,direct_or_simple_categorical_mapping,"Mapped from conspicuous external appearance, movement, or habitat statements in the cited species profile; no user measurement required."
aonyx_cinereus,observation_place,freshwater_or_wetland,species_profile,Animal Diversity Web,https://animaldiversity.org/accounts/Aonyx_cinerea/,"Aonyx cinerea (Asian small-clawed otter), Animal Diversity Web; source spelling differs from canonical checklist.",2026-09-02,high,direct_or_simple_categorical_mapping,"Mapped from conspicuous external appearance, movement, or habitat statements in the cited species profile; no user measurement required."
aonyx_cinereus,primary_color,dark_brown,species_profile,Animal Diversity Web,https://animaldiversity.org/accounts/Aonyx_cinerea/,"Aonyx cinerea (Asian small-clawed otter), Animal Diversity Web; source spelling differs from canonical checklist.",2026-09-02,high,direct_or_simple_categorical_mapping,"Mapped from conspicuous external appearance, movement, or habitat statements in the cited species profile; no user measurement required."
aonyx_cinereus,leg_foot_appearance,webbed_feet,species_profile,Animal Diversity Web,https://animaldiversity.org/accounts/Aonyx_cinerea/,"Aonyx cinerea (Asian small-clawed otter), Animal Diversity Web; source spelling differs from canonical checklist.",2026-09-02,high,direct_or_simple_categorical_mapping,"Mapped from conspicuous external appearance, movement, or habitat statements in the cited species profile; no user measurement required."
catopuma_temminckii,body_form,cat_like,species_profile,Animal Diversity Web,https://animaldiversity.org/accounts/Catopuma_temminckii/,"Catopuma temminckii, Animal Diversity Web.",2026-09-02,high,direct_or_simple_categorical_mapping,"Mapped from conspicuous external appearance, movement, or habitat statements in the cited species profile; no user measurement required."
catopuma_temminckii,body_covering,fur_or_hair,species_profile,Animal Diversity Web,https://animaldiversity.org/accounts/Catopuma_temminckii/,"Catopuma temminckii, Animal Diversity Web.",2026-09-02,high,direct_or_simple_categorical_mapping,"Mapped from conspicuous external appearance, movement, or habitat statements in the cited species profile; no user measurement required."
catopuma_temminckii,movement_seen,walking_or_running,species_profile,Animal Diversity Web,https://animaldiversity.org/accounts/Catopuma_temminckii/,"Catopuma temminckii, Animal Diversity Web.",2026-09-02,high,direct_or_simple_categorical_mapping,"Mapped from conspicuous external appearance, movement, or habitat statements in the cited species profile; no user measurement required."
catopuma_temminckii,observation_place,ground,species_profile,Animal Diversity Web,https://animaldiversity.org/accounts/Catopuma_temminckii/,"Catopuma temminckii, Animal Diversity Web.",2026-09-02,high,direct_or_simple_categorical_mapping,"Mapped from conspicuous external appearance, movement, or habitat statements in the cited species profile; no user measurement required."
catopuma_temminckii,primary_color,mixed,species_profile,Animal Diversity Web,https://animaldiversity.org/accounts/Catopuma_temminckii/,"Catopuma temminckii, Animal Diversity Web.",2026-09-02,high,direct_or_simple_categorical_mapping,"Mapped from conspicuous external appearance, movement, or habitat statements in the cited species profile; no user measurement required."
catopuma_temminckii,body_pattern,plain,species_profile,Animal Diversity Web,https://animaldiversity.org/accounts/Catopuma_temminckii/,"Catopuma temminckii, Animal Diversity Web.",2026-09-02,high,direct_or_simple_categorical_mapping,"Mapped from conspicuous external appearance, movement, or habitat statements in the cited species profile; no user measurement required."
catopuma_temminckii,tail_impression,long,species_profile,Animal Diversity Web,https://animaldiversity.org/accounts/Catopuma_temminckii/,"Catopuma temminckii, Animal Diversity Web.",2026-09-02,high,direct_or_simple_categorical_mapping,"Mapped from conspicuous external appearance, movement, or habitat statements in the cited species profile; no user measurement required."
catopuma_temminckii,leg_foot_appearance,paws,species_profile,Animal Diversity Web,https://animaldiversity.org/accounts/Catopuma_temminckii/,"Catopuma temminckii, Animal Diversity Web.",2026-09-02,high,direct_or_simple_categorical_mapping,"Mapped from conspicuous external appearance, movement, or habitat statements in the cited species profile; no user measurement required."
canis_aureus,body_form,dog_like,species_profile,Animal Diversity Web,https://animaldiversity.org/accounts/Canis_aureus/,"Canis aureus, Animal Diversity Web.",2026-09-02,high,direct_or_simple_categorical_mapping,"Mapped from conspicuous external appearance, movement, or habitat statements in the cited species profile; no user measurement required."
canis_aureus,body_covering,fur_or_hair,species_profile,Animal Diversity Web,https://animaldiversity.org/accounts/Canis_aureus/,"Canis aureus, Animal Diversity Web.",2026-09-02,high,direct_or_simple_categorical_mapping,"Mapped from conspicuous external appearance, movement, or habitat statements in the cited species profile; no user measurement required."
canis_aureus,movement_seen,walking_or_running,species_profile,Animal Diversity Web,https://animaldiversity.org/accounts/Canis_aureus/,"Canis aureus, Animal Diversity Web.",2026-09-02,high,direct_or_simple_categorical_mapping,"Mapped from conspicuous external appearance, movement, or habitat statements in the cited species profile; no user measurement required."
canis_aureus,observation_place,ground,species_profile,Animal Diversity Web,https://animaldiversity.org/accounts/Canis_aureus/,"Canis aureus, Animal Diversity Web.",2026-09-02,high,direct_or_simple_categorical_mapping,"Mapped from conspicuous external appearance, movement, or habitat statements in the cited species profile; no user measurement required."
canis_aureus,primary_color,yellowish_or_buff,species_profile,Animal Diversity Web,https://animaldiversity.org/accounts/Canis_aureus/,"Canis aureus, Animal Diversity Web.",2026-09-02,high,direct_or_simple_categorical_mapping,"Mapped from conspicuous external appearance, movement, or habitat statements in the cited species profile; no user measurement required."
canis_aureus,body_pattern,plain,species_profile,Animal Diversity Web,https://animaldiversity.org/accounts/Canis_aureus/,"Canis aureus, Animal Diversity Web.",2026-09-02,high,direct_or_simple_categorical_mapping,"Mapped from conspicuous external appearance, movement, or habitat statements in the cited species profile; no user measurement required."
canis_aureus,leg_foot_appearance,paws,species_profile,Animal Diversity Web,https://animaldiversity.org/accounts/Canis_aureus/,"Canis aureus, Animal Diversity Web.",2026-09-02,high,direct_or_simple_categorical_mapping,"Mapped from conspicuous external appearance, movement, or habitat statements in the cited species profile; no user measurement required."
viverricula_indica,body_form,long_body_short_legs,species_profile,Animal Diversity Web,https://animaldiversity.org/accounts/Viverricula_indica/,"Viverricula indica, Animal Diversity Web.",2026-09-02,high,direct_or_simple_categorical_mapping,"Mapped from conspicuous external appearance, movement, or habitat statements in the cited species profile; no user measurement required."
viverricula_indica,body_covering,fur_or_hair,species_profile,Animal Diversity Web,https://animaldiversity.org/accounts/Viverricula_indica/,"Viverricula indica, Animal Diversity Web.",2026-09-02,high,direct_or_simple_categorical_mapping,"Mapped from conspicuous external appearance, movement, or habitat statements in the cited species profile; no user measurement required."
viverricula_indica,primary_color,mixed,species_profile,Animal Diversity Web,https://animaldiversity.org/accounts/Viverricula_indica/,"Viverricula indica, Animal Diversity Web.",2026-09-02,high,direct_or_simple_categorical_mapping,"Mapped from conspicuous external appearance, movement, or habitat statements in the cited species profile; no user measurement required."
viverricula_indica,body_pattern,mixed,species_profile,Animal Diversity Web,https://animaldiversity.org/accounts/Viverricula_indica/,"Viverricula indica, Animal Diversity Web.",2026-09-02,high,direct_or_simple_categorical_mapping,"Mapped from conspicuous external appearance, movement, or habitat statements in the cited species profile; no user measurement required."
viverricula_indica,tail_impression,long,species_profile,Animal Diversity Web,https://animaldiversity.org/accounts/Viverricula_indica/,"Viverricula indica, Animal Diversity Web.",2026-09-02,high,direct_or_simple_categorical_mapping,"Mapped from conspicuous external appearance, movement, or habitat statements in the cited species profile; no user measurement required."
viverricula_indica,tail_shape,ringed,species_profile,Animal Diversity Web,https://animaldiversity.org/accounts/Viverricula_indica/,"Viverricula indica, Animal Diversity Web.",2026-09-02,high,direct_or_simple_categorical_mapping,"Mapped from conspicuous external appearance, movement, or habitat statements in the cited species profile; no user measurement required."
viverricula_indica,carnivore_tail_marking,rings,species_profile,Animal Diversity Web,https://animaldiversity.org/accounts/Viverricula_indica/,"Viverricula indica, Animal Diversity Web.",2026-09-02,high,direct_or_simple_categorical_mapping,"Mapped from conspicuous external appearance, movement, or habitat statements in the cited species profile; no user measurement required."
viverra_zibetha,body_form,long_body_short_legs,species_profile,Animal Diversity Web,https://animaldiversity.org/accounts/Viverra_zibetha/,"Viverra zibetha, Animal Diversity Web.",2026-09-02,high,direct_or_simple_categorical_mapping,"Mapped from conspicuous external appearance, movement, or habitat statements in the cited species profile; no user measurement required."
viverra_zibetha,body_covering,fur_or_hair,species_profile,Animal Diversity Web,https://animaldiversity.org/accounts/Viverra_zibetha/,"Viverra zibetha, Animal Diversity Web.",2026-09-02,high,direct_or_simple_categorical_mapping,"Mapped from conspicuous external appearance, movement, or habitat statements in the cited species profile; no user measurement required."
viverra_zibetha,primary_color,grey,species_profile,Animal Diversity Web,https://animaldiversity.org/accounts/Viverra_zibetha/,"Viverra zibetha, Animal Diversity Web.",2026-09-02,high,direct_or_simple_categorical_mapping,"Mapped from conspicuous external appearance, movement, or habitat statements in the cited species profile; no user measurement required."
viverra_zibetha,body_pattern,mixed,species_profile,Animal Diversity Web,https://animaldiversity.org/accounts/Viverra_zibetha/,"Viverra zibetha, Animal Diversity Web.",2026-09-02,high,direct_or_simple_categorical_mapping,"Mapped from conspicuous external appearance, movement, or habitat statements in the cited species profile; no user measurement required."
viverra_zibetha,tail_impression,medium,species_profile,Animal Diversity Web,https://animaldiversity.org/accounts/Viverra_zibetha/,"Viverra zibetha, Animal Diversity Web.",2026-09-02,high,direct_or_simple_categorical_mapping,"Mapped from conspicuous external appearance, movement, or habitat statements in the cited species profile; no user measurement required."
viverra_zibetha,tail_shape,ringed,species_profile,Animal Diversity Web,https://animaldiversity.org/accounts/Viverra_zibetha/,"Viverra zibetha, Animal Diversity Web.",2026-09-02,high,direct_or_simple_categorical_mapping,"Mapped from conspicuous external appearance, movement, or habitat statements in the cited species profile; no user measurement required."
viverra_zibetha,carnivore_tail_marking,rings,species_profile,Animal Diversity Web,https://animaldiversity.org/accounts/Viverra_zibetha/,"Viverra zibetha, Animal Diversity Web.",2026-09-02,high,direct_or_simple_categorical_mapping,"Mapped from conspicuous external appearance, movement, or habitat statements in the cited species profile; no user measurement required."
martes_flavigula,body_form,long_body_short_legs,species_profile,Animal Diversity Web,https://animaldiversity.org/accounts/Martes_flavigula/,"Shak, M. Martes flavigula, Animal Diversity Web.",2026-09-02,high,direct_or_simple_categorical_mapping,"Mapped from conspicuous external appearance, movement, or habitat statements in the cited species profile; no user measurement required."
martes_flavigula,body_covering,fur_or_hair,species_profile,Animal Diversity Web,https://animaldiversity.org/accounts/Martes_flavigula/,"Shak, M. Martes flavigula, Animal Diversity Web.",2026-09-02,high,direct_or_simple_categorical_mapping,"Mapped from conspicuous external appearance, movement, or habitat statements in the cited species profile; no user measurement required."
martes_flavigula,primary_color,mixed,species_profile,Animal Diversity Web,https://animaldiversity.org/accounts/Martes_flavigula/,"Shak, M. Martes flavigula, Animal Diversity Web.",2026-09-02,high,direct_or_simple_categorical_mapping,"Mapped from conspicuous external appearance, movement, or habitat statements in the cited species profile; no user measurement required."
martes_flavigula,body_pattern,patched,species_profile,Animal Diversity Web,https://animaldiversity.org/accounts/Martes_flavigula/,"Shak, M. Martes flavigula, Animal Diversity Web.",2026-09-02,high,direct_or_simple_categorical_mapping,"Mapped from conspicuous external appearance, movement, or habitat statements in the cited species profile; no user measurement required."
martes_flavigula,tail_impression,long,species_profile,Animal Diversity Web,https://animaldiversity.org/accounts/Martes_flavigula/,"Shak, M. Martes flavigula, Animal Diversity Web.",2026-09-02,high,direct_or_simple_categorical_mapping,"Mapped from conspicuous external appearance, movement, or habitat statements in the cited species profile; no user measurement required."
martes_flavigula,tail_shape,bushy,species_profile,Animal Diversity Web,https://animaldiversity.org/accounts/Martes_flavigula/,"Shak, M. Martes flavigula, Animal Diversity Web.",2026-09-02,high,direct_or_simple_categorical_mapping,"Mapped from conspicuous external appearance, movement, or habitat statements in the cited species profile; no user measurement required."
arctonyx_collaris,body_form,long_body_short_legs,species_profile,India Biodiversity Portal,https://indiabiodiversity.org/species/show/226623,"Arctonyx collaris species account, India Biodiversity Portal.",2026-09-02,high,direct_or_simple_categorical_mapping,"Mapped from conspicuous external appearance, movement, or habitat statements in the cited species profile; no user measurement required."
arctonyx_collaris,body_covering,fur_or_hair,species_profile,India Biodiversity Portal,https://indiabiodiversity.org/species/show/226623,"Arctonyx collaris species account, India Biodiversity Portal.",2026-09-02,high,direct_or_simple_categorical_mapping,"Mapped from conspicuous external appearance, movement, or habitat statements in the cited species profile; no user measurement required."
arctonyx_collaris,primary_color,grey,species_profile,India Biodiversity Portal,https://indiabiodiversity.org/species/show/226623,"Arctonyx collaris species account, India Biodiversity Portal.",2026-09-02,high,direct_or_simple_categorical_mapping,"Mapped from conspicuous external appearance, movement, or habitat statements in the cited species profile; no user measurement required."
arctonyx_collaris,body_pattern,masked,species_profile,India Biodiversity Portal,https://indiabiodiversity.org/species/show/226623,"Arctonyx collaris species account, India Biodiversity Portal.",2026-09-02,high,direct_or_simple_categorical_mapping,"Mapped from conspicuous external appearance, movement, or habitat statements in the cited species profile; no user measurement required."
arctonyx_collaris,carnivore_face_marking,eye_stripes,species_profile,India Biodiversity Portal,https://indiabiodiversity.org/species/show/226623,"Arctonyx collaris species account, India Biodiversity Portal.",2026-09-02,high,direct_or_simple_categorical_mapping,"Mapped from conspicuous external appearance, movement, or habitat statements in the cited species profile; no user measurement required."
arctonyx_collaris,tail_impression,short,species_profile,India Biodiversity Portal,https://indiabiodiversity.org/species/show/226623,"Arctonyx collaris species account, India Biodiversity Portal.",2026-09-02,high,direct_or_simple_categorical_mapping,"Mapped from conspicuous external appearance, movement, or habitat statements in the cited species profile; no user measurement required."
pseudois_nayaur,body_form,hoofed_like,species_profile,Animal Diversity Web,https://animaldiversity.org/accounts/Pseudois_nayaur/,"Pseudois nayaur, Animal Diversity Web.",2026-09-02,high,direct_or_simple_categorical_mapping,"Mapped from conspicuous external appearance, movement, or habitat statements in the cited species profile; no user measurement required."
pseudois_nayaur,body_covering,fur_or_hair,species_profile,Animal Diversity Web,https://animaldiversity.org/accounts/Pseudois_nayaur/,"Pseudois nayaur, Animal Diversity Web.",2026-09-02,high,direct_or_simple_categorical_mapping,"Mapped from conspicuous external appearance, movement, or habitat statements in the cited species profile; no user measurement required."
pseudois_nayaur,movement_seen,walking_or_running,species_profile,Animal Diversity Web,https://animaldiversity.org/accounts/Pseudois_nayaur/,"Pseudois nayaur, Animal Diversity Web.",2026-09-02,high,direct_or_simple_categorical_mapping,"Mapped from conspicuous external appearance, movement, or habitat statements in the cited species profile; no user measurement required."
pseudois_nayaur,observation_place,ground,species_profile,Animal Diversity Web,https://animaldiversity.org/accounts/Pseudois_nayaur/,"Pseudois nayaur, Animal Diversity Web.",2026-09-02,high,direct_or_simple_categorical_mapping,"Mapped from conspicuous external appearance, movement, or habitat statements in the cited species profile; no user measurement required."
pseudois_nayaur,primary_color,grey,species_profile,Animal Diversity Web,https://animaldiversity.org/accounts/Pseudois_nayaur/,"Pseudois nayaur, Animal Diversity Web.",2026-09-02,high,direct_or_simple_categorical_mapping,"Mapped from conspicuous external appearance, movement, or habitat statements in the cited species profile; no user measurement required."
pseudois_nayaur,body_pattern,striped,species_profile,Animal Diversity Web,https://animaldiversity.org/accounts/Pseudois_nayaur/,"Pseudois nayaur, Animal Diversity Web.",2026-09-02,high,direct_or_simple_categorical_mapping,"Mapped from conspicuous external appearance, movement, or habitat statements in the cited species profile; no user measurement required."
pseudois_nayaur,leg_foot_appearance,hooves,species_profile,Animal Diversity Web,https://animaldiversity.org/accounts/Pseudois_nayaur/,"Pseudois nayaur, Animal Diversity Web.",2026-09-02,high,direct_or_simple_categorical_mapping,"Mapped from conspicuous external appearance, movement, or habitat statements in the cited species profile; no user measurement required."
pseudois_nayaur,horns_or_antlers,horns,species_profile,Animal Diversity Web,https://animaldiversity.org/accounts/Pseudois_nayaur/,"Pseudois nayaur, Animal Diversity Web.",2026-09-02,high,direct_or_simple_categorical_mapping,"Mapped from conspicuous external appearance, movement, or habitat statements in the cited species profile; no user measurement required."
pseudois_nayaur,horn_shape_simple,curved,species_profile,Animal Diversity Web,https://animaldiversity.org/accounts/Pseudois_nayaur/,"Pseudois nayaur, Animal Diversity Web.",2026-09-02,high,direct_or_simple_categorical_mapping,"Mapped from conspicuous external appearance, movement, or habitat statements in the cited species profile; no user measurement required."
budorcas_taxicolor,body_size_impression,cow_or_larger,species_profile,Animal Diversity Web,https://animaldiversity.org/accounts/Budorcas_taxicolor/,"Budorcas taxicolor, Animal Diversity Web.",2026-09-02,high,direct_or_simple_categorical_mapping,"Mapped from conspicuous external appearance, movement, or habitat statements in the cited species profile; no user measurement required."
budorcas_taxicolor,body_form,hoofed_like,species_profile,Animal Diversity Web,https://animaldiversity.org/accounts/Budorcas_taxicolor/,"Budorcas taxicolor, Animal Diversity Web.",2026-09-02,high,direct_or_simple_categorical_mapping,"Mapped from conspicuous external appearance, movement, or habitat statements in the cited species profile; no user measurement required."
budorcas_taxicolor,body_covering,fur_or_hair,species_profile,Animal Diversity Web,https://animaldiversity.org/accounts/Budorcas_taxicolor/,"Budorcas taxicolor, Animal Diversity Web.",2026-09-02,high,direct_or_simple_categorical_mapping,"Mapped from conspicuous external appearance, movement, or habitat statements in the cited species profile; no user measurement required."
budorcas_taxicolor,movement_seen,walking_or_running,species_profile,Animal Diversity Web,https://animaldiversity.org/accounts/Budorcas_taxicolor/,"Budorcas taxicolor, Animal Diversity Web.",2026-09-02,high,direct_or_simple_categorical_mapping,"Mapped from conspicuous external appearance, movement, or habitat statements in the cited species profile; no user measurement required."
budorcas_taxicolor,observation_place,ground,species_profile,Animal Diversity Web,https://animaldiversity.org/accounts/Budorcas_taxicolor/,"Budorcas taxicolor, Animal Diversity Web.",2026-09-02,high,direct_or_simple_categorical_mapping,"Mapped from conspicuous external appearance, movement, or habitat statements in the cited species profile; no user measurement required."
budorcas_taxicolor,primary_color,mixed,species_profile,Animal Diversity Web,https://animaldiversity.org/accounts/Budorcas_taxicolor/,"Budorcas taxicolor, Animal Diversity Web.",2026-09-02,high,direct_or_simple_categorical_mapping,"Mapped from conspicuous external appearance, movement, or habitat statements in the cited species profile; no user measurement required."
budorcas_taxicolor,body_pattern,dorsal_stripe,species_profile,Animal Diversity Web,https://animaldiversity.org/accounts/Budorcas_taxicolor/,"Budorcas taxicolor, Animal Diversity Web.",2026-09-02,high,direct_or_simple_categorical_mapping,"Mapped from conspicuous external appearance, movement, or habitat statements in the cited species profile; no user measurement required."
budorcas_taxicolor,tail_impression,short,species_profile,Animal Diversity Web,https://animaldiversity.org/accounts/Budorcas_taxicolor/,"Budorcas taxicolor, Animal Diversity Web.",2026-09-02,high,direct_or_simple_categorical_mapping,"Mapped from conspicuous external appearance, movement, or habitat statements in the cited species profile; no user measurement required."
budorcas_taxicolor,leg_foot_appearance,hooves,species_profile,Animal Diversity Web,https://animaldiversity.org/accounts/Budorcas_taxicolor/,"Budorcas taxicolor, Animal Diversity Web.",2026-09-02,high,direct_or_simple_categorical_mapping,"Mapped from conspicuous external appearance, movement, or habitat statements in the cited species profile; no user measurement required."
budorcas_taxicolor,horns_or_antlers,horns,species_profile,Animal Diversity Web,https://animaldiversity.org/accounts/Budorcas_taxicolor/,"Budorcas taxicolor, Animal Diversity Web.",2026-09-02,high,direct_or_simple_categorical_mapping,"Mapped from conspicuous external appearance, movement, or habitat statements in the cited species profile; no user measurement required."
budorcas_taxicolor,horn_shape_simple,curved,species_profile,Animal Diversity Web,https://animaldiversity.org/accounts/Budorcas_taxicolor/,"Budorcas taxicolor, Animal Diversity Web.",2026-09-02,high,direct_or_simple_categorical_mapping,"Mapped from conspicuous external appearance, movement, or habitat statements in the cited species profile; no user measurement required."
tragulus_napu,body_size_impression,rabbit_or_cat_sized,species_profile,Animal Diversity Web,https://animaldiversity.org/accounts/Tragulus_napu/,"Tragulus napu, Animal Diversity Web.",2026-09-02,high,direct_or_simple_categorical_mapping,"Mapped from conspicuous external appearance, movement, or habitat statements in the cited species profile; no user measurement required."
tragulus_napu,body_form,hoofed_like,species_profile,Animal Diversity Web,https://animaldiversity.org/accounts/Tragulus_napu/,"Tragulus napu, Animal Diversity Web.",2026-09-02,high,direct_or_simple_categorical_mapping,"Mapped from conspicuous external appearance, movement, or habitat statements in the cited species profile; no user measurement required."
tragulus_napu,body_covering,fur_or_hair,species_profile,Animal Diversity Web,https://animaldiversity.org/accounts/Tragulus_napu/,"Tragulus napu, Animal Diversity Web.",2026-09-02,high,direct_or_simple_categorical_mapping,"Mapped from conspicuous external appearance, movement, or habitat statements in the cited species profile; no user measurement required."
tragulus_napu,movement_seen,walking_or_running,species_profile,Animal Diversity Web,https://animaldiversity.org/accounts/Tragulus_napu/,"Tragulus napu, Animal Diversity Web.",2026-09-02,high,direct_or_simple_categorical_mapping,"Mapped from conspicuous external appearance, movement, or habitat statements in the cited species profile; no user measurement required."
tragulus_napu,observation_place,ground,species_profile,Animal Diversity Web,https://animaldiversity.org/accounts/Tragulus_napu/,"Tragulus napu, Animal Diversity Web.",2026-09-02,high,direct_or_simple_categorical_mapping,"Mapped from conspicuous external appearance, movement, or habitat statements in the cited species profile; no user measurement required."
tragulus_napu,primary_color,reddish_or_orange,species_profile,Animal Diversity Web,https://animaldiversity.org/accounts/Tragulus_napu/,"Tragulus napu, Animal Diversity Web.",2026-09-02,high,direct_or_simple_categorical_mapping,"Mapped from conspicuous external appearance, movement, or habitat statements in the cited species profile; no user measurement required."
tragulus_napu,tail_impression,short,species_profile,Animal Diversity Web,https://animaldiversity.org/accounts/Tragulus_napu/,"Tragulus napu, Animal Diversity Web.",2026-09-02,high,direct_or_simple_categorical_mapping,"Mapped from conspicuous external appearance, movement, or habitat statements in the cited species profile; no user measurement required."
tragulus_napu,snout_shape_simple,long_pointed,species_profile,Animal Diversity Web,https://animaldiversity.org/accounts/Tragulus_napu/,"Tragulus napu, Animal Diversity Web.",2026-09-02,high,direct_or_simple_categorical_mapping,"Mapped from conspicuous external appearance, movement, or habitat statements in the cited species profile; no user measurement required."
tragulus_napu,leg_foot_appearance,hooves,species_profile,Animal Diversity Web,https://animaldiversity.org/accounts/Tragulus_napu/,"Tragulus napu, Animal Diversity Web.",2026-09-02,high,direct_or_simple_categorical_mapping,"Mapped from conspicuous external appearance, movement, or habitat statements in the cited species profile; no user measurement required."
tragulus_napu,horns_or_antlers,none_visible,species_profile,Animal Diversity Web,https://animaldiversity.org/accounts/Tragulus_napu/,"Tragulus napu, Animal Diversity Web.",2026-09-02,high,direct_or_simple_categorical_mapping,"Mapped from conspicuous external appearance, movement, or habitat statements in the cited species profile; no user measurement required."
bubalus_arnee,body_size_impression,cow_or_larger,species_profile,India Biodiversity Portal,https://indiabiodiversity.org/species/show/226734,"Bubalus arnee species account, India Biodiversity Portal.",2026-09-02,high,direct_or_simple_categorical_mapping,"Mapped from conspicuous external appearance, movement, or habitat statements in the cited species profile; no user measurement required."
bubalus_arnee,body_form,hoofed_like,species_profile,India Biodiversity Portal,https://indiabiodiversity.org/species/show/226734,"Bubalus arnee species account, India Biodiversity Portal.",2026-09-02,high,direct_or_simple_categorical_mapping,"Mapped from conspicuous external appearance, movement, or habitat statements in the cited species profile; no user measurement required."
bubalus_arnee,body_covering,fur_or_hair,species_profile,India Biodiversity Portal,https://indiabiodiversity.org/species/show/226734,"Bubalus arnee species account, India Biodiversity Portal.",2026-09-02,high,direct_or_simple_categorical_mapping,"Mapped from conspicuous external appearance, movement, or habitat statements in the cited species profile; no user measurement required."
bubalus_arnee,movement_seen,walking_or_running,species_profile,India Biodiversity Portal,https://indiabiodiversity.org/species/show/226734,"Bubalus arnee species account, India Biodiversity Portal.",2026-09-02,high,direct_or_simple_categorical_mapping,"Mapped from conspicuous external appearance, movement, or habitat statements in the cited species profile; no user measurement required."
bubalus_arnee,observation_place,ground,species_profile,India Biodiversity Portal,https://indiabiodiversity.org/species/show/226734,"Bubalus arnee species account, India Biodiversity Portal.",2026-09-02,high,direct_or_simple_categorical_mapping,"Mapped from conspicuous external appearance, movement, or habitat statements in the cited species profile; no user measurement required."
bubalus_arnee,primary_color,dark_brown,species_profile,India Biodiversity Portal,https://indiabiodiversity.org/species/show/226734,"Bubalus arnee species account, India Biodiversity Portal.",2026-09-02,high,direct_or_simple_categorical_mapping,"Mapped from conspicuous external appearance, movement, or habitat statements in the cited species profile; no user measurement required."
bubalus_arnee,leg_foot_appearance,hooves,species_profile,India Biodiversity Portal,https://indiabiodiversity.org/species/show/226734,"Bubalus arnee species account, India Biodiversity Portal.",2026-09-02,high,direct_or_simple_categorical_mapping,"Mapped from conspicuous external appearance, movement, or habitat statements in the cited species profile; no user measurement required."
bubalus_arnee,horns_or_antlers,horns,species_profile,India Biodiversity Portal,https://indiabiodiversity.org/species/show/226734,"Bubalus arnee species account, India Biodiversity Portal.",2026-09-02,high,direct_or_simple_categorical_mapping,"Mapped from conspicuous external appearance, movement, or habitat statements in the cited species profile; no user measurement required."
bubalus_arnee,horn_shape_simple,curved,species_profile,India Biodiversity Portal,https://indiabiodiversity.org/species/show/226734,"Bubalus arnee species account, India Biodiversity Portal.",2026-09-02,high,direct_or_simple_categorical_mapping,"Mapped from conspicuous external appearance, movement, or habitat statements in the cited species profile; no user measurement required."
tupaia_belangeri,body_form,squirrel_like,species_profile,Animal Diversity Web,https://animaldiversity.org/accounts/Tupaia_belangeri/,"Lowther, T. Tupaia belangeri, Animal Diversity Web.",2026-09-02,high,direct_or_simple_categorical_mapping,"Mapped from conspicuous external appearance, movement, or habitat statements in the cited species profile; no user measurement required."
tupaia_belangeri,body_covering,fur_or_hair,species_profile,Animal Diversity Web,https://animaldiversity.org/accounts/Tupaia_belangeri/,"Lowther, T. Tupaia belangeri, Animal Diversity Web.",2026-09-02,high,direct_or_simple_categorical_mapping,"Mapped from conspicuous external appearance, movement, or habitat statements in the cited species profile; no user measurement required."
tupaia_belangeri,movement_seen,climbing,species_profile,Animal Diversity Web,https://animaldiversity.org/accounts/Tupaia_belangeri/,"Lowther, T. Tupaia belangeri, Animal Diversity Web.",2026-09-02,high,direct_or_simple_categorical_mapping,"Mapped from conspicuous external appearance, movement, or habitat statements in the cited species profile; no user measurement required."
tupaia_belangeri,observation_place,tree_or_bush,species_profile,Animal Diversity Web,https://animaldiversity.org/accounts/Tupaia_belangeri/,"Lowther, T. Tupaia belangeri, Animal Diversity Web.",2026-09-02,high,direct_or_simple_categorical_mapping,"Mapped from conspicuous external appearance, movement, or habitat statements in the cited species profile; no user measurement required."
tupaia_belangeri,primary_color,grey,species_profile,Animal Diversity Web,https://animaldiversity.org/accounts/Tupaia_belangeri/,"Lowther, T. Tupaia belangeri, Animal Diversity Web.",2026-09-02,high,direct_or_simple_categorical_mapping,"Mapped from conspicuous external appearance, movement, or habitat statements in the cited species profile; no user measurement required."
tupaia_belangeri,tail_impression,long,species_profile,Animal Diversity Web,https://animaldiversity.org/accounts/Tupaia_belangeri/,"Lowther, T. Tupaia belangeri, Animal Diversity Web.",2026-09-02,high,direct_or_simple_categorical_mapping,"Mapped from conspicuous external appearance, movement, or habitat statements in the cited species profile; no user measurement required."
tupaia_belangeri,tail_shape,bushy,species_profile,Animal Diversity Web,https://animaldiversity.org/accounts/Tupaia_belangeri/,"Lowther, T. Tupaia belangeri, Animal Diversity Web.",2026-09-02,high,direct_or_simple_categorical_mapping,"Mapped from conspicuous external appearance, movement, or habitat statements in the cited species profile; no user measurement required."
tupaia_belangeri,snout_shape_simple,long_pointed,species_profile,Animal Diversity Web,https://animaldiversity.org/accounts/Tupaia_belangeri/,"Lowther, T. Tupaia belangeri, Animal Diversity Web.",2026-09-02,high,direct_or_simple_categorical_mapping,"Mapped from conspicuous external appearance, movement, or habitat statements in the cited species profile; no user measurement required."
macaca_assamensis,body_form,monkey_like,web_reference,India Biodiversity Portal,https://indiabiodiversity.org/species/show/238494,Macaca assamensis species profile,2026-09-02,high,manual_mapping_from_explicit_observable_description,"Phase 2C: mapped only conspicuous, non-measurement traits explicitly supported by the cited description; sex/age-variable traits omitted where they could mislead."
macaca_assamensis,body_covering,fur_or_hair,web_reference,India Biodiversity Portal,https://indiabiodiversity.org/species/show/238494,Macaca assamensis species profile,2026-09-02,high,manual_mapping_from_explicit_observable_description,"Phase 2C: mapped only conspicuous, non-measurement traits explicitly supported by the cited description; sex/age-variable traits omitted where they could mislead."
macaca_assamensis,primary_color,brown,web_reference,India Biodiversity Portal,https://indiabiodiversity.org/species/show/238494,Macaca assamensis species profile,2026-09-02,high,manual_mapping_from_explicit_observable_description,"Phase 2C: mapped only conspicuous, non-measurement traits explicitly supported by the cited description; sex/age-variable traits omitted where they could mislead."
macaca_assamensis,tail_impression,medium,web_reference,India Biodiversity Portal,https://indiabiodiversity.org/species/show/238494,Macaca assamensis species profile,2026-09-02,high,manual_mapping_from_explicit_observable_description,"Phase 2C: mapped only conspicuous, non-measurement traits explicitly supported by the cited description; sex/age-variable traits omitted where they could mislead."
macaca_assamensis,primate_face_marking,cheek_whiskers,web_reference,India Biodiversity Portal,https://indiabiodiversity.org/species/show/238494,Macaca assamensis species profile,2026-09-02,high,manual_mapping_from_explicit_observable_description,"Phase 2C: mapped only conspicuous, non-measurement traits explicitly supported by the cited description; sex/age-variable traits omitted where they could mislead."
macaca_leonina,body_form,monkey_like,web_reference,Plazi treatment via Zenodo,https://zenodo.org/records/6864250,Macaca leonina descriptive notes,2026-09-02,high,manual_mapping_from_explicit_observable_description,"Phase 2C: mapped only conspicuous, non-measurement traits explicitly supported by the cited description; sex/age-variable traits omitted where they could mislead."
macaca_leonina,body_covering,fur_or_hair,web_reference,Plazi treatment via Zenodo,https://zenodo.org/records/6864250,Macaca leonina descriptive notes,2026-09-02,high,manual_mapping_from_explicit_observable_description,"Phase 2C: mapped only conspicuous, non-measurement traits explicitly supported by the cited description; sex/age-variable traits omitted where they could mislead."
macaca_leonina,primary_color,yellowish_or_buff,web_reference,Plazi treatment via Zenodo,https://zenodo.org/records/6864250,Macaca leonina descriptive notes,2026-09-02,high,manual_mapping_from_explicit_observable_description,"Phase 2C: mapped only conspicuous, non-measurement traits explicitly supported by the cited description; sex/age-variable traits omitted where they could mislead."
macaca_leonina,tail_impression,short,web_reference,Plazi treatment via Zenodo,https://zenodo.org/records/6864250,Macaca leonina descriptive notes,2026-09-02,high,manual_mapping_from_explicit_observable_description,"Phase 2C: mapped only conspicuous, non-measurement traits explicitly supported by the cited description; sex/age-variable traits omitted where they could mislead."
rhinopithecus_strykeri,body_form,monkey_like,web_reference,American Journal of Primatology / PubMed,https://pubmed.ncbi.nlm.nih.gov/20981682/,"Geissmann et al. 2010, new species description",2026-09-02,high,manual_mapping_from_explicit_observable_description,"Phase 2C: mapped only conspicuous, non-measurement traits explicitly supported by the cited description; sex/age-variable traits omitted where they could mislead."
rhinopithecus_strykeri,body_covering,fur_or_hair,web_reference,American Journal of Primatology / PubMed,https://pubmed.ncbi.nlm.nih.gov/20981682/,"Geissmann et al. 2010, new species description",2026-09-02,high,manual_mapping_from_explicit_observable_description,"Phase 2C: mapped only conspicuous, non-measurement traits explicitly supported by the cited description; sex/age-variable traits omitted where they could mislead."
rhinopithecus_strykeri,primary_color,black,web_reference,American Journal of Primatology / PubMed,https://pubmed.ncbi.nlm.nih.gov/20981682/,"Geissmann et al. 2010, new species description",2026-09-02,high,manual_mapping_from_explicit_observable_description,"Phase 2C: mapped only conspicuous, non-measurement traits explicitly supported by the cited description; sex/age-variable traits omitted where they could mislead."
rhinopithecus_strykeri,tail_impression,very_long,web_reference,American Journal of Primatology / PubMed,https://pubmed.ncbi.nlm.nih.gov/20981682/,"Geissmann et al. 2010, new species description",2026-09-02,high,manual_mapping_from_explicit_observable_description,"Phase 2C: mapped only conspicuous, non-measurement traits explicitly supported by the cited description; sex/age-variable traits omitted where they could mislead."
rhinopithecus_strykeri,primate_face_marking,beard_or_moustache,web_reference,American Journal of Primatology / PubMed,https://pubmed.ncbi.nlm.nih.gov/20981682/,"Geissmann et al. 2010, new species description",2026-09-02,high,manual_mapping_from_explicit_observable_description,"Phase 2C: mapped only conspicuous, non-measurement traits explicitly supported by the cited description; sex/age-variable traits omitted where they could mislead."
hoolock_leuconedys,body_form,monkey_like,web_reference,"Primate Info Net, University of Wisconsin",https://primate.wisc.edu/primate-info-net/pin-factsheets/pin-factsheet-hoolock-gibbon/,Hoolock gibbon fact sheet,2026-09-02,high,manual_mapping_from_explicit_observable_description,"Phase 2C: mapped only conspicuous, non-measurement traits explicitly supported by the cited description; sex/age-variable traits omitted where they could mislead."
hoolock_leuconedys,body_covering,fur_or_hair,web_reference,"Primate Info Net, University of Wisconsin",https://primate.wisc.edu/primate-info-net/pin-factsheets/pin-factsheet-hoolock-gibbon/,Hoolock gibbon fact sheet,2026-09-02,high,manual_mapping_from_explicit_observable_description,"Phase 2C: mapped only conspicuous, non-measurement traits explicitly supported by the cited description; sex/age-variable traits omitted where they could mislead."
hoolock_leuconedys,primary_color,mixed,web_reference,"Primate Info Net, University of Wisconsin",https://primate.wisc.edu/primate-info-net/pin-factsheets/pin-factsheet-hoolock-gibbon/,Hoolock gibbon fact sheet,2026-09-02,high,manual_mapping_from_explicit_observable_description,"Phase 2C: mapped only conspicuous, non-measurement traits explicitly supported by the cited description; sex/age-variable traits omitted where they could mislead."
hoolock_leuconedys,movement_seen,climbing,web_reference,"Primate Info Net, University of Wisconsin",https://primate.wisc.edu/primate-info-net/pin-factsheets/pin-factsheet-hoolock-gibbon/,Hoolock gibbon fact sheet,2026-09-02,high,manual_mapping_from_explicit_observable_description,"Phase 2C: mapped only conspicuous, non-measurement traits explicitly supported by the cited description; sex/age-variable traits omitted where they could mislead."
hoolock_leuconedys,observation_place,tree_or_bush,web_reference,"Primate Info Net, University of Wisconsin",https://primate.wisc.edu/primate-info-net/pin-factsheets/pin-factsheet-hoolock-gibbon/,Hoolock gibbon fact sheet,2026-09-02,high,manual_mapping_from_explicit_observable_description,"Phase 2C: mapped only conspicuous, non-measurement traits explicitly supported by the cited description; sex/age-variable traits omitted where they could mislead."
hoolock_leuconedys,primate_face_marking,mixed,web_reference,"Primate Info Net, University of Wisconsin",https://primate.wisc.edu/primate-info-net/pin-factsheets/pin-factsheet-hoolock-gibbon/,Hoolock gibbon fact sheet,2026-09-02,high,manual_mapping_from_explicit_observable_description,"Phase 2C: mapped only conspicuous, non-measurement traits explicitly supported by the cited description; sex/age-variable traits omitted where they could mislead."
hoolock_tianxing,body_form,monkey_like,web_reference,International Journal of Primatology,https://doi.org/10.1007/s10764-024-00418-6,Confirmation of Skywalker Hoolock Gibbon in Myanmar,2026-09-02,high,manual_mapping_from_explicit_observable_description,"Phase 2C: mapped only conspicuous, non-measurement traits explicitly supported by the cited description; sex/age-variable traits omitted where they could mislead."
hoolock_tianxing,body_covering,fur_or_hair,web_reference,International Journal of Primatology,https://doi.org/10.1007/s10764-024-00418-6,Confirmation of Skywalker Hoolock Gibbon in Myanmar,2026-09-02,high,manual_mapping_from_explicit_observable_description,"Phase 2C: mapped only conspicuous, non-measurement traits explicitly supported by the cited description; sex/age-variable traits omitted where they could mislead."
hoolock_tianxing,primary_color,mixed,web_reference,International Journal of Primatology,https://doi.org/10.1007/s10764-024-00418-6,Confirmation of Skywalker Hoolock Gibbon in Myanmar,2026-09-02,high,manual_mapping_from_explicit_observable_description,"Phase 2C: mapped only conspicuous, non-measurement traits explicitly supported by the cited description; sex/age-variable traits omitted where they could mislead."
hoolock_tianxing,movement_seen,climbing,web_reference,International Journal of Primatology,https://doi.org/10.1007/s10764-024-00418-6,Confirmation of Skywalker Hoolock Gibbon in Myanmar,2026-09-02,high,manual_mapping_from_explicit_observable_description,"Phase 2C: mapped only conspicuous, non-measurement traits explicitly supported by the cited description; sex/age-variable traits omitted where they could mislead."
hoolock_tianxing,observation_place,tree_or_bush,web_reference,International Journal of Primatology,https://doi.org/10.1007/s10764-024-00418-6,Confirmation of Skywalker Hoolock Gibbon in Myanmar,2026-09-02,high,manual_mapping_from_explicit_observable_description,"Phase 2C: mapped only conspicuous, non-measurement traits explicitly supported by the cited description; sex/age-variable traits omitted where they could mislead."
hoolock_tianxing,primate_face_marking,mixed,web_reference,International Journal of Primatology,https://doi.org/10.1007/s10764-024-00418-6,Confirmation of Skywalker Hoolock Gibbon in Myanmar,2026-09-02,high,manual_mapping_from_explicit_observable_description,"Phase 2C: mapped only conspicuous, non-measurement traits explicitly supported by the cited description; sex/age-variable traits omitted where they could mislead."
trachypithecus_popa,body_form,monkey_like,web_reference,Zoological Research / PMC,https://pmc.ncbi.nlm.nih.gov/articles/PMC7671912/,Mitogenomic phylogeny and description of Trachypithecus popa,2026-09-02,high,manual_mapping_from_explicit_observable_description,"Phase 2C: mapped only conspicuous, non-measurement traits explicitly supported by the cited description; sex/age-variable traits omitted where they could mislead."
trachypithecus_popa,body_covering,fur_or_hair,web_reference,Zoological Research / PMC,https://pmc.ncbi.nlm.nih.gov/articles/PMC7671912/,Mitogenomic phylogeny and description of Trachypithecus popa,2026-09-02,high,manual_mapping_from_explicit_observable_description,"Phase 2C: mapped only conspicuous, non-measurement traits explicitly supported by the cited description; sex/age-variable traits omitted where they could mislead."
trachypithecus_popa,primary_color,dark_brown,web_reference,Zoological Research / PMC,https://pmc.ncbi.nlm.nih.gov/articles/PMC7671912/,Mitogenomic phylogeny and description of Trachypithecus popa,2026-09-02,high,manual_mapping_from_explicit_observable_description,"Phase 2C: mapped only conspicuous, non-measurement traits explicitly supported by the cited description; sex/age-variable traits omitted where they could mislead."
trachypithecus_popa,tail_impression,very_long,web_reference,Zoological Research / PMC,https://pmc.ncbi.nlm.nih.gov/articles/PMC7671912/,Mitogenomic phylogeny and description of Trachypithecus popa,2026-09-02,high,manual_mapping_from_explicit_observable_description,"Phase 2C: mapped only conspicuous, non-measurement traits explicitly supported by the cited description; sex/age-variable traits omitted where they could mislead."
trachypithecus_popa,primate_face_marking,mixed,web_reference,Zoological Research / PMC,https://pmc.ncbi.nlm.nih.gov/articles/PMC7671912/,Mitogenomic phylogeny and description of Trachypithecus popa,2026-09-02,high,manual_mapping_from_explicit_observable_description,"Phase 2C: mapped only conspicuous, non-measurement traits explicitly supported by the cited description; sex/age-variable traits omitted where they could mislead."
canis_lupus,body_form,dog_like,web_reference,Animal Diversity Web,https://animaldiversity.org/accounts/Canis_lupus/,Canis lupus species account,2026-09-02,high,manual_mapping_from_explicit_observable_description,"Phase 2C: mapped only conspicuous, non-measurement traits explicitly supported by the cited description; sex/age-variable traits omitted where they could mislead."
canis_lupus,body_covering,fur_or_hair,web_reference,Animal Diversity Web,https://animaldiversity.org/accounts/Canis_lupus/,Canis lupus species account,2026-09-02,high,manual_mapping_from_explicit_observable_description,"Phase 2C: mapped only conspicuous, non-measurement traits explicitly supported by the cited description; sex/age-variable traits omitted where they could mislead."
canis_lupus,primary_color,mixed,web_reference,Animal Diversity Web,https://animaldiversity.org/accounts/Canis_lupus/,Canis lupus species account,2026-09-02,high,manual_mapping_from_explicit_observable_description,"Phase 2C: mapped only conspicuous, non-measurement traits explicitly supported by the cited description; sex/age-variable traits omitted where they could mislead."
canis_lupus,leg_foot_appearance,paws,web_reference,Animal Diversity Web,https://animaldiversity.org/accounts/Canis_lupus/,Canis lupus species account,2026-09-02,high,manual_mapping_from_explicit_observable_description,"Phase 2C: mapped only conspicuous, non-measurement traits explicitly supported by the cited description; sex/age-variable traits omitted where they could mislead."
pardofelis_marmorata,body_size_impression,rabbit_or_cat_sized,web_reference,Animal Diversity Web,https://animaldiversity.org/accounts/Pardofelis_marmorata/,Pardofelis marmorata species account,2026-09-02,high,manual_mapping_from_explicit_observable_description,"Phase 2C: mapped only conspicuous, non-measurement traits explicitly supported by the cited description; sex/age-variable traits omitted where they could mislead."
pardofelis_marmorata,body_form,cat_like,web_reference,Animal Diversity Web,https://animaldiversity.org/accounts/Pardofelis_marmorata/,Pardofelis marmorata species account,2026-09-02,high,manual_mapping_from_explicit_observable_description,"Phase 2C: mapped only conspicuous, non-measurement traits explicitly supported by the cited description; sex/age-variable traits omitted where they could mislead."
pardofelis_marmorata,body_covering,fur_or_hair,web_reference,Animal Diversity Web,https://animaldiversity.org/accounts/Pardofelis_marmorata/,Pardofelis marmorata species account,2026-09-02,high,manual_mapping_from_explicit_observable_description,"Phase 2C: mapped only conspicuous, non-measurement traits explicitly supported by the cited description; sex/age-variable traits omitted where they could mislead."
pardofelis_marmorata,primary_color,yellowish_or_buff,web_reference,Animal Diversity Web,https://animaldiversity.org/accounts/Pardofelis_marmorata/,Pardofelis marmorata species account,2026-09-02,high,manual_mapping_from_explicit_observable_description,"Phase 2C: mapped only conspicuous, non-measurement traits explicitly supported by the cited description; sex/age-variable traits omitted where they could mislead."
pardofelis_marmorata,body_pattern,spotted,web_reference,Animal Diversity Web,https://animaldiversity.org/accounts/Pardofelis_marmorata/,Pardofelis marmorata species account,2026-09-02,high,manual_mapping_from_explicit_observable_description,"Phase 2C: mapped only conspicuous, non-measurement traits explicitly supported by the cited description; sex/age-variable traits omitted where they could mislead."
pardofelis_marmorata,tail_impression,long,web_reference,Animal Diversity Web,https://animaldiversity.org/accounts/Pardofelis_marmorata/,Pardofelis marmorata species account,2026-09-02,high,manual_mapping_from_explicit_observable_description,"Phase 2C: mapped only conspicuous, non-measurement traits explicitly supported by the cited description; sex/age-variable traits omitted where they could mislead."
pardofelis_marmorata,ear_shape_simple,rounded,web_reference,Animal Diversity Web,https://animaldiversity.org/accounts/Pardofelis_marmorata/,Pardofelis marmorata species account,2026-09-02,high,manual_mapping_from_explicit_observable_description,"Phase 2C: mapped only conspicuous, non-measurement traits explicitly supported by the cited description; sex/age-variable traits omitted where they could mislead."
pardofelis_marmorata,movement_seen,climbing,web_reference,Animal Diversity Web,https://animaldiversity.org/accounts/Pardofelis_marmorata/,Pardofelis marmorata species account,2026-09-02,high,manual_mapping_from_explicit_observable_description,"Phase 2C: mapped only conspicuous, non-measurement traits explicitly supported by the cited description; sex/age-variable traits omitted where they could mislead."
pardofelis_marmorata,observation_place,tree_or_bush,web_reference,Animal Diversity Web,https://animaldiversity.org/accounts/Pardofelis_marmorata/,Pardofelis marmorata species account,2026-09-02,high,manual_mapping_from_explicit_observable_description,"Phase 2C: mapped only conspicuous, non-measurement traits explicitly supported by the cited description; sex/age-variable traits omitted where they could mislead."
pardofelis_marmorata,carnivore_tail_marking,dark_tip,web_reference,Animal Diversity Web,https://animaldiversity.org/accounts/Pardofelis_marmorata/,Pardofelis marmorata species account,2026-09-02,high,manual_mapping_from_explicit_observable_description,"Phase 2C: mapped only conspicuous, non-measurement traits explicitly supported by the cited description; sex/age-variable traits omitted where they could mislead."
prionodon_linsang,body_covering,fur_or_hair,web_reference,Animal Diversity Web,https://animaldiversity.org/accounts/Prionodon_linsang/,Prionodon linsang species account,2026-09-02,high,manual_mapping_from_explicit_observable_description,"Phase 2C: mapped only conspicuous, non-measurement traits explicitly supported by the cited description; sex/age-variable traits omitted where they could mislead."
prionodon_linsang,primary_color,yellowish_or_buff,web_reference,Animal Diversity Web,https://animaldiversity.org/accounts/Prionodon_linsang/,Prionodon linsang species account,2026-09-02,high,manual_mapping_from_explicit_observable_description,"Phase 2C: mapped only conspicuous, non-measurement traits explicitly supported by the cited description; sex/age-variable traits omitted where they could mislead."
prionodon_linsang,body_pattern,banded,web_reference,Animal Diversity Web,https://animaldiversity.org/accounts/Prionodon_linsang/,Prionodon linsang species account,2026-09-02,high,manual_mapping_from_explicit_observable_description,"Phase 2C: mapped only conspicuous, non-measurement traits explicitly supported by the cited description; sex/age-variable traits omitted where they could mislead."
prionodon_linsang,tail_impression,long,web_reference,Animal Diversity Web,https://animaldiversity.org/accounts/Prionodon_linsang/,Prionodon linsang species account,2026-09-02,high,manual_mapping_from_explicit_observable_description,"Phase 2C: mapped only conspicuous, non-measurement traits explicitly supported by the cited description; sex/age-variable traits omitted where they could mislead."
prionodon_linsang,carnivore_tail_marking,rings,web_reference,Animal Diversity Web,https://animaldiversity.org/accounts/Prionodon_linsang/,Prionodon linsang species account,2026-09-02,high,manual_mapping_from_explicit_observable_description,"Phase 2C: mapped only conspicuous, non-measurement traits explicitly supported by the cited description; sex/age-variable traits omitted where they could mislead."
prionodon_linsang,observation_place,tree_or_bush,web_reference,Animal Diversity Web,https://animaldiversity.org/accounts/Prionodon_linsang/,Prionodon linsang species account,2026-09-02,high,manual_mapping_from_explicit_observable_description,"Phase 2C: mapped only conspicuous, non-measurement traits explicitly supported by the cited description; sex/age-variable traits omitted where they could mislead."
melogale_personata,body_form,long_body_short_legs,web_reference,Animal Diversity Web,https://animaldiversity.org/accounts/Melogale_personata/,Melogale personata species account,2026-09-02,high,manual_mapping_from_explicit_observable_description,"Phase 2C: mapped only conspicuous, non-measurement traits explicitly supported by the cited description; sex/age-variable traits omitted where they could mislead."
melogale_personata,body_covering,fur_or_hair,web_reference,Animal Diversity Web,https://animaldiversity.org/accounts/Melogale_personata/,Melogale personata species account,2026-09-02,high,manual_mapping_from_explicit_observable_description,"Phase 2C: mapped only conspicuous, non-measurement traits explicitly supported by the cited description; sex/age-variable traits omitted where they could mislead."
melogale_personata,primary_color,mixed,web_reference,Animal Diversity Web,https://animaldiversity.org/accounts/Melogale_personata/,Melogale personata species account,2026-09-02,high,manual_mapping_from_explicit_observable_description,"Phase 2C: mapped only conspicuous, non-measurement traits explicitly supported by the cited description; sex/age-variable traits omitted where they could mislead."
melogale_personata,body_pattern,dorsal_stripe,web_reference,Animal Diversity Web,https://animaldiversity.org/accounts/Melogale_personata/,Melogale personata species account,2026-09-02,high,manual_mapping_from_explicit_observable_description,"Phase 2C: mapped only conspicuous, non-measurement traits explicitly supported by the cited description; sex/age-variable traits omitted where they could mislead."
melogale_personata,tail_shape,bushy,web_reference,Animal Diversity Web,https://animaldiversity.org/accounts/Melogale_personata/,Melogale personata species account,2026-09-02,high,manual_mapping_from_explicit_observable_description,"Phase 2C: mapped only conspicuous, non-measurement traits explicitly supported by the cited description; sex/age-variable traits omitted where they could mislead."
melogale_personata,carnivore_face_marking,mixed,web_reference,Animal Diversity Web,https://animaldiversity.org/accounts/Melogale_personata/,Melogale personata species account,2026-09-02,high,manual_mapping_from_explicit_observable_description,"Phase 2C: mapped only conspicuous, non-measurement traits explicitly supported by the cited description; sex/age-variable traits omitted where they could mislead."
melogale_personata,observation_place,ground,web_reference,Animal Diversity Web,https://animaldiversity.org/accounts/Melogale_personata/,Melogale personata species account,2026-09-02,high,manual_mapping_from_explicit_observable_description,"Phase 2C: mapped only conspicuous, non-measurement traits explicitly supported by the cited description; sex/age-variable traits omitted where they could mislead."
melogale_personata,time_seen,night,web_reference,Animal Diversity Web,https://animaldiversity.org/accounts/Melogale_personata/,Melogale personata species account,2026-09-02,high,manual_mapping_from_explicit_observable_description,"Phase 2C: mapped only conspicuous, non-measurement traits explicitly supported by the cited description; sex/age-variable traits omitted where they could mislead."
lutrogale_perspicillata,body_form,long_body_short_legs,web_reference,Animal Diversity Web,https://animaldiversity.org/accounts/Lutrogale_perspicillata/,Lutrogale perspicillata species account,2026-09-02,high,manual_mapping_from_explicit_observable_description,"Phase 2C: mapped only conspicuous, non-measurement traits explicitly supported by the cited description; sex/age-variable traits omitted where they could mislead."
lutrogale_perspicillata,body_covering,fur_or_hair,web_reference,Animal Diversity Web,https://animaldiversity.org/accounts/Lutrogale_perspicillata/,Lutrogale perspicillata species account,2026-09-02,high,manual_mapping_from_explicit_observable_description,"Phase 2C: mapped only conspicuous, non-measurement traits explicitly supported by the cited description; sex/age-variable traits omitted where they could mislead."
lutrogale_perspicillata,primary_color,brown,web_reference,Animal Diversity Web,https://animaldiversity.org/accounts/Lutrogale_perspicillata/,Lutrogale perspicillata species account,2026-09-02,high,manual_mapping_from_explicit_observable_description,"Phase 2C: mapped only conspicuous, non-measurement traits explicitly supported by the cited description; sex/age-variable traits omitted where they could mislead."
lutrogale_perspicillata,movement_seen,swimming,web_reference,Animal Diversity Web,https://animaldiversity.org/accounts/Lutrogale_perspicillata/,Lutrogale perspicillata species account,2026-09-02,high,manual_mapping_from_explicit_observable_description,"Phase 2C: mapped only conspicuous, non-measurement traits explicitly supported by the cited description; sex/age-variable traits omitted where they could mislead."
lutrogale_perspicillata,observation_place,freshwater_or_wetland,web_reference,Animal Diversity Web,https://animaldiversity.org/accounts/Lutrogale_perspicillata/,Lutrogale perspicillata species account,2026-09-02,high,manual_mapping_from_explicit_observable_description,"Phase 2C: mapped only conspicuous, non-measurement traits explicitly supported by the cited description; sex/age-variable traits omitted where they could mislead."
lutrogale_perspicillata,tail_shape,flattened,web_reference,Animal Diversity Web,https://animaldiversity.org/accounts/Lutrogale_perspicillata/,Lutrogale perspicillata species account,2026-09-02,high,manual_mapping_from_explicit_observable_description,"Phase 2C: mapped only conspicuous, non-measurement traits explicitly supported by the cited description; sex/age-variable traits omitted where they could mislead."
lutrogale_perspicillata,leg_foot_appearance,webbed_feet,web_reference,Animal Diversity Web,https://animaldiversity.org/accounts/Lutrogale_perspicillata/,Lutrogale perspicillata species account,2026-09-02,high,manual_mapping_from_explicit_observable_description,"Phase 2C: mapped only conspicuous, non-measurement traits explicitly supported by the cited description; sex/age-variable traits omitted where they could mislead."
lutrogale_perspicillata,snout_shape_simple,short_blunt,web_reference,Animal Diversity Web,https://animaldiversity.org/accounts/Lutrogale_perspicillata/,Lutrogale perspicillata species account,2026-09-02,high,manual_mapping_from_explicit_observable_description,"Phase 2C: mapped only conspicuous, non-measurement traits explicitly supported by the cited description; sex/age-variable traits omitted where they could mislead."
lutra_lutra,body_form,long_body_short_legs,web_reference,"Mammalian Species, Oxford Academic",https://academic.oup.com/mspecies/article/48/940/109/2751079,Lutra lutra species account,2026-09-02,high,manual_mapping_from_explicit_observable_description,"Phase 2C: mapped only conspicuous, non-measurement traits explicitly supported by the cited description; sex/age-variable traits omitted where they could mislead."
lutra_lutra,body_covering,fur_or_hair,web_reference,"Mammalian Species, Oxford Academic",https://academic.oup.com/mspecies/article/48/940/109/2751079,Lutra lutra species account,2026-09-02,high,manual_mapping_from_explicit_observable_description,"Phase 2C: mapped only conspicuous, non-measurement traits explicitly supported by the cited description; sex/age-variable traits omitted where they could mislead."
lutra_lutra,primary_color,dark_brown,web_reference,"Mammalian Species, Oxford Academic",https://academic.oup.com/mspecies/article/48/940/109/2751079,Lutra lutra species account,2026-09-02,high,manual_mapping_from_explicit_observable_description,"Phase 2C: mapped only conspicuous, non-measurement traits explicitly supported by the cited description; sex/age-variable traits omitted where they could mislead."
lutra_lutra,movement_seen,swimming,web_reference,"Mammalian Species, Oxford Academic",https://academic.oup.com/mspecies/article/48/940/109/2751079,Lutra lutra species account,2026-09-02,high,manual_mapping_from_explicit_observable_description,"Phase 2C: mapped only conspicuous, non-measurement traits explicitly supported by the cited description; sex/age-variable traits omitted where they could mislead."
lutra_lutra,observation_place,freshwater_or_wetland,web_reference,"Mammalian Species, Oxford Academic",https://academic.oup.com/mspecies/article/48/940/109/2751079,Lutra lutra species account,2026-09-02,high,manual_mapping_from_explicit_observable_description,"Phase 2C: mapped only conspicuous, non-measurement traits explicitly supported by the cited description; sex/age-variable traits omitted where they could mislead."
lutra_lutra,tail_shape,thick,web_reference,"Mammalian Species, Oxford Academic",https://academic.oup.com/mspecies/article/48/940/109/2751079,Lutra lutra species account,2026-09-02,high,manual_mapping_from_explicit_observable_description,"Phase 2C: mapped only conspicuous, non-measurement traits explicitly supported by the cited description; sex/age-variable traits omitted where they could mislead."
lutra_lutra,leg_foot_appearance,webbed_feet,web_reference,"Mammalian Species, Oxford Academic",https://academic.oup.com/mspecies/article/48/940/109/2751079,Lutra lutra species account,2026-09-02,high,manual_mapping_from_explicit_observable_description,"Phase 2C: mapped only conspicuous, non-measurement traits explicitly supported by the cited description; sex/age-variable traits omitted where they could mislead."
muntiacus_feae,body_size_impression,dog_sized,web_reference,Animal Diversity Web,https://animaldiversity.org/accounts/Muntiacus_feae/,Muntiacus feae species account,2026-09-02,high,manual_mapping_from_explicit_observable_description,"Phase 2C: mapped only conspicuous, non-measurement traits explicitly supported by the cited description; sex/age-variable traits omitted where they could mislead."
muntiacus_feae,body_form,hoofed_like,web_reference,Animal Diversity Web,https://animaldiversity.org/accounts/Muntiacus_feae/,Muntiacus feae species account,2026-09-02,high,manual_mapping_from_explicit_observable_description,"Phase 2C: mapped only conspicuous, non-measurement traits explicitly supported by the cited description; sex/age-variable traits omitted where they could mislead."
muntiacus_feae,body_covering,fur_or_hair,web_reference,Animal Diversity Web,https://animaldiversity.org/accounts/Muntiacus_feae/,Muntiacus feae species account,2026-09-02,high,manual_mapping_from_explicit_observable_description,"Phase 2C: mapped only conspicuous, non-measurement traits explicitly supported by the cited description; sex/age-variable traits omitted where they could mislead."
muntiacus_feae,primary_color,brown,web_reference,Animal Diversity Web,https://animaldiversity.org/accounts/Muntiacus_feae/,Muntiacus feae species account,2026-09-02,high,manual_mapping_from_explicit_observable_description,"Phase 2C: mapped only conspicuous, non-measurement traits explicitly supported by the cited description; sex/age-variable traits omitted where they could mislead."
muntiacus_feae,body_pattern,plain,web_reference,Animal Diversity Web,https://animaldiversity.org/accounts/Muntiacus_feae/,Muntiacus feae species account,2026-09-02,high,manual_mapping_from_explicit_observable_description,"Phase 2C: mapped only conspicuous, non-measurement traits explicitly supported by the cited description; sex/age-variable traits omitted where they could mislead."
muntiacus_feae,tail_impression,long,web_reference,Animal Diversity Web,https://animaldiversity.org/accounts/Muntiacus_feae/,Muntiacus feae species account,2026-09-02,high,manual_mapping_from_explicit_observable_description,"Phase 2C: mapped only conspicuous, non-measurement traits explicitly supported by the cited description; sex/age-variable traits omitted where they could mislead."
muntiacus_feae,leg_foot_appearance,hooves,web_reference,Animal Diversity Web,https://animaldiversity.org/accounts/Muntiacus_feae/,Muntiacus feae species account,2026-09-02,high,manual_mapping_from_explicit_observable_description,"Phase 2C: mapped only conspicuous, non-measurement traits explicitly supported by the cited description; sex/age-variable traits omitted where they could mislead."
muntiacus_feae,time_seen,night,web_reference,Animal Diversity Web,https://animaldiversity.org/accounts/Muntiacus_feae/,Muntiacus feae species account,2026-09-02,high,manual_mapping_from_explicit_observable_description,"Phase 2C: mapped only conspicuous, non-measurement traits explicitly supported by the cited description; sex/age-variable traits omitted where they could mislead."
muntiacus_feae,observation_place,ground,web_reference,Animal Diversity Web,https://animaldiversity.org/accounts/Muntiacus_feae/,Muntiacus feae species account,2026-09-02,high,manual_mapping_from_explicit_observable_description,"Phase 2C: mapped only conspicuous, non-measurement traits explicitly supported by the cited description; sex/age-variable traits omitted where they could mislead."
elaphodus_cephalophus,body_size_impression,dog_sized,web_reference,Animal Diversity Web,https://animaldiversity.org/accounts/Elaphodus_cephalophus/,Elaphodus cephalophus species account,2026-09-02,high,manual_mapping_from_explicit_observable_description,"Phase 2C: mapped only conspicuous, non-measurement traits explicitly supported by the cited description; sex/age-variable traits omitted where they could mislead."
elaphodus_cephalophus,body_form,hoofed_like,web_reference,Animal Diversity Web,https://animaldiversity.org/accounts/Elaphodus_cephalophus/,Elaphodus cephalophus species account,2026-09-02,high,manual_mapping_from_explicit_observable_description,"Phase 2C: mapped only conspicuous, non-measurement traits explicitly supported by the cited description; sex/age-variable traits omitted where they could mislead."
elaphodus_cephalophus,body_covering,fur_or_hair,web_reference,Animal Diversity Web,https://animaldiversity.org/accounts/Elaphodus_cephalophus/,Elaphodus cephalophus species account,2026-09-02,high,manual_mapping_from_explicit_observable_description,"Phase 2C: mapped only conspicuous, non-measurement traits explicitly supported by the cited description; sex/age-variable traits omitted where they could mislead."
elaphodus_cephalophus,primary_color,dark_brown,web_reference,Animal Diversity Web,https://animaldiversity.org/accounts/Elaphodus_cephalophus/,Elaphodus cephalophus species account,2026-09-02,high,manual_mapping_from_explicit_observable_description,"Phase 2C: mapped only conspicuous, non-measurement traits explicitly supported by the cited description; sex/age-variable traits omitted where they could mislead."
elaphodus_cephalophus,body_pattern,plain,web_reference,Animal Diversity Web,https://animaldiversity.org/accounts/Elaphodus_cephalophus/,Elaphodus cephalophus species account,2026-09-02,high,manual_mapping_from_explicit_observable_description,"Phase 2C: mapped only conspicuous, non-measurement traits explicitly supported by the cited description; sex/age-variable traits omitted where they could mislead."
elaphodus_cephalophus,tail_impression,short,web_reference,Animal Diversity Web,https://animaldiversity.org/accounts/Elaphodus_cephalophus/,Elaphodus cephalophus species account,2026-09-02,high,manual_mapping_from_explicit_observable_description,"Phase 2C: mapped only conspicuous, non-measurement traits explicitly supported by the cited description; sex/age-variable traits omitted where they could mislead."
elaphodus_cephalophus,leg_foot_appearance,hooves,web_reference,Animal Diversity Web,https://animaldiversity.org/accounts/Elaphodus_cephalophus/,Elaphodus cephalophus species account,2026-09-02,high,manual_mapping_from_explicit_observable_description,"Phase 2C: mapped only conspicuous, non-measurement traits explicitly supported by the cited description; sex/age-variable traits omitted where they could mislead."
elaphodus_cephalophus,time_seen,dawn_or_dusk,web_reference,Animal Diversity Web,https://animaldiversity.org/accounts/Elaphodus_cephalophus/,Elaphodus cephalophus species account,2026-09-02,high,manual_mapping_from_explicit_observable_description,"Phase 2C: mapped only conspicuous, non-measurement traits explicitly supported by the cited description; sex/age-variable traits omitted where they could mislead."
elaphodus_cephalophus,observation_place,ground,web_reference,Animal Diversity Web,https://animaldiversity.org/accounts/Elaphodus_cephalophus/,Elaphodus cephalophus species account,2026-09-02,high,manual_mapping_from_explicit_observable_description,"Phase 2C: mapped only conspicuous, non-measurement traits explicitly supported by the cited description; sex/age-variable traits omitted where they could mislead."
lepus_peguensis,body_form,rabbit_hare_like,web_reference,Thailand Biodiversity Information Facility,https://thbif.onep.go.th/taxons/detail/23307,Lepus peguensis morphology profile,2026-09-02,high,manual_mapping_from_explicit_observable_description,"Phase 2C: mapped only conspicuous, non-measurement traits explicitly supported by the cited description; sex/age-variable traits omitted where they could mislead."
lepus_peguensis,body_covering,fur_or_hair,web_reference,Thailand Biodiversity Information Facility,https://thbif.onep.go.th/taxons/detail/23307,Lepus peguensis morphology profile,2026-09-02,high,manual_mapping_from_explicit_observable_description,"Phase 2C: mapped only conspicuous, non-measurement traits explicitly supported by the cited description; sex/age-variable traits omitted where they could mislead."
lepus_peguensis,primary_color,brown,web_reference,Thailand Biodiversity Information Facility,https://thbif.onep.go.th/taxons/detail/23307,Lepus peguensis morphology profile,2026-09-02,high,manual_mapping_from_explicit_observable_description,"Phase 2C: mapped only conspicuous, non-measurement traits explicitly supported by the cited description; sex/age-variable traits omitted where they could mislead."
lepus_peguensis,body_pattern,mixed,web_reference,Thailand Biodiversity Information Facility,https://thbif.onep.go.th/taxons/detail/23307,Lepus peguensis morphology profile,2026-09-02,high,manual_mapping_from_explicit_observable_description,"Phase 2C: mapped only conspicuous, non-measurement traits explicitly supported by the cited description; sex/age-variable traits omitted where they could mislead."
lepus_peguensis,tail_impression,short,web_reference,Thailand Biodiversity Information Facility,https://thbif.onep.go.th/taxons/detail/23307,Lepus peguensis morphology profile,2026-09-02,high,manual_mapping_from_explicit_observable_description,"Phase 2C: mapped only conspicuous, non-measurement traits explicitly supported by the cited description; sex/age-variable traits omitted where they could mislead."
lepus_peguensis,ear_size_impression,large,web_reference,Thailand Biodiversity Information Facility,https://thbif.onep.go.th/taxons/detail/23307,Lepus peguensis morphology profile,2026-09-02,high,manual_mapping_from_explicit_observable_description,"Phase 2C: mapped only conspicuous, non-measurement traits explicitly supported by the cited description; sex/age-variable traits omitted where they could mislead."
lepus_peguensis,ear_shape_simple,long_upright,web_reference,Thailand Biodiversity Information Facility,https://thbif.onep.go.th/taxons/detail/23307,Lepus peguensis morphology profile,2026-09-02,high,manual_mapping_from_explicit_observable_description,"Phase 2C: mapped only conspicuous, non-measurement traits explicitly supported by the cited description; sex/age-variable traits omitted where they could mislead."
lepus_peguensis,movement_seen,hopping,web_reference,Thailand Biodiversity Information Facility,https://thbif.onep.go.th/taxons/detail/23307,Lepus peguensis morphology profile,2026-09-02,high,manual_mapping_from_explicit_observable_description,"Phase 2C: mapped only conspicuous, non-measurement traits explicitly supported by the cited description; sex/age-variable traits omitted where they could mislead."
lepus_peguensis,observation_place,ground,web_reference,Thailand Biodiversity Information Facility,https://thbif.onep.go.th/taxons/detail/23307,Lepus peguensis morphology profile,2026-09-02,high,manual_mapping_from_explicit_observable_description,"Phase 2C: mapped only conspicuous, non-measurement traits explicitly supported by the cited description; sex/age-variable traits omitted where they could mislead."
lepus_peguensis,time_seen,night,web_reference,Thailand Biodiversity Information Facility,https://thbif.onep.go.th/taxons/detail/23307,Lepus peguensis morphology profile,2026-09-02,high,manual_mapping_from_explicit_observable_description,"Phase 2C: mapped only conspicuous, non-measurement traits explicitly supported by the cited description; sex/age-variable traits omitted where they could mislead."
petaurista_petaurista,body_form,gliding_mammal_like,web_reference,Animal Diversity Web,https://animaldiversity.org/accounts/Petaurista_petaurista/,Petaurista petaurista species account,2026-09-02,high,manual_mapping_from_explicit_observable_description,"Phase 2C: mapped only conspicuous, non-measurement traits explicitly supported by the cited description; sex/age-variable traits omitted where they could mislead."
petaurista_petaurista,body_covering,fur_or_hair,web_reference,Animal Diversity Web,https://animaldiversity.org/accounts/Petaurista_petaurista/,Petaurista petaurista species account,2026-09-02,high,manual_mapping_from_explicit_observable_description,"Phase 2C: mapped only conspicuous, non-measurement traits explicitly supported by the cited description; sex/age-variable traits omitted where they could mislead."
petaurista_petaurista,primary_color,reddish_or_orange,web_reference,Animal Diversity Web,https://animaldiversity.org/accounts/Petaurista_petaurista/,Petaurista petaurista species account,2026-09-02,high,manual_mapping_from_explicit_observable_description,"Phase 2C: mapped only conspicuous, non-measurement traits explicitly supported by the cited description; sex/age-variable traits omitted where they could mislead."
petaurista_petaurista,tail_impression,very_long,web_reference,Animal Diversity Web,https://animaldiversity.org/accounts/Petaurista_petaurista/,Petaurista petaurista species account,2026-09-02,high,manual_mapping_from_explicit_observable_description,"Phase 2C: mapped only conspicuous, non-measurement traits explicitly supported by the cited description; sex/age-variable traits omitted where they could mislead."
petaurista_petaurista,tail_shape,bushy,web_reference,Animal Diversity Web,https://animaldiversity.org/accounts/Petaurista_petaurista/,Petaurista petaurista species account,2026-09-02,high,manual_mapping_from_explicit_observable_description,"Phase 2C: mapped only conspicuous, non-measurement traits explicitly supported by the cited description; sex/age-variable traits omitted where they could mislead."
petaurista_petaurista,gliding_membrane_visible,yes,web_reference,Animal Diversity Web,https://animaldiversity.org/accounts/Petaurista_petaurista/,Petaurista petaurista species account,2026-09-02,high,manual_mapping_from_explicit_observable_description,"Phase 2C: mapped only conspicuous, non-measurement traits explicitly supported by the cited description; sex/age-variable traits omitted where they could mislead."
petaurista_petaurista,movement_seen,gliding,web_reference,Animal Diversity Web,https://animaldiversity.org/accounts/Petaurista_petaurista/,Petaurista petaurista species account,2026-09-02,high,manual_mapping_from_explicit_observable_description,"Phase 2C: mapped only conspicuous, non-measurement traits explicitly supported by the cited description; sex/age-variable traits omitted where they could mislead."
petaurista_petaurista,observation_place,tree_or_bush,web_reference,Animal Diversity Web,https://animaldiversity.org/accounts/Petaurista_petaurista/,Petaurista petaurista species account,2026-09-02,high,manual_mapping_from_explicit_observable_description,"Phase 2C: mapped only conspicuous, non-measurement traits explicitly supported by the cited description; sex/age-variable traits omitted where they could mislead."
callosciurus_erythraeus,body_form,squirrel_like,web_reference,India Biodiversity Portal,https://indiabiodiversity.org/species/show/238517,Callosciurus erythraeus species profile,2026-09-02,high,manual_mapping_from_explicit_observable_description,"Phase 2C: mapped only conspicuous, non-measurement traits explicitly supported by the cited description; sex/age-variable traits omitted where they could mislead."
callosciurus_erythraeus,body_covering,fur_or_hair,web_reference,India Biodiversity Portal,https://indiabiodiversity.org/species/show/238517,Callosciurus erythraeus species profile,2026-09-02,high,manual_mapping_from_explicit_observable_description,"Phase 2C: mapped only conspicuous, non-measurement traits explicitly supported by the cited description; sex/age-variable traits omitted where they could mislead."
callosciurus_erythraeus,primary_color,mixed,web_reference,India Biodiversity Portal,https://indiabiodiversity.org/species/show/238517,Callosciurus erythraeus species profile,2026-09-02,high,manual_mapping_from_explicit_observable_description,"Phase 2C: mapped only conspicuous, non-measurement traits explicitly supported by the cited description; sex/age-variable traits omitted where they could mislead."
callosciurus_erythraeus,tail_impression,long,web_reference,India Biodiversity Portal,https://indiabiodiversity.org/species/show/238517,Callosciurus erythraeus species profile,2026-09-02,high,manual_mapping_from_explicit_observable_description,"Phase 2C: mapped only conspicuous, non-measurement traits explicitly supported by the cited description; sex/age-variable traits omitted where they could mislead."
callosciurus_erythraeus,tail_shape,bushy,web_reference,India Biodiversity Portal,https://indiabiodiversity.org/species/show/238517,Callosciurus erythraeus species profile,2026-09-02,high,manual_mapping_from_explicit_observable_description,"Phase 2C: mapped only conspicuous, non-measurement traits explicitly supported by the cited description; sex/age-variable traits omitted where they could mislead."
callosciurus_erythraeus,movement_seen,climbing,web_reference,India Biodiversity Portal,https://indiabiodiversity.org/species/show/238517,Callosciurus erythraeus species profile,2026-09-02,high,manual_mapping_from_explicit_observable_description,"Phase 2C: mapped only conspicuous, non-measurement traits explicitly supported by the cited description; sex/age-variable traits omitted where they could mislead."
callosciurus_erythraeus,observation_place,tree_or_bush,web_reference,India Biodiversity Portal,https://indiabiodiversity.org/species/show/238517,Callosciurus erythraeus species profile,2026-09-02,high,manual_mapping_from_explicit_observable_description,"Phase 2C: mapped only conspicuous, non-measurement traits explicitly supported by the cited description; sex/age-variable traits omitted where they could mislead."
echinosorex_gymnura,body_size_impression,rabbit_or_cat_sized,web_reference,Animal Diversity Web,https://animaldiversity.org/accounts/Echinosorex_gymnura/,Echinosorex gymnura species account,2026-09-02,high,manual_mapping_from_explicit_observable_description,"Phase 2C: mapped only conspicuous, non-measurement traits explicitly supported by the cited description; sex/age-variable traits omitted where they could mislead."
echinosorex_gymnura,body_form,shrew_mole_like,web_reference,Animal Diversity Web,https://animaldiversity.org/accounts/Echinosorex_gymnura/,Echinosorex gymnura species account,2026-09-02,high,manual_mapping_from_explicit_observable_description,"Phase 2C: mapped only conspicuous, non-measurement traits explicitly supported by the cited description; sex/age-variable traits omitted where they could mislead."
echinosorex_gymnura,body_covering,fur_or_hair,web_reference,Animal Diversity Web,https://animaldiversity.org/accounts/Echinosorex_gymnura/,Echinosorex gymnura species account,2026-09-02,high,manual_mapping_from_explicit_observable_description,"Phase 2C: mapped only conspicuous, non-measurement traits explicitly supported by the cited description; sex/age-variable traits omitted where they could mislead."
echinosorex_gymnura,primary_color,mixed,web_reference,Animal Diversity Web,https://animaldiversity.org/accounts/Echinosorex_gymnura/,Echinosorex gymnura species account,2026-09-02,high,manual_mapping_from_explicit_observable_description,"Phase 2C: mapped only conspicuous, non-measurement traits explicitly supported by the cited description; sex/age-variable traits omitted where they could mislead."
echinosorex_gymnura,body_pattern,patched,web_reference,Animal Diversity Web,https://animaldiversity.org/accounts/Echinosorex_gymnura/,Echinosorex gymnura species account,2026-09-02,high,manual_mapping_from_explicit_observable_description,"Phase 2C: mapped only conspicuous, non-measurement traits explicitly supported by the cited description; sex/age-variable traits omitted where they could mislead."
echinosorex_gymnura,tail_impression,medium,web_reference,Animal Diversity Web,https://animaldiversity.org/accounts/Echinosorex_gymnura/,Echinosorex gymnura species account,2026-09-02,high,manual_mapping_from_explicit_observable_description,"Phase 2C: mapped only conspicuous, non-measurement traits explicitly supported by the cited description; sex/age-variable traits omitted where they could mislead."
echinosorex_gymnura,snout_shape_simple,long_pointed,web_reference,Animal Diversity Web,https://animaldiversity.org/accounts/Echinosorex_gymnura/,Echinosorex gymnura species account,2026-09-02,high,manual_mapping_from_explicit_observable_description,"Phase 2C: mapped only conspicuous, non-measurement traits explicitly supported by the cited description; sex/age-variable traits omitted where they could mislead."
echinosorex_gymnura,observation_place,ground,web_reference,Animal Diversity Web,https://animaldiversity.org/accounts/Echinosorex_gymnura/,Echinosorex gymnura species account,2026-09-02,high,manual_mapping_from_explicit_observable_description,"Phase 2C: mapped only conspicuous, non-measurement traits explicitly supported by the cited description; sex/age-variable traits omitted where they could mislead."
megaptera_novaeangliae,body_size_impression,cow_or_larger,web_reference,NOAA Fisheries,https://www.fisheries.noaa.gov/species/humpback-whale,Humpback whale species profile,2026-09-02,high,manual_mapping_from_explicit_observable_description,"Phase 2C: mapped only conspicuous, non-measurement traits explicitly supported by the cited description; sex/age-variable traits omitted where they could mislead."
megaptera_novaeangliae,body_form,whale_dolphin_like,web_reference,NOAA Fisheries,https://www.fisheries.noaa.gov/species/humpback-whale,Humpback whale species profile,2026-09-02,high,manual_mapping_from_explicit_observable_description,"Phase 2C: mapped only conspicuous, non-measurement traits explicitly supported by the cited description; sex/age-variable traits omitted where they could mislead."
megaptera_novaeangliae,body_covering,mostly_smooth_skin,web_reference,NOAA Fisheries,https://www.fisheries.noaa.gov/species/humpback-whale,Humpback whale species profile,2026-09-02,high,manual_mapping_from_explicit_observable_description,"Phase 2C: mapped only conspicuous, non-measurement traits explicitly supported by the cited description; sex/age-variable traits omitted where they could mislead."
megaptera_novaeangliae,movement_seen,swimming,web_reference,NOAA Fisheries,https://www.fisheries.noaa.gov/species/humpback-whale,Humpback whale species profile,2026-09-02,high,manual_mapping_from_explicit_observable_description,"Phase 2C: mapped only conspicuous, non-measurement traits explicitly supported by the cited description; sex/age-variable traits omitted where they could mislead."
megaptera_novaeangliae,observation_place,sea_or_coast,web_reference,NOAA Fisheries,https://www.fisheries.noaa.gov/species/humpback-whale,Humpback whale species profile,2026-09-02,high,manual_mapping_from_explicit_observable_description,"Phase 2C: mapped only conspicuous, non-measurement traits explicitly supported by the cited description; sex/age-variable traits omitted where they could mislead."
megaptera_novaeangliae,primary_color,black,web_reference,NOAA Fisheries,https://www.fisheries.noaa.gov/species/humpback-whale,Humpback whale species profile,2026-09-02,high,manual_mapping_from_explicit_observable_description,"Phase 2C: mapped only conspicuous, non-measurement traits explicitly supported by the cited description; sex/age-variable traits omitted where they could mislead."
megaptera_novaeangliae,body_pattern,patched,web_reference,NOAA Fisheries,https://www.fisheries.noaa.gov/species/humpback-whale,Humpback whale species profile,2026-09-02,high,manual_mapping_from_explicit_observable_description,"Phase 2C: mapped only conspicuous, non-measurement traits explicitly supported by the cited description; sex/age-variable traits omitted where they could mislead."
megaptera_novaeangliae,tail_shape,fluked,web_reference,NOAA Fisheries,https://www.fisheries.noaa.gov/species/humpback-whale,Humpback whale species profile,2026-09-02,high,manual_mapping_from_explicit_observable_description,"Phase 2C: mapped only conspicuous, non-measurement traits explicitly supported by the cited description; sex/age-variable traits omitted where they could mislead."
megaptera_novaeangliae,cetacean_dorsal_fin,small,web_reference,NOAA Fisheries,https://www.fisheries.noaa.gov/species/humpback-whale,Humpback whale species profile,2026-09-02,high,manual_mapping_from_explicit_observable_description,"Phase 2C: mapped only conspicuous, non-measurement traits explicitly supported by the cited description; sex/age-variable traits omitted where they could mislead."
megaptera_novaeangliae,cetacean_beak,no_distinct_beak,web_reference,NOAA Fisheries,https://www.fisheries.noaa.gov/species/humpback-whale,Humpback whale species profile,2026-09-02,high,manual_mapping_from_explicit_observable_description,"Phase 2C: mapped only conspicuous, non-measurement traits explicitly supported by the cited description; sex/age-variable traits omitted where they could mislead."
megaptera_novaeangliae,cetacean_color_pattern,mixed,web_reference,NOAA Fisheries,https://www.fisheries.noaa.gov/species/humpback-whale,Humpback whale species profile,2026-09-02,high,manual_mapping_from_explicit_observable_description,"Phase 2C: mapped only conspicuous, non-measurement traits explicitly supported by the cited description; sex/age-variable traits omitted where they could mislead."
balaenoptera_musculus,body_size_impression,cow_or_larger,web_reference,NOAA Fisheries,https://www.fisheries.noaa.gov/species/blue-whale,Blue whale species profile,2026-09-02,high,manual_mapping_from_explicit_observable_description,"Phase 2C: mapped only conspicuous, non-measurement traits explicitly supported by the cited description; sex/age-variable traits omitted where they could mislead."
balaenoptera_musculus,body_form,whale_dolphin_like,web_reference,NOAA Fisheries,https://www.fisheries.noaa.gov/species/blue-whale,Blue whale species profile,2026-09-02,high,manual_mapping_from_explicit_observable_description,"Phase 2C: mapped only conspicuous, non-measurement traits explicitly supported by the cited description; sex/age-variable traits omitted where they could mislead."
balaenoptera_musculus,body_covering,mostly_smooth_skin,web_reference,NOAA Fisheries,https://www.fisheries.noaa.gov/species/blue-whale,Blue whale species profile,2026-09-02,high,manual_mapping_from_explicit_observable_description,"Phase 2C: mapped only conspicuous, non-measurement traits explicitly supported by the cited description; sex/age-variable traits omitted where they could mislead."
balaenoptera_musculus,movement_seen,swimming,web_reference,NOAA Fisheries,https://www.fisheries.noaa.gov/species/blue-whale,Blue whale species profile,2026-09-02,high,manual_mapping_from_explicit_observable_description,"Phase 2C: mapped only conspicuous, non-measurement traits explicitly supported by the cited description; sex/age-variable traits omitted where they could mislead."
balaenoptera_musculus,observation_place,sea_or_coast,web_reference,NOAA Fisheries,https://www.fisheries.noaa.gov/species/blue-whale,Blue whale species profile,2026-09-02,high,manual_mapping_from_explicit_observable_description,"Phase 2C: mapped only conspicuous, non-measurement traits explicitly supported by the cited description; sex/age-variable traits omitted where they could mislead."
balaenoptera_musculus,primary_color,grey,web_reference,NOAA Fisheries,https://www.fisheries.noaa.gov/species/blue-whale,Blue whale species profile,2026-09-02,high,manual_mapping_from_explicit_observable_description,"Phase 2C: mapped only conspicuous, non-measurement traits explicitly supported by the cited description; sex/age-variable traits omitted where they could mislead."
balaenoptera_musculus,body_pattern,mixed,web_reference,NOAA Fisheries,https://www.fisheries.noaa.gov/species/blue-whale,Blue whale species profile,2026-09-02,high,manual_mapping_from_explicit_observable_description,"Phase 2C: mapped only conspicuous, non-measurement traits explicitly supported by the cited description; sex/age-variable traits omitted where they could mislead."
balaenoptera_musculus,tail_shape,fluked,web_reference,NOAA Fisheries,https://www.fisheries.noaa.gov/species/blue-whale,Blue whale species profile,2026-09-02,high,manual_mapping_from_explicit_observable_description,"Phase 2C: mapped only conspicuous, non-measurement traits explicitly supported by the cited description; sex/age-variable traits omitted where they could mislead."
balaenoptera_musculus,cetacean_dorsal_fin,small,web_reference,NOAA Fisheries,https://www.fisheries.noaa.gov/species/blue-whale,Blue whale species profile,2026-09-02,high,manual_mapping_from_explicit_observable_description,"Phase 2C: mapped only conspicuous, non-measurement traits explicitly supported by the cited description; sex/age-variable traits omitted where they could mislead."
balaenoptera_musculus,cetacean_beak,no_distinct_beak,web_reference,NOAA Fisheries,https://www.fisheries.noaa.gov/species/blue-whale,Blue whale species profile,2026-09-02,high,manual_mapping_from_explicit_observable_description,"Phase 2C: mapped only conspicuous, non-measurement traits explicitly supported by the cited description; sex/age-variable traits omitted where they could mislead."
balaenoptera_musculus,cetacean_color_pattern,mottled,web_reference,NOAA Fisheries,https://www.fisheries.noaa.gov/species/blue-whale,Blue whale species profile,2026-09-02,high,manual_mapping_from_explicit_observable_description,"Phase 2C: mapped only conspicuous, non-measurement traits explicitly supported by the cited description; sex/age-variable traits omitted where they could mislead."
physeter_macrocephalus,body_size_impression,cow_or_larger,web_reference,NOAA Fisheries,https://www.fisheries.noaa.gov/species/sperm-whale,Sperm whale species profile,2026-09-02,high,manual_mapping_from_explicit_observable_description,"Phase 2C: mapped only conspicuous, non-measurement traits explicitly supported by the cited description; sex/age-variable traits omitted where they could mislead."
physeter_macrocephalus,body_form,whale_dolphin_like,web_reference,NOAA Fisheries,https://www.fisheries.noaa.gov/species/sperm-whale,Sperm whale species profile,2026-09-02,high,manual_mapping_from_explicit_observable_description,"Phase 2C: mapped only conspicuous, non-measurement traits explicitly supported by the cited description; sex/age-variable traits omitted where they could mislead."
physeter_macrocephalus,body_covering,mostly_smooth_skin,web_reference,NOAA Fisheries,https://www.fisheries.noaa.gov/species/sperm-whale,Sperm whale species profile,2026-09-02,high,manual_mapping_from_explicit_observable_description,"Phase 2C: mapped only conspicuous, non-measurement traits explicitly supported by the cited description; sex/age-variable traits omitted where they could mislead."
physeter_macrocephalus,movement_seen,swimming,web_reference,NOAA Fisheries,https://www.fisheries.noaa.gov/species/sperm-whale,Sperm whale species profile,2026-09-02,high,manual_mapping_from_explicit_observable_description,"Phase 2C: mapped only conspicuous, non-measurement traits explicitly supported by the cited description; sex/age-variable traits omitted where they could mislead."
physeter_macrocephalus,observation_place,sea_or_coast,web_reference,NOAA Fisheries,https://www.fisheries.noaa.gov/species/sperm-whale,Sperm whale species profile,2026-09-02,high,manual_mapping_from_explicit_observable_description,"Phase 2C: mapped only conspicuous, non-measurement traits explicitly supported by the cited description; sex/age-variable traits omitted where they could mislead."
physeter_macrocephalus,primary_color,grey,web_reference,NOAA Fisheries,https://www.fisheries.noaa.gov/species/sperm-whale,Sperm whale species profile,2026-09-02,high,manual_mapping_from_explicit_observable_description,"Phase 2C: mapped only conspicuous, non-measurement traits explicitly supported by the cited description; sex/age-variable traits omitted where they could mislead."
physeter_macrocephalus,tail_shape,fluked,web_reference,NOAA Fisheries,https://www.fisheries.noaa.gov/species/sperm-whale,Sperm whale species profile,2026-09-02,high,manual_mapping_from_explicit_observable_description,"Phase 2C: mapped only conspicuous, non-measurement traits explicitly supported by the cited description; sex/age-variable traits omitted where they could mislead."
physeter_macrocephalus,cetacean_dorsal_fin,small,web_reference,NOAA Fisheries,https://www.fisheries.noaa.gov/species/sperm-whale,Sperm whale species profile,2026-09-02,high,manual_mapping_from_explicit_observable_description,"Phase 2C: mapped only conspicuous, non-measurement traits explicitly supported by the cited description; sex/age-variable traits omitted where they could mislead."
physeter_macrocephalus,cetacean_beak,no_distinct_beak,web_reference,NOAA Fisheries,https://www.fisheries.noaa.gov/species/sperm-whale,Sperm whale species profile,2026-09-02,high,manual_mapping_from_explicit_observable_description,"Phase 2C: mapped only conspicuous, non-measurement traits explicitly supported by the cited description; sex/age-variable traits omitted where they could mislead."
physeter_macrocephalus,cetacean_color_pattern,mostly_grey,web_reference,NOAA Fisheries,https://www.fisheries.noaa.gov/species/sperm-whale,Sperm whale species profile,2026-09-02,high,manual_mapping_from_explicit_observable_description,"Phase 2C: mapped only conspicuous, non-measurement traits explicitly supported by the cited description; sex/age-variable traits omitted where they could mislead."
stenella_longirostris,body_form,whale_dolphin_like,web_reference,NOAA Fisheries,https://www.fisheries.noaa.gov/species/spinner-dolphin,Spinner dolphin species profile,2026-09-02,high,manual_mapping_from_explicit_observable_description,"Phase 2C: mapped only conspicuous, non-measurement traits explicitly supported by the cited description; sex/age-variable traits omitted where they could mislead."
stenella_longirostris,body_covering,mostly_smooth_skin,web_reference,NOAA Fisheries,https://www.fisheries.noaa.gov/species/spinner-dolphin,Spinner dolphin species profile,2026-09-02,high,manual_mapping_from_explicit_observable_description,"Phase 2C: mapped only conspicuous, non-measurement traits explicitly supported by the cited description; sex/age-variable traits omitted where they could mislead."
stenella_longirostris,movement_seen,swimming,web_reference,NOAA Fisheries,https://www.fisheries.noaa.gov/species/spinner-dolphin,Spinner dolphin species profile,2026-09-02,high,manual_mapping_from_explicit_observable_description,"Phase 2C: mapped only conspicuous, non-measurement traits explicitly supported by the cited description; sex/age-variable traits omitted where they could mislead."
stenella_longirostris,observation_place,sea_or_coast,web_reference,NOAA Fisheries,https://www.fisheries.noaa.gov/species/spinner-dolphin,Spinner dolphin species profile,2026-09-02,high,manual_mapping_from_explicit_observable_description,"Phase 2C: mapped only conspicuous, non-measurement traits explicitly supported by the cited description; sex/age-variable traits omitted where they could mislead."
stenella_longirostris,primary_color,grey,web_reference,NOAA Fisheries,https://www.fisheries.noaa.gov/species/spinner-dolphin,Spinner dolphin species profile,2026-09-02,high,manual_mapping_from_explicit_observable_description,"Phase 2C: mapped only conspicuous, non-measurement traits explicitly supported by the cited description; sex/age-variable traits omitted where they could mislead."
stenella_longirostris,tail_shape,fluked,web_reference,NOAA Fisheries,https://www.fisheries.noaa.gov/species/spinner-dolphin,Spinner dolphin species profile,2026-09-02,high,manual_mapping_from_explicit_observable_description,"Phase 2C: mapped only conspicuous, non-measurement traits explicitly supported by the cited description; sex/age-variable traits omitted where they could mislead."
stenella_longirostris,cetacean_beak,obvious_long_beak,web_reference,NOAA Fisheries,https://www.fisheries.noaa.gov/species/spinner-dolphin,Spinner dolphin species profile,2026-09-02,high,manual_mapping_from_explicit_observable_description,"Phase 2C: mapped only conspicuous, non-measurement traits explicitly supported by the cited description; sex/age-variable traits omitted where they could mislead."
stenella_longirostris,cetacean_color_pattern,light_belly,web_reference,NOAA Fisheries,https://www.fisheries.noaa.gov/species/spinner-dolphin,Spinner dolphin species profile,2026-09-02,high,manual_mapping_from_explicit_observable_description,"Phase 2C: mapped only conspicuous, non-measurement traits explicitly supported by the cited description; sex/age-variable traits omitted where they could mislead."
tursiops_truncatus,body_form,whale_dolphin_like,web_reference,New Zealand Department of Conservation,https://www.doc.govt.nz/nature/native-animals/marine-mammals/dolphins/bottlenose-dolphin/,Bottlenose dolphin species profile,2026-09-02,high,manual_mapping_from_explicit_observable_description,"Phase 2C: mapped only conspicuous, non-measurement traits explicitly supported by the cited description; sex/age-variable traits omitted where they could mislead."
tursiops_truncatus,body_covering,mostly_smooth_skin,web_reference,New Zealand Department of Conservation,https://www.doc.govt.nz/nature/native-animals/marine-mammals/dolphins/bottlenose-dolphin/,Bottlenose dolphin species profile,2026-09-02,high,manual_mapping_from_explicit_observable_description,"Phase 2C: mapped only conspicuous, non-measurement traits explicitly supported by the cited description; sex/age-variable traits omitted where they could mislead."
tursiops_truncatus,movement_seen,swimming,web_reference,New Zealand Department of Conservation,https://www.doc.govt.nz/nature/native-animals/marine-mammals/dolphins/bottlenose-dolphin/,Bottlenose dolphin species profile,2026-09-02,high,manual_mapping_from_explicit_observable_description,"Phase 2C: mapped only conspicuous, non-measurement traits explicitly supported by the cited description; sex/age-variable traits omitted where they could mislead."
tursiops_truncatus,observation_place,sea_or_coast,web_reference,New Zealand Department of Conservation,https://www.doc.govt.nz/nature/native-animals/marine-mammals/dolphins/bottlenose-dolphin/,Bottlenose dolphin species profile,2026-09-02,high,manual_mapping_from_explicit_observable_description,"Phase 2C: mapped only conspicuous, non-measurement traits explicitly supported by the cited description; sex/age-variable traits omitted where they could mislead."
tursiops_truncatus,primary_color,grey,web_reference,New Zealand Department of Conservation,https://www.doc.govt.nz/nature/native-animals/marine-mammals/dolphins/bottlenose-dolphin/,Bottlenose dolphin species profile,2026-09-02,high,manual_mapping_from_explicit_observable_description,"Phase 2C: mapped only conspicuous, non-measurement traits explicitly supported by the cited description; sex/age-variable traits omitted where they could mislead."
tursiops_truncatus,tail_shape,fluked,web_reference,New Zealand Department of Conservation,https://www.doc.govt.nz/nature/native-animals/marine-mammals/dolphins/bottlenose-dolphin/,Bottlenose dolphin species profile,2026-09-02,high,manual_mapping_from_explicit_observable_description,"Phase 2C: mapped only conspicuous, non-measurement traits explicitly supported by the cited description; sex/age-variable traits omitted where they could mislead."
tursiops_truncatus,cetacean_dorsal_fin,curved_back,web_reference,New Zealand Department of Conservation,https://www.doc.govt.nz/nature/native-animals/marine-mammals/dolphins/bottlenose-dolphin/,Bottlenose dolphin species profile,2026-09-02,high,manual_mapping_from_explicit_observable_description,"Phase 2C: mapped only conspicuous, non-measurement traits explicitly supported by the cited description; sex/age-variable traits omitted where they could mislead."
tursiops_truncatus,cetacean_beak,short_beak,web_reference,New Zealand Department of Conservation,https://www.doc.govt.nz/nature/native-animals/marine-mammals/dolphins/bottlenose-dolphin/,Bottlenose dolphin species profile,2026-09-02,high,manual_mapping_from_explicit_observable_description,"Phase 2C: mapped only conspicuous, non-measurement traits explicitly supported by the cited description; sex/age-variable traits omitted where they could mislead."
tursiops_truncatus,cetacean_color_pattern,light_belly,web_reference,New Zealand Department of Conservation,https://www.doc.govt.nz/nature/native-animals/marine-mammals/dolphins/bottlenose-dolphin/,Bottlenose dolphin species profile,2026-09-02,high,manual_mapping_from_explicit_observable_description,"Phase 2C: mapped only conspicuous, non-measurement traits explicitly supported by the cited description; sex/age-variable traits omitted where they could mislead."
orcaella_brevirostris,body_form,whale_dolphin_like,web_reference,Animal Diversity Web,https://animaldiversity.org/accounts/Orcaella_brevirostris/,Irrawaddy dolphin species account,2026-09-02,high,manual_mapping_from_explicit_observable_description,"Phase 2C: mapped only conspicuous, non-measurement traits explicitly supported by the cited description; sex/age-variable traits omitted where they could mislead."
orcaella_brevirostris,body_covering,mostly_smooth_skin,web_reference,Animal Diversity Web,https://animaldiversity.org/accounts/Orcaella_brevirostris/,Irrawaddy dolphin species account,2026-09-02,high,manual_mapping_from_explicit_observable_description,"Phase 2C: mapped only conspicuous, non-measurement traits explicitly supported by the cited description; sex/age-variable traits omitted where they could mislead."
orcaella_brevirostris,movement_seen,swimming,web_reference,Animal Diversity Web,https://animaldiversity.org/accounts/Orcaella_brevirostris/,Irrawaddy dolphin species account,2026-09-02,high,manual_mapping_from_explicit_observable_description,"Phase 2C: mapped only conspicuous, non-measurement traits explicitly supported by the cited description; sex/age-variable traits omitted where they could mislead."
orcaella_brevirostris,observation_place,freshwater_or_wetland,web_reference,Animal Diversity Web,https://animaldiversity.org/accounts/Orcaella_brevirostris/,Irrawaddy dolphin species account,2026-09-02,high,manual_mapping_from_explicit_observable_description,"Phase 2C: mapped only conspicuous, non-measurement traits explicitly supported by the cited description; sex/age-variable traits omitted where they could mislead."
orcaella_brevirostris,primary_color,grey,web_reference,Animal Diversity Web,https://animaldiversity.org/accounts/Orcaella_brevirostris/,Irrawaddy dolphin species account,2026-09-02,high,manual_mapping_from_explicit_observable_description,"Phase 2C: mapped only conspicuous, non-measurement traits explicitly supported by the cited description; sex/age-variable traits omitted where they could mislead."
orcaella_brevirostris,tail_shape,fluked,web_reference,Animal Diversity Web,https://animaldiversity.org/accounts/Orcaella_brevirostris/,Irrawaddy dolphin species account,2026-09-02,high,manual_mapping_from_explicit_observable_description,"Phase 2C: mapped only conspicuous, non-measurement traits explicitly supported by the cited description; sex/age-variable traits omitted where they could mislead."
orcaella_brevirostris,cetacean_dorsal_fin,small,web_reference,Animal Diversity Web,https://animaldiversity.org/accounts/Orcaella_brevirostris/,Irrawaddy dolphin species account,2026-09-02,high,manual_mapping_from_explicit_observable_description,"Phase 2C: mapped only conspicuous, non-measurement traits explicitly supported by the cited description; sex/age-variable traits omitted where they could mislead."
orcaella_brevirostris,cetacean_beak,no_distinct_beak,web_reference,Animal Diversity Web,https://animaldiversity.org/accounts/Orcaella_brevirostris/,Irrawaddy dolphin species account,2026-09-02,high,manual_mapping_from_explicit_observable_description,"Phase 2C: mapped only conspicuous, non-measurement traits explicitly supported by the cited description; sex/age-variable traits omitted where they could mislead."
orcaella_brevirostris,cetacean_color_pattern,light_belly,web_reference,Animal Diversity Web,https://animaldiversity.org/accounts/Orcaella_brevirostris/,Irrawaddy dolphin species account,2026-09-02,high,manual_mapping_from_explicit_observable_description,"Phase 2C: mapped only conspicuous, non-measurement traits explicitly supported by the cited description; sex/age-variable traits omitted where they could mislead."
orcinus_orca,body_size_impression,cow_or_larger,web_reference,NOAA Fisheries,https://www.fisheries.noaa.gov/species/killer-whale,Killer whale species profile,2026-09-02,high,manual_mapping_from_explicit_observable_description,"Phase 2C: mapped only conspicuous, non-measurement traits explicitly supported by the cited description; sex/age-variable traits omitted where they could mislead."
orcinus_orca,body_form,whale_dolphin_like,web_reference,NOAA Fisheries,https://www.fisheries.noaa.gov/species/killer-whale,Killer whale species profile,2026-09-02,high,manual_mapping_from_explicit_observable_description,"Phase 2C: mapped only conspicuous, non-measurement traits explicitly supported by the cited description; sex/age-variable traits omitted where they could mislead."
orcinus_orca,body_covering,mostly_smooth_skin,web_reference,NOAA Fisheries,https://www.fisheries.noaa.gov/species/killer-whale,Killer whale species profile,2026-09-02,high,manual_mapping_from_explicit_observable_description,"Phase 2C: mapped only conspicuous, non-measurement traits explicitly supported by the cited description; sex/age-variable traits omitted where they could mislead."
orcinus_orca,movement_seen,swimming,web_reference,NOAA Fisheries,https://www.fisheries.noaa.gov/species/killer-whale,Killer whale species profile,2026-09-02,high,manual_mapping_from_explicit_observable_description,"Phase 2C: mapped only conspicuous, non-measurement traits explicitly supported by the cited description; sex/age-variable traits omitted where they could mislead."
orcinus_orca,observation_place,sea_or_coast,web_reference,NOAA Fisheries,https://www.fisheries.noaa.gov/species/killer-whale,Killer whale species profile,2026-09-02,high,manual_mapping_from_explicit_observable_description,"Phase 2C: mapped only conspicuous, non-measurement traits explicitly supported by the cited description; sex/age-variable traits omitted where they could mislead."
orcinus_orca,primary_color,black,web_reference,NOAA Fisheries,https://www.fisheries.noaa.gov/species/killer-whale,Killer whale species profile,2026-09-02,high,manual_mapping_from_explicit_observable_description,"Phase 2C: mapped only conspicuous, non-measurement traits explicitly supported by the cited description; sex/age-variable traits omitted where they could mislead."
orcinus_orca,body_pattern,patched,web_reference,NOAA Fisheries,https://www.fisheries.noaa.gov/species/killer-whale,Killer whale species profile,2026-09-02,high,manual_mapping_from_explicit_observable_description,"Phase 2C: mapped only conspicuous, non-measurement traits explicitly supported by the cited description; sex/age-variable traits omitted where they could mislead."
orcinus_orca,tail_shape,fluked,web_reference,NOAA Fisheries,https://www.fisheries.noaa.gov/species/killer-whale,Killer whale species profile,2026-09-02,high,manual_mapping_from_explicit_observable_description,"Phase 2C: mapped only conspicuous, non-measurement traits explicitly supported by the cited description; sex/age-variable traits omitted where they could mislead."
urva_urva,body_form,long_body_short_legs,web_reference,National Taiwan Museum collections,https://collections.culture.tw/ntm_collectionsweb/en/collection.aspx?GID=MQMSMIMNMA,Crab-eating mongoose collection species description,2026-09-02,high,manual_mapping_from_explicit_observable_description,"Phase 2C: mapped only conspicuous, non-measurement traits explicitly supported by the cited description; sex/age-variable traits omitted where they could mislead."
urva_urva,body_covering,fur_or_hair,web_reference,National Taiwan Museum collections,https://collections.culture.tw/ntm_collectionsweb/en/collection.aspx?GID=MQMSMIMNMA,Crab-eating mongoose collection species description,2026-09-02,high,manual_mapping_from_explicit_observable_description,"Phase 2C: mapped only conspicuous, non-measurement traits explicitly supported by the cited description; sex/age-variable traits omitted where they could mislead."
urva_urva,primary_color,grey,web_reference,National Taiwan Museum collections,https://collections.culture.tw/ntm_collectionsweb/en/collection.aspx?GID=MQMSMIMNMA,Crab-eating mongoose collection species description,2026-09-02,high,manual_mapping_from_explicit_observable_description,"Phase 2C: mapped only conspicuous, non-measurement traits explicitly supported by the cited description; sex/age-variable traits omitted where they could mislead."
urva_urva,body_pattern,patched,web_reference,National Taiwan Museum collections,https://collections.culture.tw/ntm_collectionsweb/en/collection.aspx?GID=MQMSMIMNMA,Crab-eating mongoose collection species description,2026-09-02,high,manual_mapping_from_explicit_observable_description,"Phase 2C: mapped only conspicuous, non-measurement traits explicitly supported by the cited description; sex/age-variable traits omitted where they could mislead."
urva_urva,tail_impression,medium,web_reference,National Taiwan Museum collections,https://collections.culture.tw/ntm_collectionsweb/en/collection.aspx?GID=MQMSMIMNMA,Crab-eating mongoose collection species description,2026-09-02,high,manual_mapping_from_explicit_observable_description,"Phase 2C: mapped only conspicuous, non-measurement traits explicitly supported by the cited description; sex/age-variable traits omitted where they could mislead."
urva_urva,tail_shape,bushy,web_reference,National Taiwan Museum collections,https://collections.culture.tw/ntm_collectionsweb/en/collection.aspx?GID=MQMSMIMNMA,Crab-eating mongoose collection species description,2026-09-02,high,manual_mapping_from_explicit_observable_description,"Phase 2C: mapped only conspicuous, non-measurement traits explicitly supported by the cited description; sex/age-variable traits omitted where they could mislead."
urva_urva,snout_shape_simple,long_pointed,web_reference,National Taiwan Museum collections,https://collections.culture.tw/ntm_collectionsweb/en/collection.aspx?GID=MQMSMIMNMA,Crab-eating mongoose collection species description,2026-09-02,high,manual_mapping_from_explicit_observable_description,"Phase 2C: mapped only conspicuous, non-measurement traits explicitly supported by the cited description; sex/age-variable traits omitted where they could mislead."
urva_urva,leg_foot_appearance,webbed_feet,web_reference,National Taiwan Museum collections,https://collections.culture.tw/ntm_collectionsweb/en/collection.aspx?GID=MQMSMIMNMA,Crab-eating mongoose collection species description,2026-09-02,high,manual_mapping_from_explicit_observable_description,"Phase 2C: mapped only conspicuous, non-measurement traits explicitly supported by the cited description; sex/age-variable traits omitted where they could mislead."
urva_urva,movement_seen,swimming,web_reference,National Taiwan Museum collections,https://collections.culture.tw/ntm_collectionsweb/en/collection.aspx?GID=MQMSMIMNMA,Crab-eating mongoose collection species description,2026-09-02,high,manual_mapping_from_explicit_observable_description,"Phase 2C: mapped only conspicuous, non-measurement traits explicitly supported by the cited description; sex/age-variable traits omitted where they could mislead."
urva_urva,observation_place,freshwater_or_wetland,web_reference,National Taiwan Museum collections,https://collections.culture.tw/ntm_collectionsweb/en/collection.aspx?GID=MQMSMIMNMA,Crab-eating mongoose collection species description,2026-09-02,high,manual_mapping_from_explicit_observable_description,"Phase 2C: mapped only conspicuous, non-measurement traits explicitly supported by the cited description; sex/age-variable traits omitted where they could mislead."
urva_urva,time_seen,dawn_or_dusk,web_reference,National Taiwan Museum collections,https://collections.culture.tw/ntm_collectionsweb/en/collection.aspx?GID=MQMSMIMNMA,Crab-eating mongoose collection species description,2026-09-02,high,manual_mapping_from_explicit_observable_description,"Phase 2C: mapped only conspicuous, non-measurement traits explicitly supported by the cited description; sex/age-variable traits omitted where they could mislead."
urva_urva,carnivore_face_marking,cheek_stripes,web_reference,National Taiwan Museum collections,https://collections.culture.tw/ntm_collectionsweb/en/collection.aspx?GID=MQMSMIMNMA,Crab-eating mongoose collection species description,2026-09-02,high,manual_mapping_from_explicit_observable_description,"Phase 2C: mapped only conspicuous, non-measurement traits explicitly supported by the cited description; sex/age-variable traits omitted where they could mislead."
nycticebus_bengalensis,body_form,monkey_like,web_reference,EAZA Best Practice Guidelines for Nycticebus species,https://media.eaza.net/uploads/EAZA_BPG_for_Nycticebus_species_2022_final_doi_82f4cc8101.pdf,Bengal slow loris external appearance and arboreal primate form,2026-09-02,high,direct_curation_from_source_description,Phase 3A targeted discriminator. User-observable; no exact measurement is asked.
nycticebus_bengalensis,movement_seen,climbing,web_reference,Animal Diversity Web,https://animaldiversity.org/accounts/Nycticebus_bengalensis/,Bengal slow loris has climbing-adapted hands and is an arboreal slow loris,2026-09-02,high,direct_curation_from_source_description,Phase 3A targeted discriminator. User-observable; no exact measurement is asked.
nycticebus_bengalensis,observation_place,tree_or_bush,web_reference,Animal Diversity Web,https://animaldiversity.org/accounts/Nycticebus_bengalensis/,Bengal slow loris occurs in forested habitat and is arboreal,2026-09-02,high,direct_curation_from_source_description,Phase 3A targeted discriminator. User-observable; no exact measurement is asked.
nycticebus_bengalensis,primate_face_marking,eye_rings,web_reference,EAZA Best Practice Guidelines for Nycticebus species,https://media.eaza.net/uploads/EAZA_BPG_for_Nycticebus_species_2022_final_doi_82f4cc8101.pdf,Bengal slow loris typically has dark fur rims around the eyes,2026-09-02,high,direct_curation_from_source_description,Phase 3A targeted discriminator. User-observable; no exact measurement is asked.
hylobates_lar,primate_face_marking,white_face_ring,web_reference,Animal Diversity Web,https://animaldiversity.org/accounts/Hylobates_lar/,Adults have a ring of white or lightly colored fur around the dark face,2026-09-02,high,direct_curation_from_source_description,Phase 3A targeted discriminator. User-observable; no exact measurement is asked.
hoolock_hoolock,tail_impression,no_obvious_tail,web_reference,New England Primate Conservancy,https://neprimateconservancy.org/western-hoolock-gibbon/,"Like other apes, western hoolocks lack a tail",2026-09-02,high,direct_curation_from_source_description,Phase 3A targeted discriminator. User-observable; no exact measurement is asked.
hoolock_hoolock,leg_foot_appearance,grasping_hands_or_feet,web_reference,New England Primate Conservancy,https://neprimateconservancy.org/western-hoolock-gibbon/,Hook-shaped grasping hands and opposable thumbs are described,2026-09-02,high,direct_curation_from_source_description,Phase 3A targeted discriminator. User-observable; no exact measurement is asked.
hoolock_hoolock,primate_brow_pattern,connected_or_nearly_connected,web_reference,Wisconsin National Primate Research Center,https://primate.wisc.edu/primate-info-net/pin-factsheets/pin-factsheet-hoolock-gibbon/,Adult male western hoolock has a white unibrow/closely connected brow streak,2026-09-02,high,adult_male_conditional_visual_trait,"Phase 3A targeted discriminator. User-observable; no exact measurement is asked. Conditional adult-male hoolock trait: if sex/age/brows are not clearly visible, user must answer unknown and species-level separation must not be forced."
hoolock_leuconedys,tail_impression,no_obvious_tail,web_reference,Wisconsin National Primate Research Center,https://primate.wisc.edu/primate-info-net/pin-factsheets/pin-factsheet-hoolock-gibbon/,Hoolocks are apes and do not have an external tail,2026-09-02,high,direct_curation_from_source_description,Phase 3A targeted discriminator. User-observable; no exact measurement is asked.
hoolock_leuconedys,leg_foot_appearance,grasping_hands_or_feet,web_reference,Wisconsin National Primate Research Center,https://primate.wisc.edu/primate-info-net/pin-factsheets/pin-factsheet-hoolock-gibbon/,Hoolock locomotion and long grasping limbs/hands support the visible hand-like foot category,2026-09-02,high,direct_curation_from_source_description,Phase 3A targeted discriminator. User-observable; no exact measurement is asked.
hoolock_leuconedys,primate_brow_pattern,two_separate_brows,web_reference,Wisconsin National Primate Research Center,https://primate.wisc.edu/primate-info-net/pin-factsheets/pin-factsheet-hoolock-gibbon/,Adult male eastern hoolock has two distinct white eyebrows,2026-09-02,high,adult_male_conditional_visual_trait,"Phase 3A targeted discriminator. User-observable; no exact measurement is asked. Conditional adult-male hoolock trait: if sex/age/brows are not clearly visible, user must answer unknown and species-level separation must not be forced."
hoolock_tianxing,tail_impression,no_obvious_tail,web_reference,International Journal of Primatology,https://link.springer.com/article/10.1007/s10764-024-00418-6,Skywalker hoolock is a gibbon/ape with no external tail,2026-09-02,high,direct_curation_from_source_description,Phase 3A targeted discriminator. User-observable; no exact measurement is asked.
hoolock_tianxing,leg_foot_appearance,grasping_hands_or_feet,web_reference,International Journal of Primatology,https://link.springer.com/article/10.1007/s10764-024-00418-6,Skywalker hoolock is an arboreal gibbon with gibbon-like grasping limbs,2026-09-02,high,direct_curation_from_source_description,Phase 3A targeted discriminator. User-observable; no exact measurement is asked.
hoolock_tianxing,primate_brow_pattern,thin_separate_wide_gap,web_reference,International Journal of Primatology,https://link.springer.com/article/10.1007/s10764-024-00418-6,Adult males have thinner eyebrow streaks separated by a large gap,2026-09-02,high,adult_male_conditional_visual_trait,"Phase 3A targeted discriminator. User-observable; no exact measurement is asked. Conditional adult-male hoolock trait: if sex/age/brows are not clearly visible, user must answer unknown and species-level separation must not be forced."
rusa_unicolor,body_size_impression,deer_sized,web_reference,Animal Diversity Web,https://animaldiversity.org/accounts/Rusa_unicolor/,Adult sambar size is substantially within a large-deer visual class,2026-09-02,high,coarse_visual_class_from_source_dimensions,Phase 3A targeted discriminator. User-observable; no exact measurement is asked.
rusa_unicolor,body_pattern,plain,web_reference,Animal Diversity Web,https://animaldiversity.org/accounts/Rusa_unicolor/,Adult coat is described as coarse dark hair without a regular spotted/striped body pattern,2026-09-02,medium,direct_curation_from_source_description,Phase 3A targeted discriminator. User-observable; no exact measurement is asked.
axis_porcinus,body_size_impression,dog_sized,web_reference,Animal Diversity Web,https://animaldiversity.org/accounts/Axis_porcinus/,Adult hog deer are much smaller than sambar; coarse familiar-size class derived from published size range,2026-09-02,medium,coarse_visual_class_from_source_dimensions,Phase 3A targeted discriminator. User-observable; no exact measurement is asked.
axis_porcinus,snout_shape_simple,short_blunt,web_reference,Animal Diversity Web,https://animaldiversity.org/accounts/Axis_porcinus/,Face described as short and wedge-shaped,2026-09-02,high,direct_curation_from_source_description,Phase 3A targeted discriminator. User-observable; no exact measurement is asked.
elaphodus_cephalophus,ear_size_impression,small,web_reference,Mammalian Species / USGS,https://pubs.usgs.gov/publication/70154908,"Tufted deer ears are described as small, broad and round",2026-09-02,high,direct_curation_from_source_description,Phase 3A targeted discriminator. User-observable; no exact measurement is asked.
rucervus_eldii,body_size_impression,deer_sized,web_reference,Animal Diversity Web,https://animaldiversity.org/accounts/Rucervus_eldii/,Eld’s deer is a medium/large deer; coarse familiar-size class derived from published adult size,2026-09-02,high,coarse_visual_class_from_source_dimensions,Phase 3A targeted discriminator. User-observable; no exact measurement is asked.
rucervus_eldii,tail_impression,short,web_reference,Smithsonian National Zoo,https://www.nationalzoo.si.edu/animals/elds-deer,Eld’s deer tail is explicitly described as short,2026-09-02,high,direct_curation_from_source_description,Phase 3A targeted discriminator. User-observable; no exact measurement is asked.
canis_lupus,body_size_impression,dog_sized,web_reference,Animal Diversity Web,https://animaldiversity.org/accounts/Canis_lupus/,Gray wolf coarse visual class derived from adult size range,2026-09-02,high,coarse_visual_class_from_source_dimensions,Phase 3A targeted discriminator. User-observable; no exact measurement is asked.
canis_lupus,tail_impression,long,web_reference,Animal Diversity Web,https://animaldiversity.org/accounts/Canis_lupus/,Gray wolves have a conspicuous long tail relative to body,2026-09-02,medium,direct_curation_from_source_description,Phase 3A targeted discriminator. User-observable; no exact measurement is asked.
canis_lupus,tail_shape,bushy,web_reference,Animal Diversity Web,https://animaldiversity.org/accounts/Canis_lupus/,Dense fur and typical canid tail appearance support bushy category,2026-09-02,medium,direct_curation_from_source_description,Phase 3A targeted discriminator. User-observable; no exact measurement is asked.
canis_lupus,ear_shape_simple,pointed,web_reference,Animal Diversity Web,https://animaldiversity.org/accounts/Canis_lupus/,Gray wolf external ears are erect/pointed in normal appearance,2026-09-02,medium,direct_curation_from_source_description,Phase 3A targeted discriminator. User-observable; no exact measurement is asked.
canis_lupus,movement_seen,walking_or_running,web_reference,Animal Diversity Web,https://animaldiversity.org/accounts/Canis_lupus/,Terrestrial cursorial movement,2026-09-02,high,direct_curation_from_source_description,Phase 3A targeted discriminator. User-observable; no exact measurement is asked.
canis_lupus,observation_place,ground,web_reference,Animal Diversity Web,https://animaldiversity.org/accounts/Canis_lupus/,Terrestrial mammal,2026-09-02,high,direct_curation_from_source_description,Phase 3A targeted discriminator. User-observable; no exact measurement is asked.
vulpes_vulpes,body_size_impression,rabbit_or_cat_sized,web_reference,Animal Diversity Web,https://animaldiversity.org/accounts/Vulpes_vulpes/,Red fox is a relatively small canid; coarse familiar-size class from published range,2026-09-02,medium,coarse_visual_class_from_source_dimensions,Phase 3A targeted discriminator. User-observable; no exact measurement is asked.
vulpes_vulpes,snout_shape_simple,long_pointed,web_reference,Missouri Department of Conservation,https://mdc.mo.gov/discover-nature/field-guide/red-fox,Red fox has an elongated pointed muzzle,2026-09-02,high,direct_curation_from_source_description,Phase 3A targeted discriminator. User-observable; no exact measurement is asked.
vulpes_vulpes,ear_shape_simple,pointed,web_reference,Missouri Department of Conservation,https://mdc.mo.gov/discover-nature/field-guide/red-fox,Red fox has large pointed ears,2026-09-02,high,direct_curation_from_source_description,Phase 3A targeted discriminator. User-observable; no exact measurement is asked.
cuon_alpinus,body_size_impression,dog_sized,web_reference,Animal Diversity Web,https://animaldiversity.org/accounts/Cuon_alpinus/,Dhole is described as an average-size canine,2026-09-02,high,coarse_visual_class_from_source_description,Phase 3A targeted discriminator. User-observable; no exact measurement is asked.
cuon_alpinus,snout_shape_simple,short_blunt,web_reference,Animal Diversity Web,https://animaldiversity.org/accounts/Cuon_alpinus/,"Dhole has an unusually thick, relatively short muzzle",2026-09-02,high,direct_curation_from_source_description,Phase 3A targeted discriminator. User-observable; no exact measurement is asked.
cuon_alpinus,ear_shape_simple,rounded,web_reference,Handbook of the Mammals of the World treatment,https://zenodo.org/records/6585151,Dhole ears are triangular with rounded tips,2026-09-02,high,direct_curation_from_source_description,Phase 3A targeted discriminator. User-observable; no exact measurement is asked.
aonyx_cinereus,body_size_impression,rabbit_or_cat_sized,web_reference,Animal Diversity Web,https://animaldiversity.org/accounts/Aonyx_cinerea/,Asian small-clawed otter is much smaller than Eurasian otter; coarse visual-size class from published range,2026-09-02,high,coarse_visual_class_from_source_dimensions,Phase 3A targeted discriminator. User-observable; no exact measurement is asked.
lutra_lutra,body_size_impression,dog_sized,web_reference,Mammalian Species,https://academic.oup.com/mspecies/article/48/940/109/2751079,Eurasian otter is substantially larger than Asian small-clawed otter; coarse visual-size class,2026-09-02,high,coarse_visual_class_from_source_dimensions,Phase 3A targeted discriminator. User-observable; no exact measurement is asked.
lutra_lutra,tail_impression,long,web_reference,Mammalian Species,https://academic.oup.com/mspecies/article/48/940/109/2751079,Eurasian otter has a long tapered tail,2026-09-02,high,direct_curation_from_source_description,Phase 3A targeted discriminator. User-observable; no exact measurement is asked.
hystrix_brachyura,body_form,porcupine_like,web_reference,Handbook of the Mammals of the World treatment,https://zenodo.org/records/6612198,Malayan porcupine described as large and stocky,2026-09-02,high,direct_curation_from_source_description,Phase 3A targeted discriminator. User-observable; no exact measurement is asked.
hystrix_brachyura,body_pattern,banded,web_reference,NParks Flora & Fauna Web,https://www.nparks.gov.sg/florafaunaweb/fauna/2/3/238,Rear quills are black with white bands,2026-09-02,high,direct_curation_from_source_description,Phase 3A targeted discriminator. User-observable; no exact measurement is asked.
hystrix_brachyura,observation_place,ground,web_reference,NParks Flora & Fauna Web,https://www.nparks.gov.sg/florafaunaweb/fauna/2/3/238,Species is usually land-based,2026-09-02,high,direct_curation_from_source_description,Phase 3A targeted discriminator. User-observable; no exact measurement is asked.
hystrix_brachyura,time_seen,night,web_reference,NParks Flora & Fauna Web,https://www.nparks.gov.sg/florafaunaweb/fauna/2/3/238,Species active during the night,2026-09-02,high,direct_curation_from_source_description,Phase 3A targeted discriminator. User-observable; no exact measurement is asked.
atherurus_macrourus,tail_impression,long,web_reference,Animal Diversity Web,https://animaldiversity.org/accounts/Atherurus_macrourus/,"Brush-tailed porcupine has a conspicuous tail ending in a brush, unlike short-tailed Hystrix",2026-09-02,high,direct_curation_from_source_description,Phase 3A targeted discriminator. User-observable; no exact measurement is asked.
atherurus_macrourus,observation_place,ground,web_reference,Animal Diversity Web,https://animaldiversity.org/accounts/Atherurus_macrourus/,Species is terrestrial,2026-09-02,high,direct_curation_from_source_description,Phase 3A targeted discriminator. User-observable; no exact measurement is asked.
atherurus_macrourus,time_seen,night,web_reference,Animal Diversity Web,https://animaldiversity.org/accounts/Atherurus_macrourus/,Species is nocturnal,2026-09-02,high,direct_curation_from_source_description,Phase 3A targeted discriminator. User-observable; no exact measurement is asked.
panthera_tigris,body_size_impression,deer_sized,web_reference,Animal Diversity Web,https://animaldiversity.org/accounts/Panthera_tigris/,Tiger is a very large cat; coarse familiar-size class from adult dimensions,2026-09-02,medium,coarse_visual_class_from_source_dimensions,Phase 3A targeted discriminator. User-observable; no exact measurement is asked.
ailurus_fulgens,body_size_impression,rabbit_or_cat_sized,web_reference,Animal Diversity Web,https://animaldiversity.org/accounts/Ailurus_fulgens/,Red panda is a small mammal; coarse familiar-size class from adult dimensions,2026-09-02,high,coarse_visual_class_from_source_dimensions,Phase 3A targeted discriminator. User-observable; no exact measurement is asked.
macaca_mulatta,primate_face_marking,reddish_face,web_reference,Animal Diversity Web,https://animaldiversity.org/accounts/Macaca_mulatta/,Adult rhesus macaques have a red face,2026-09-02,high,direct_curation_from_source_description,Phase 3A targeted discriminator. User-observable; no exact measurement is asked.
orcinus_orca,cetacean_dorsal_fin,tall,web_reference,NOAA Fisheries,https://www.fisheries.noaa.gov/species/killer-whale,Killer whales have a prominent dorsal fin; adult males can be especially tall,2026-09-02,high,direct_curation_from_source_description,Phase 3A targeted discriminator. User-observable; no exact measurement is asked.
orcinus_orca,cetacean_beak,no_distinct_beak,web_reference,NOAA Fisheries Southwest Region field manual,https://www.fisheries.noaa.gov/s3/2021-07/Southwest-Region-Observer-Program-Field-Manual.pdf,Killer whale described as having minimal/no distinct beak,2026-09-02,high,direct_curation_from_source_description,Phase 3A targeted discriminator. User-observable; no exact measurement is asked.
orcinus_orca,cetacean_color_pattern,eye_patch,web_reference,NOAA Fisheries,https://www.fisheries.noaa.gov/species/killer-whale,Killer whales have conspicuous white patches near the eyes,2026-09-02,high,direct_curation_from_source_description,Phase 3A targeted discriminator. User-observable; no exact measurement is asked.
viverra_megaspila,body_covering,fur_or_hair,web_reference,Large-spotted civet,https://en.wikipedia.org/wiki/Large-spotted_civet,Pocock description summarized on Large-spotted civet page,2026-09-02,high,direct_curation_from_source_description,"Phase 3B data-only expansion: encoded only simple, user-observable characteristics explicitly supported by the cited source; ambiguous or variable traits were left blank."
viverra_megaspila,primary_color,mixed,web_reference,Large-spotted civet,https://en.wikipedia.org/wiki/Large-spotted_civet,Pocock description summarized on Large-spotted civet page,2026-09-02,medium,direct_curation_from_source_description,"Phase 3B data-only expansion: encoded only simple, user-observable characteristics explicitly supported by the cited source; ambiguous or variable traits were left blank."
viverra_megaspila,body_pattern,spotted,web_reference,Large-spotted civet,https://en.wikipedia.org/wiki/Large-spotted_civet,Pocock description summarized on Large-spotted civet page,2026-09-02,high,direct_curation_from_source_description,"Phase 3B data-only expansion: encoded only simple, user-observable characteristics explicitly supported by the cited source; ambiguous or variable traits were left blank."
viverra_megaspila,tail_impression,long,web_reference,Large-spotted civet,https://en.wikipedia.org/wiki/Large-spotted_civet,Pocock description summarized on Large-spotted civet page,2026-09-02,high,direct_curation_from_source_description,"Phase 3B data-only expansion: encoded only simple, user-observable characteristics explicitly supported by the cited source; ambiguous or variable traits were left blank."
viverra_megaspila,carnivore_tail_marking,rings,web_reference,Large-spotted civet,https://en.wikipedia.org/wiki/Large-spotted_civet,Pocock description summarized on Large-spotted civet page,2026-09-02,high,direct_curation_from_source_description,"Phase 3B data-only expansion: encoded only simple, user-observable characteristics explicitly supported by the cited source; ambiguous or variable traits were left blank."
hemigalus_derbyanus,body_covering,fur_or_hair,web_reference,Sarawak Forest Department,https://forestry.sarawak.gov.my/web/subpage/webpage_view/878,Banded Palm Civet identification notes,2026-09-02,high,direct_curation_from_source_description,"Phase 3B data-only expansion: encoded only simple, user-observable characteristics explicitly supported by the cited source; ambiguous or variable traits were left blank."
hemigalus_derbyanus,primary_color,mixed,web_reference,Sarawak Forest Department,https://forestry.sarawak.gov.my/web/subpage/webpage_view/878,Banded Palm Civet identification notes,2026-09-02,medium,direct_curation_from_source_description,"Phase 3B data-only expansion: encoded only simple, user-observable characteristics explicitly supported by the cited source; ambiguous or variable traits were left blank."
hemigalus_derbyanus,body_pattern,banded,web_reference,Sarawak Forest Department,https://forestry.sarawak.gov.my/web/subpage/webpage_view/878,Banded Palm Civet identification notes,2026-09-02,high,direct_curation_from_source_description,"Phase 3B data-only expansion: encoded only simple, user-observable characteristics explicitly supported by the cited source; ambiguous or variable traits were left blank."
hemigalus_derbyanus,carnivore_face_marking,mixed,web_reference,Sarawak Forest Department,https://forestry.sarawak.gov.my/web/subpage/webpage_view/878,Banded Palm Civet identification notes,2026-09-02,high,direct_curation_from_source_description,"Phase 3B data-only expansion: encoded only simple, user-observable characteristics explicitly supported by the cited source; ambiguous or variable traits were left blank."
melogale_moschata,body_covering,fur_or_hair,web_reference,Animal Diversity Web,https://animaldiversity.org/accounts/Melogale_moschata/,Chinese ferret-badger physical description,2026-09-02,high,direct_curation_from_source_description,"Phase 3B data-only expansion: encoded only simple, user-observable characteristics explicitly supported by the cited source; ambiguous or variable traits were left blank."
melogale_moschata,primary_color,dark_brown,web_reference,Animal Diversity Web,https://animaldiversity.org/accounts/Melogale_moschata/,Chinese ferret-badger physical description,2026-09-02,medium,direct_curation_from_source_description,"Phase 3B data-only expansion: encoded only simple, user-observable characteristics explicitly supported by the cited source; ambiguous or variable traits were left blank."
melogale_moschata,body_pattern,dorsal_stripe,web_reference,Animal Diversity Web,https://animaldiversity.org/accounts/Melogale_moschata/,Chinese ferret-badger physical description,2026-09-02,high,direct_curation_from_source_description,"Phase 3B data-only expansion: encoded only simple, user-observable characteristics explicitly supported by the cited source; ambiguous or variable traits were left blank."
melogale_moschata,tail_shape,bushy,web_reference,Animal Diversity Web,https://animaldiversity.org/accounts/Melogale_moschata/,Chinese ferret-badger physical description,2026-09-02,high,direct_curation_from_source_description,"Phase 3B data-only expansion: encoded only simple, user-observable characteristics explicitly supported by the cited source; ambiguous or variable traits were left blank."
melogale_moschata,carnivore_face_marking,mixed,web_reference,Animal Diversity Web,https://animaldiversity.org/accounts/Melogale_moschata/,Chinese ferret-badger physical description,2026-09-02,high,direct_curation_from_source_description,"Phase 3B data-only expansion: encoded only simple, user-observable characteristics explicitly supported by the cited source; ambiguous or variable traits were left blank."
melogale_moschata,ear_size_impression,large,web_reference,Animal Diversity Web,https://animaldiversity.org/accounts/Melogale_moschata/,Chinese ferret-badger physical description,2026-09-02,high,direct_curation_from_source_description,"Phase 3B data-only expansion: encoded only simple, user-observable characteristics explicitly supported by the cited source; ambiguous or variable traits were left blank."
lutra_sumatrana,body_form,long_body_short_legs,web_reference,Animal Diversity Web,https://animaldiversity.org/accounts/Lutra_sumatrana/,Hairy-nosed otter habitat and physical description,2026-09-02,high,direct_curation_from_source_description,"Phase 3B data-only expansion: encoded only simple, user-observable characteristics explicitly supported by the cited source; ambiguous or variable traits were left blank."
lutra_sumatrana,body_covering,fur_or_hair,web_reference,Animal Diversity Web,https://animaldiversity.org/accounts/Lutra_sumatrana/,Hairy-nosed otter habitat and physical description,2026-09-02,high,direct_curation_from_source_description,"Phase 3B data-only expansion: encoded only simple, user-observable characteristics explicitly supported by the cited source; ambiguous or variable traits were left blank."
lutra_sumatrana,primary_color,dark_brown,web_reference,Animal Diversity Web,https://animaldiversity.org/accounts/Lutra_sumatrana/,Hairy-nosed otter habitat and physical description,2026-09-02,medium,direct_curation_from_source_description,"Phase 3B data-only expansion: encoded only simple, user-observable characteristics explicitly supported by the cited source; ambiguous or variable traits were left blank."
lutra_sumatrana,body_pattern,patched,web_reference,Animal Diversity Web,https://animaldiversity.org/accounts/Lutra_sumatrana/,Hairy-nosed otter habitat and physical description,2026-09-02,high,direct_curation_from_source_description,"Phase 3B data-only expansion: encoded only simple, user-observable characteristics explicitly supported by the cited source; ambiguous or variable traits were left blank."
lutra_sumatrana,movement_seen,swimming,web_reference,Animal Diversity Web,https://animaldiversity.org/accounts/Lutra_sumatrana/,Hairy-nosed otter habitat and physical description,2026-09-02,high,direct_curation_from_source_description,"Phase 3B data-only expansion: encoded only simple, user-observable characteristics explicitly supported by the cited source; ambiguous or variable traits were left blank."
lutra_sumatrana,observation_place,freshwater_or_wetland,web_reference,Animal Diversity Web,https://animaldiversity.org/accounts/Lutra_sumatrana/,Hairy-nosed otter habitat and physical description,2026-09-02,high,direct_curation_from_source_description,"Phase 3B data-only expansion: encoded only simple, user-observable characteristics explicitly supported by the cited source; ambiguous or variable traits were left blank."
lutra_sumatrana,leg_foot_appearance,webbed_feet,web_reference,Animal Diversity Web,https://animaldiversity.org/accounts/Lutra_sumatrana/,Hairy-nosed otter habitat and physical description,2026-09-02,high,direct_curation_from_source_description,"Phase 3B data-only expansion: encoded only simple, user-observable characteristics explicitly supported by the cited source; ambiguous or variable traits were left blank."
lutra_sumatrana,tail_shape,thin,web_reference,Animal Diversity Web,https://animaldiversity.org/accounts/Lutra_sumatrana/,Hairy-nosed otter habitat and physical description,2026-09-02,high,direct_curation_from_source_description,"Phase 3B data-only expansion: encoded only simple, user-observable characteristics explicitly supported by the cited source; ambiguous or variable traits were left blank."
mustela_strigidorsa,body_form,long_body_short_legs,web_reference,Back-striped weasel reference summary,https://en.wikipedia.org/wiki/Back-striped_weasel,Back-striped weasel characteristics,2026-09-02,high,direct_curation_from_source_description,"Phase 3B data-only expansion: encoded only simple, user-observable characteristics explicitly supported by the cited source; ambiguous or variable traits were left blank."
mustela_strigidorsa,body_covering,fur_or_hair,web_reference,Back-striped weasel reference summary,https://en.wikipedia.org/wiki/Back-striped_weasel,Back-striped weasel characteristics,2026-09-02,high,direct_curation_from_source_description,"Phase 3B data-only expansion: encoded only simple, user-observable characteristics explicitly supported by the cited source; ambiguous or variable traits were left blank."
mustela_strigidorsa,primary_color,dark_brown,web_reference,Back-striped weasel reference summary,https://en.wikipedia.org/wiki/Back-striped_weasel,Back-striped weasel characteristics,2026-09-02,medium,direct_curation_from_source_description,"Phase 3B data-only expansion: encoded only simple, user-observable characteristics explicitly supported by the cited source; ambiguous or variable traits were left blank."
mustela_strigidorsa,body_pattern,dorsal_stripe,web_reference,Back-striped weasel reference summary,https://en.wikipedia.org/wiki/Back-striped_weasel,Back-striped weasel characteristics,2026-09-02,high,direct_curation_from_source_description,"Phase 3B data-only expansion: encoded only simple, user-observable characteristics explicitly supported by the cited source; ambiguous or variable traits were left blank."
rhinoceros_sondaicus,body_size_impression,cow_or_larger,web_reference,World Wildlife Fund,https://www.worldwildlife.org/species/rhino/javan-rhino/,Javan rhino identification description,2026-09-02,medium,direct_curation_from_source_description,"Phase 3B data-only expansion: encoded only simple, user-observable characteristics explicitly supported by the cited source; ambiguous or variable traits were left blank."
rhinoceros_sondaicus,body_form,rhino_like,web_reference,World Wildlife Fund,https://www.worldwildlife.org/species/rhino/javan-rhino/,Javan rhino identification description,2026-09-02,high,direct_curation_from_source_description,"Phase 3B data-only expansion: encoded only simple, user-observable characteristics explicitly supported by the cited source; ambiguous or variable traits were left blank."
rhinoceros_sondaicus,body_covering,mostly_smooth_skin,web_reference,World Wildlife Fund,https://www.worldwildlife.org/species/rhino/javan-rhino/,Javan rhino identification description,2026-09-02,high,direct_curation_from_source_description,"Phase 3B data-only expansion: encoded only simple, user-observable characteristics explicitly supported by the cited source; ambiguous or variable traits were left blank."
rhinoceros_sondaicus,primary_color,grey,web_reference,World Wildlife Fund,https://www.worldwildlife.org/species/rhino/javan-rhino/,Javan rhino identification description,2026-09-02,medium,direct_curation_from_source_description,"Phase 3B data-only expansion: encoded only simple, user-observable characteristics explicitly supported by the cited source; ambiguous or variable traits were left blank."
rhinoceros_sondaicus,body_pattern,plain,web_reference,World Wildlife Fund,https://www.worldwildlife.org/species/rhino/javan-rhino/,Javan rhino identification description,2026-09-02,high,direct_curation_from_source_description,"Phase 3B data-only expansion: encoded only simple, user-observable characteristics explicitly supported by the cited source; ambiguous or variable traits were left blank."
rhinoceros_sondaicus,horns_or_antlers,single_horn,web_reference,World Wildlife Fund,https://www.worldwildlife.org/species/rhino/javan-rhino/,Javan rhino identification description,2026-09-02,high,direct_curation_from_source_description,"Phase 3B data-only expansion: encoded only simple, user-observable characteristics explicitly supported by the cited source; ambiguous or variable traits were left blank."
rhinoceros_sondaicus,movement_seen,walking_or_running,web_reference,World Wildlife Fund,https://www.worldwildlife.org/species/rhino/javan-rhino/,Javan rhino identification description,2026-09-02,high,direct_curation_from_source_description,"Phase 3B data-only expansion: encoded only simple, user-observable characteristics explicitly supported by the cited source; ambiguous or variable traits were left blank."
rhinoceros_sondaicus,observation_place,ground,web_reference,World Wildlife Fund,https://www.worldwildlife.org/species/rhino/javan-rhino/,Javan rhino identification description,2026-09-02,high,direct_curation_from_source_description,"Phase 3B data-only expansion: encoded only simple, user-observable characteristics explicitly supported by the cited source; ambiguous or variable traits were left blank."
dicerorhinus_sumatrensis,body_size_impression,cow_or_larger,web_reference,Animal Diversity Web,https://animaldiversity.org/accounts/Dicerorhinus_sumatrensis/,Sumatran rhinoceros physical description,2026-09-02,medium,direct_curation_from_source_description,"Phase 3B data-only expansion: encoded only simple, user-observable characteristics explicitly supported by the cited source; ambiguous or variable traits were left blank."
dicerorhinus_sumatrensis,body_form,rhino_like,web_reference,Animal Diversity Web,https://animaldiversity.org/accounts/Dicerorhinus_sumatrensis/,Sumatran rhinoceros physical description,2026-09-02,high,direct_curation_from_source_description,"Phase 3B data-only expansion: encoded only simple, user-observable characteristics explicitly supported by the cited source; ambiguous or variable traits were left blank."
dicerorhinus_sumatrensis,body_covering,fur_or_hair,web_reference,Animal Diversity Web,https://animaldiversity.org/accounts/Dicerorhinus_sumatrensis/,Sumatran rhinoceros physical description,2026-09-02,high,direct_curation_from_source_description,"Phase 3B data-only expansion: encoded only simple, user-observable characteristics explicitly supported by the cited source; ambiguous or variable traits were left blank."
dicerorhinus_sumatrensis,primary_color,reddish_or_orange,web_reference,Animal Diversity Web,https://animaldiversity.org/accounts/Dicerorhinus_sumatrensis/,Sumatran rhinoceros physical description,2026-09-02,medium,direct_curation_from_source_description,"Phase 3B data-only expansion: encoded only simple, user-observable characteristics explicitly supported by the cited source; ambiguous or variable traits were left blank."
dicerorhinus_sumatrensis,body_pattern,plain,web_reference,Animal Diversity Web,https://animaldiversity.org/accounts/Dicerorhinus_sumatrensis/,Sumatran rhinoceros physical description,2026-09-02,high,direct_curation_from_source_description,"Phase 3B data-only expansion: encoded only simple, user-observable characteristics explicitly supported by the cited source; ambiguous or variable traits were left blank."
dicerorhinus_sumatrensis,horns_or_antlers,horns,web_reference,Animal Diversity Web,https://animaldiversity.org/accounts/Dicerorhinus_sumatrensis/,Sumatran rhinoceros physical description,2026-09-02,high,direct_curation_from_source_description,"Phase 3B data-only expansion: encoded only simple, user-observable characteristics explicitly supported by the cited source; ambiguous or variable traits were left blank."
dicerorhinus_sumatrensis,movement_seen,walking_or_running,web_reference,Animal Diversity Web,https://animaldiversity.org/accounts/Dicerorhinus_sumatrensis/,Sumatran rhinoceros physical description,2026-09-02,high,direct_curation_from_source_description,"Phase 3B data-only expansion: encoded only simple, user-observable characteristics explicitly supported by the cited source; ambiguous or variable traits were left blank."
dicerorhinus_sumatrensis,observation_place,ground,web_reference,Animal Diversity Web,https://animaldiversity.org/accounts/Dicerorhinus_sumatrensis/,Sumatran rhinoceros physical description,2026-09-02,high,direct_curation_from_source_description,"Phase 3B data-only expansion: encoded only simple, user-observable characteristics explicitly supported by the cited source; ambiguous or variable traits were left blank."
menetes_berdmorei,body_form,squirrel_like,web_reference,Berdmore's ground squirrel reference summary,https://en.wikipedia.org/wiki/Berdmore%27s_ground_squirrel,Berdmore's ground squirrel appearance and behavior summary,2026-09-02,high,direct_curation_from_source_description,"Phase 3B data-only expansion: encoded only simple, user-observable characteristics explicitly supported by the cited source; ambiguous or variable traits were left blank."
menetes_berdmorei,body_covering,fur_or_hair,web_reference,Berdmore's ground squirrel reference summary,https://en.wikipedia.org/wiki/Berdmore%27s_ground_squirrel,Berdmore's ground squirrel appearance and behavior summary,2026-09-02,high,direct_curation_from_source_description,"Phase 3B data-only expansion: encoded only simple, user-observable characteristics explicitly supported by the cited source; ambiguous or variable traits were left blank."
menetes_berdmorei,primary_color,grey,web_reference,Berdmore's ground squirrel reference summary,https://en.wikipedia.org/wiki/Berdmore%27s_ground_squirrel,Berdmore's ground squirrel appearance and behavior summary,2026-09-02,medium,direct_curation_from_source_description,"Phase 3B data-only expansion: encoded only simple, user-observable characteristics explicitly supported by the cited source; ambiguous or variable traits were left blank."
menetes_berdmorei,body_pattern,striped,web_reference,Berdmore's ground squirrel reference summary,https://en.wikipedia.org/wiki/Berdmore%27s_ground_squirrel,Berdmore's ground squirrel appearance and behavior summary,2026-09-02,high,direct_curation_from_source_description,"Phase 3B data-only expansion: encoded only simple, user-observable characteristics explicitly supported by the cited source; ambiguous or variable traits were left blank."
menetes_berdmorei,observation_place,ground,web_reference,Berdmore's ground squirrel reference summary,https://en.wikipedia.org/wiki/Berdmore%27s_ground_squirrel,Berdmore's ground squirrel appearance and behavior summary,2026-09-02,high,direct_curation_from_source_description,"Phase 3B data-only expansion: encoded only simple, user-observable characteristics explicitly supported by the cited source; ambiguous or variable traits were left blank."
menetes_berdmorei,movement_seen,walking_or_running,web_reference,Berdmore's ground squirrel reference summary,https://en.wikipedia.org/wiki/Berdmore%27s_ground_squirrel,Berdmore's ground squirrel appearance and behavior summary,2026-09-02,high,direct_curation_from_source_description,"Phase 3B data-only expansion: encoded only simple, user-observable characteristics explicitly supported by the cited source; ambiguous or variable traits were left blank."
nectogale_elegans,body_size_impression,mouse_or_smaller,web_reference,Animal Diversity Web,https://animaldiversity.org/accounts/Nectogale_elegans/,Elegant water shrew physical description and habitat,2026-09-02,medium,direct_curation_from_source_description,"Phase 3B data-only expansion: encoded only simple, user-observable characteristics explicitly supported by the cited source; ambiguous or variable traits were left blank."
nectogale_elegans,body_form,shrew_mole_like,web_reference,Animal Diversity Web,https://animaldiversity.org/accounts/Nectogale_elegans/,Elegant water shrew physical description and habitat,2026-09-02,high,direct_curation_from_source_description,"Phase 3B data-only expansion: encoded only simple, user-observable characteristics explicitly supported by the cited source; ambiguous or variable traits were left blank."
nectogale_elegans,body_covering,fur_or_hair,web_reference,Animal Diversity Web,https://animaldiversity.org/accounts/Nectogale_elegans/,Elegant water shrew physical description and habitat,2026-09-02,high,direct_curation_from_source_description,"Phase 3B data-only expansion: encoded only simple, user-observable characteristics explicitly supported by the cited source; ambiguous or variable traits were left blank."
nectogale_elegans,primary_color,grey,web_reference,Animal Diversity Web,https://animaldiversity.org/accounts/Nectogale_elegans/,Elegant water shrew physical description and habitat,2026-09-02,medium,direct_curation_from_source_description,"Phase 3B data-only expansion: encoded only simple, user-observable characteristics explicitly supported by the cited source; ambiguous or variable traits were left blank."
nectogale_elegans,movement_seen,swimming,web_reference,Animal Diversity Web,https://animaldiversity.org/accounts/Nectogale_elegans/,Elegant water shrew physical description and habitat,2026-09-02,high,direct_curation_from_source_description,"Phase 3B data-only expansion: encoded only simple, user-observable characteristics explicitly supported by the cited source; ambiguous or variable traits were left blank."
nectogale_elegans,observation_place,freshwater_or_wetland,web_reference,Animal Diversity Web,https://animaldiversity.org/accounts/Nectogale_elegans/,Elegant water shrew physical description and habitat,2026-09-02,high,direct_curation_from_source_description,"Phase 3B data-only expansion: encoded only simple, user-observable characteristics explicitly supported by the cited source; ambiguous or variable traits were left blank."
nectogale_elegans,ear_size_impression,not_obvious,web_reference,Animal Diversity Web,https://animaldiversity.org/accounts/Nectogale_elegans/,Elegant water shrew physical description and habitat,2026-09-02,high,direct_curation_from_source_description,"Phase 3B data-only expansion: encoded only simple, user-observable characteristics explicitly supported by the cited source; ambiguous or variable traits were left blank."
nectogale_elegans,snout_shape_simple,long_pointed,web_reference,Animal Diversity Web,https://animaldiversity.org/accounts/Nectogale_elegans/,Elegant water shrew physical description and habitat,2026-09-02,high,direct_curation_from_source_description,"Phase 3B data-only expansion: encoded only simple, user-observable characteristics explicitly supported by the cited source; ambiguous or variable traits were left blank."
nectogale_elegans,leg_foot_appearance,webbed_feet,web_reference,Animal Diversity Web,https://animaldiversity.org/accounts/Nectogale_elegans/,Elegant water shrew physical description and habitat,2026-09-02,high,direct_curation_from_source_description,"Phase 3B data-only expansion: encoded only simple, user-observable characteristics explicitly supported by the cited source; ambiguous or variable traits were left blank."
suncus_murinus,body_size_impression,mouse_or_smaller,web_reference,Animal Diversity Web,https://animaldiversity.org/accounts/Suncus_murinus/,Asian house shrew physical description and behavior,2026-09-02,medium,direct_curation_from_source_description,"Phase 3B data-only expansion: encoded only simple, user-observable characteristics explicitly supported by the cited source; ambiguous or variable traits were left blank."
suncus_murinus,body_form,shrew_mole_like,web_reference,Animal Diversity Web,https://animaldiversity.org/accounts/Suncus_murinus/,Asian house shrew physical description and behavior,2026-09-02,high,direct_curation_from_source_description,"Phase 3B data-only expansion: encoded only simple, user-observable characteristics explicitly supported by the cited source; ambiguous or variable traits were left blank."
suncus_murinus,body_covering,fur_or_hair,web_reference,Animal Diversity Web,https://animaldiversity.org/accounts/Suncus_murinus/,Asian house shrew physical description and behavior,2026-09-02,high,direct_curation_from_source_description,"Phase 3B data-only expansion: encoded only simple, user-observable characteristics explicitly supported by the cited source; ambiguous or variable traits were left blank."
suncus_murinus,primary_color,mixed,web_reference,Animal Diversity Web,https://animaldiversity.org/accounts/Suncus_murinus/,Asian house shrew physical description and behavior,2026-09-02,medium,direct_curation_from_source_description,"Phase 3B data-only expansion: encoded only simple, user-observable characteristics explicitly supported by the cited source; ambiguous or variable traits were left blank."
suncus_murinus,movement_seen,walking_or_running,web_reference,Animal Diversity Web,https://animaldiversity.org/accounts/Suncus_murinus/,Asian house shrew physical description and behavior,2026-09-02,high,direct_curation_from_source_description,"Phase 3B data-only expansion: encoded only simple, user-observable characteristics explicitly supported by the cited source; ambiguous or variable traits were left blank."
suncus_murinus,observation_place,ground,web_reference,Animal Diversity Web,https://animaldiversity.org/accounts/Suncus_murinus/,Asian house shrew physical description and behavior,2026-09-02,high,direct_curation_from_source_description,"Phase 3B data-only expansion: encoded only simple, user-observable characteristics explicitly supported by the cited source; ambiguous or variable traits were left blank."
suncus_murinus,time_seen,night,web_reference,Animal Diversity Web,https://animaldiversity.org/accounts/Suncus_murinus/,Asian house shrew physical description and behavior,2026-09-02,high,direct_curation_from_source_description,"Phase 3B data-only expansion: encoded only simple, user-observable characteristics explicitly supported by the cited source; ambiguous or variable traits were left blank."
suncus_murinus,snout_shape_simple,long_pointed,web_reference,Animal Diversity Web,https://animaldiversity.org/accounts/Suncus_murinus/,Asian house shrew physical description and behavior,2026-09-02,high,direct_curation_from_source_description,"Phase 3B data-only expansion: encoded only simple, user-observable characteristics explicitly supported by the cited source; ambiguous or variable traits were left blank."
petaurista_alborufus,body_form,squirrel_like,web_reference,Shennongjia National Park,https://en.snjnationalpark.com/Education/Resources/Animals/202210/t4507612.shtml,Red-and-white giant flying squirrel morphology and ecology,2026-09-02,high,direct_curation_from_source_description,"Phase 3B data-only expansion: encoded only simple, user-observable characteristics explicitly supported by the cited source; ambiguous or variable traits were left blank."
petaurista_alborufus,body_covering,fur_or_hair,web_reference,Shennongjia National Park,https://en.snjnationalpark.com/Education/Resources/Animals/202210/t4507612.shtml,Red-and-white giant flying squirrel morphology and ecology,2026-09-02,high,direct_curation_from_source_description,"Phase 3B data-only expansion: encoded only simple, user-observable characteristics explicitly supported by the cited source; ambiguous or variable traits were left blank."
petaurista_alborufus,primary_color,reddish_or_orange,web_reference,Shennongjia National Park,https://en.snjnationalpark.com/Education/Resources/Animals/202210/t4507612.shtml,Red-and-white giant flying squirrel morphology and ecology,2026-09-02,medium,direct_curation_from_source_description,"Phase 3B data-only expansion: encoded only simple, user-observable characteristics explicitly supported by the cited source; ambiguous or variable traits were left blank."
petaurista_alborufus,body_pattern,patched,web_reference,Shennongjia National Park,https://en.snjnationalpark.com/Education/Resources/Animals/202210/t4507612.shtml,Red-and-white giant flying squirrel morphology and ecology,2026-09-02,high,direct_curation_from_source_description,"Phase 3B data-only expansion: encoded only simple, user-observable characteristics explicitly supported by the cited source; ambiguous or variable traits were left blank."
petaurista_alborufus,tail_impression,long,web_reference,Shennongjia National Park,https://en.snjnationalpark.com/Education/Resources/Animals/202210/t4507612.shtml,Red-and-white giant flying squirrel morphology and ecology,2026-09-02,high,direct_curation_from_source_description,"Phase 3B data-only expansion: encoded only simple, user-observable characteristics explicitly supported by the cited source; ambiguous or variable traits were left blank."
petaurista_alborufus,movement_seen,gliding,web_reference,Shennongjia National Park,https://en.snjnationalpark.com/Education/Resources/Animals/202210/t4507612.shtml,Red-and-white giant flying squirrel morphology and ecology,2026-09-02,high,direct_curation_from_source_description,"Phase 3B data-only expansion: encoded only simple, user-observable characteristics explicitly supported by the cited source; ambiguous or variable traits were left blank."
petaurista_alborufus,observation_place,tree_or_bush,web_reference,Shennongjia National Park,https://en.snjnationalpark.com/Education/Resources/Animals/202210/t4507612.shtml,Red-and-white giant flying squirrel morphology and ecology,2026-09-02,high,direct_curation_from_source_description,"Phase 3B data-only expansion: encoded only simple, user-observable characteristics explicitly supported by the cited source; ambiguous or variable traits were left blank."
petaurista_alborufus,gliding_membrane_visible,yes,web_reference,Shennongjia National Park,https://en.snjnationalpark.com/Education/Resources/Animals/202210/t4507612.shtml,Red-and-white giant flying squirrel morphology and ecology,2026-09-02,high,direct_curation_from_source_description,"Phase 3B data-only expansion: encoded only simple, user-observable characteristics explicitly supported by the cited source; ambiguous or variable traits were left blank."
trachypithecus_pileatus,body_form,monkey_like,web_reference,Handbook treatment via Zenodo,https://zenodo.org/records/6863454,Capped langur descriptive notes,2026-09-02,high,direct_curation_from_source_description,"Phase 3B data-only expansion: encoded only simple, user-observable characteristics explicitly supported by the cited source; ambiguous or variable traits were left blank."
trachypithecus_pileatus,body_covering,fur_or_hair,web_reference,Handbook treatment via Zenodo,https://zenodo.org/records/6863454,Capped langur descriptive notes,2026-09-02,high,direct_curation_from_source_description,"Phase 3B data-only expansion: encoded only simple, user-observable characteristics explicitly supported by the cited source; ambiguous or variable traits were left blank."
trachypithecus_pileatus,primary_color,mixed,web_reference,Handbook treatment via Zenodo,https://zenodo.org/records/6863454,Capped langur descriptive notes,2026-09-02,medium,direct_curation_from_source_description,"Phase 3B data-only expansion: encoded only simple, user-observable characteristics explicitly supported by the cited source; ambiguous or variable traits were left blank."
trachypithecus_pileatus,tail_impression,very_long,web_reference,Handbook treatment via Zenodo,https://zenodo.org/records/6863454,Capped langur descriptive notes,2026-09-02,high,direct_curation_from_source_description,"Phase 3B data-only expansion: encoded only simple, user-observable characteristics explicitly supported by the cited source; ambiguous or variable traits were left blank."
trachypithecus_pileatus,primate_face_marking,crest_or_crown,web_reference,Handbook treatment via Zenodo,https://zenodo.org/records/6863454,Capped langur descriptive notes,2026-09-02,high,direct_curation_from_source_description,"Phase 3B data-only expansion: encoded only simple, user-observable characteristics explicitly supported by the cited source; ambiguous or variable traits were left blank."
prionodon_pardicolor,body_form,cat_like,web_reference,Animal Diversity Web,https://animaldiversity.org/accounts/Prionodon_pardicolor/,Spotted linsang physical description,2026-09-02,high,direct_curation_from_source_description,"Phase 3B data-only expansion: encoded only simple, user-observable characteristics explicitly supported by the cited source; ambiguous or variable traits were left blank."
prionodon_pardicolor,body_covering,fur_or_hair,web_reference,Animal Diversity Web,https://animaldiversity.org/accounts/Prionodon_pardicolor/,Spotted linsang physical description,2026-09-02,high,direct_curation_from_source_description,"Phase 3B data-only expansion: encoded only simple, user-observable characteristics explicitly supported by the cited source; ambiguous or variable traits were left blank."
prionodon_pardicolor,primary_color,yellowish_or_buff,web_reference,Animal Diversity Web,https://animaldiversity.org/accounts/Prionodon_pardicolor/,Spotted linsang physical description,2026-09-02,medium,direct_curation_from_source_description,"Phase 3B data-only expansion: encoded only simple, user-observable characteristics explicitly supported by the cited source; ambiguous or variable traits were left blank."
prionodon_pardicolor,body_pattern,spotted,web_reference,Animal Diversity Web,https://animaldiversity.org/accounts/Prionodon_pardicolor/,Spotted linsang physical description,2026-09-02,high,direct_curation_from_source_description,"Phase 3B data-only expansion: encoded only simple, user-observable characteristics explicitly supported by the cited source; ambiguous or variable traits were left blank."
prionodon_pardicolor,tail_impression,long,web_reference,Animal Diversity Web,https://animaldiversity.org/accounts/Prionodon_pardicolor/,Spotted linsang physical description,2026-09-02,high,direct_curation_from_source_description,"Phase 3B data-only expansion: encoded only simple, user-observable characteristics explicitly supported by the cited source; ambiguous or variable traits were left blank."
prionodon_pardicolor,tail_shape,ringed,web_reference,Animal Diversity Web,https://animaldiversity.org/accounts/Prionodon_pardicolor/,Spotted linsang physical description,2026-09-02,high,direct_curation_from_source_description,"Phase 3B data-only expansion: encoded only simple, user-observable characteristics explicitly supported by the cited source; ambiguous or variable traits were left blank."
prionodon_pardicolor,ear_shape_simple,pointed,web_reference,Animal Diversity Web,https://animaldiversity.org/accounts/Prionodon_pardicolor/,Spotted linsang physical description,2026-09-02,high,direct_curation_from_source_description,"Phase 3B data-only expansion: encoded only simple, user-observable characteristics explicitly supported by the cited source; ambiguous or variable traits were left blank."
prionodon_pardicolor,snout_shape_simple,long_pointed,web_reference,Animal Diversity Web,https://animaldiversity.org/accounts/Prionodon_pardicolor/,Spotted linsang physical description,2026-09-02,high,direct_curation_from_source_description,"Phase 3B data-only expansion: encoded only simple, user-observable characteristics explicitly supported by the cited source; ambiguous or variable traits were left blank."
prionodon_pardicolor,movement_seen,climbing,web_reference,Animal Diversity Web,https://animaldiversity.org/accounts/Prionodon_pardicolor/,Spotted linsang physical description,2026-09-02,high,direct_curation_from_source_description,"Phase 3B data-only expansion: encoded only simple, user-observable characteristics explicitly supported by the cited source; ambiguous or variable traits were left blank."
prionodon_pardicolor,observation_place,tree_or_bush,web_reference,Animal Diversity Web,https://animaldiversity.org/accounts/Prionodon_pardicolor/,Spotted linsang physical description,2026-09-02,high,direct_curation_from_source_description,"Phase 3B data-only expansion: encoded only simple, user-observable characteristics explicitly supported by the cited source; ambiguous or variable traits were left blank."
prionodon_pardicolor,carnivore_tail_marking,rings,web_reference,Animal Diversity Web,https://animaldiversity.org/accounts/Prionodon_pardicolor/,Spotted linsang physical description,2026-09-02,high,direct_curation_from_source_description,"Phase 3B data-only expansion: encoded only simple, user-observable characteristics explicitly supported by the cited source; ambiguous or variable traits were left blank."
arctogalidia_trivirgata,body_form,long_body_short_legs,web_reference,NParks Singapore,https://www.nparks.gov.sg/florafaunaweb/fauna/2/2/226,Small-toothed palm civet description and ecology,2026-09-02,high,direct_curation_from_source_description,"Phase 3B data-only expansion: encoded only simple, user-observable characteristics explicitly supported by the cited source; ambiguous or variable traits were left blank."
arctogalidia_trivirgata,body_covering,fur_or_hair,web_reference,NParks Singapore,https://www.nparks.gov.sg/florafaunaweb/fauna/2/2/226,Small-toothed palm civet description and ecology,2026-09-02,high,direct_curation_from_source_description,"Phase 3B data-only expansion: encoded only simple, user-observable characteristics explicitly supported by the cited source; ambiguous or variable traits were left blank."
arctogalidia_trivirgata,primary_color,mixed,web_reference,NParks Singapore,https://www.nparks.gov.sg/florafaunaweb/fauna/2/2/226,Small-toothed palm civet description and ecology,2026-09-02,medium,direct_curation_from_source_description,"Phase 3B data-only expansion: encoded only simple, user-observable characteristics explicitly supported by the cited source; ambiguous or variable traits were left blank."
arctogalidia_trivirgata,body_pattern,striped,web_reference,NParks Singapore,https://www.nparks.gov.sg/florafaunaweb/fauna/2/2/226,Small-toothed palm civet description and ecology,2026-09-02,high,direct_curation_from_source_description,"Phase 3B data-only expansion: encoded only simple, user-observable characteristics explicitly supported by the cited source; ambiguous or variable traits were left blank."
arctogalidia_trivirgata,tail_impression,very_long,web_reference,NParks Singapore,https://www.nparks.gov.sg/florafaunaweb/fauna/2/2/226,Small-toothed palm civet description and ecology,2026-09-02,high,direct_curation_from_source_description,"Phase 3B data-only expansion: encoded only simple, user-observable characteristics explicitly supported by the cited source; ambiguous or variable traits were left blank."
arctogalidia_trivirgata,observation_place,tree_or_bush,web_reference,NParks Singapore,https://www.nparks.gov.sg/florafaunaweb/fauna/2/2/226,Small-toothed palm civet description and ecology,2026-09-02,high,direct_curation_from_source_description,"Phase 3B data-only expansion: encoded only simple, user-observable characteristics explicitly supported by the cited source; ambiguous or variable traits were left blank."
arctogalidia_trivirgata,time_seen,night,web_reference,NParks Singapore,https://www.nparks.gov.sg/florafaunaweb/fauna/2/2/226,Small-toothed palm civet description and ecology,2026-09-02,high,direct_curation_from_source_description,"Phase 3B data-only expansion: encoded only simple, user-observable characteristics explicitly supported by the cited source; ambiguous or variable traits were left blank."
arctogalidia_trivirgata,carnivore_face_marking,mixed,web_reference,NParks Singapore,https://www.nparks.gov.sg/florafaunaweb/fauna/2/2/226,Small-toothed palm civet description and ecology,2026-09-02,high,direct_curation_from_source_description,"Phase 3B data-only expansion: encoded only simple, user-observable characteristics explicitly supported by the cited source; ambiguous or variable traits were left blank."
chimarrogale_himalayica,body_size_impression,mouse_or_smaller,web_reference,Animal Diversity Web,https://animaldiversity.org/accounts/Chimarrogale_himalayica/,Himalayan water shrew physical description,2026-09-02,medium,direct_curation_from_source_description,"Phase 3B data-only expansion: encoded only simple, user-observable characteristics explicitly supported by the cited source; ambiguous or variable traits were left blank."
chimarrogale_himalayica,body_form,shrew_mole_like,web_reference,Animal Diversity Web,https://animaldiversity.org/accounts/Chimarrogale_himalayica/,Himalayan water shrew physical description,2026-09-02,high,direct_curation_from_source_description,"Phase 3B data-only expansion: encoded only simple, user-observable characteristics explicitly supported by the cited source; ambiguous or variable traits were left blank."
chimarrogale_himalayica,body_covering,fur_or_hair,web_reference,Animal Diversity Web,https://animaldiversity.org/accounts/Chimarrogale_himalayica/,Himalayan water shrew physical description,2026-09-02,high,direct_curation_from_source_description,"Phase 3B data-only expansion: encoded only simple, user-observable characteristics explicitly supported by the cited source; ambiguous or variable traits were left blank."
chimarrogale_himalayica,primary_color,grey,web_reference,Animal Diversity Web,https://animaldiversity.org/accounts/Chimarrogale_himalayica/,Himalayan water shrew physical description,2026-09-02,medium,direct_curation_from_source_description,"Phase 3B data-only expansion: encoded only simple, user-observable characteristics explicitly supported by the cited source; ambiguous or variable traits were left blank."
chimarrogale_himalayica,movement_seen,swimming,web_reference,Animal Diversity Web,https://animaldiversity.org/accounts/Chimarrogale_himalayica/,Himalayan water shrew physical description,2026-09-02,high,direct_curation_from_source_description,"Phase 3B data-only expansion: encoded only simple, user-observable characteristics explicitly supported by the cited source; ambiguous or variable traits were left blank."
chimarrogale_himalayica,observation_place,freshwater_or_wetland,web_reference,Animal Diversity Web,https://animaldiversity.org/accounts/Chimarrogale_himalayica/,Himalayan water shrew physical description,2026-09-02,high,direct_curation_from_source_description,"Phase 3B data-only expansion: encoded only simple, user-observable characteristics explicitly supported by the cited source; ambiguous or variable traits were left blank."
chimarrogale_himalayica,ear_size_impression,small,web_reference,Animal Diversity Web,https://animaldiversity.org/accounts/Chimarrogale_himalayica/,Himalayan water shrew physical description,2026-09-02,high,direct_curation_from_source_description,"Phase 3B data-only expansion: encoded only simple, user-observable characteristics explicitly supported by the cited source; ambiguous or variable traits were left blank."
chimarrogale_himalayica,tail_shape,thin,web_reference,Animal Diversity Web,https://animaldiversity.org/accounts/Chimarrogale_himalayica/,Himalayan water shrew physical description,2026-09-02,high,direct_curation_from_source_description,"Phase 3B data-only expansion: encoded only simple, user-observable characteristics explicitly supported by the cited source; ambiguous or variable traits were left blank."
cynopterus_brachyotis,body_size_impression,mouse_or_smaller,web_reference,Animal Diversity Web,https://animaldiversity.org/accounts/Cynopterus_brachyotis/,Lesser short-nosed fruit bat physical description,2026-09-02,medium,direct_curation_from_source_description,"Phase 3C data-only expansion: only simple, user-observable characteristics explicitly supported by the cited source were encoded; variable or uncertain traits were left blank."
cynopterus_brachyotis,body_form,bat_like,web_reference,Animal Diversity Web,https://animaldiversity.org/accounts/Cynopterus_brachyotis/,Lesser short-nosed fruit bat physical description,2026-09-02,high,direct_curation_from_source_description,"Phase 3C data-only expansion: only simple, user-observable characteristics explicitly supported by the cited source were encoded; variable or uncertain traits were left blank."
cynopterus_brachyotis,body_covering,fur_or_hair,web_reference,Animal Diversity Web,https://animaldiversity.org/accounts/Cynopterus_brachyotis/,Lesser short-nosed fruit bat physical description,2026-09-02,high,direct_curation_from_source_description,"Phase 3C data-only expansion: only simple, user-observable characteristics explicitly supported by the cited source were encoded; variable or uncertain traits were left blank."
cynopterus_brachyotis,movement_seen,flying,web_reference,Animal Diversity Web,https://animaldiversity.org/accounts/Cynopterus_brachyotis/,Lesser short-nosed fruit bat physical description,2026-09-02,medium,direct_curation_from_source_description,"Phase 3C data-only expansion: only simple, user-observable characteristics explicitly supported by the cited source were encoded; variable or uncertain traits were left blank."
cynopterus_brachyotis,primary_color,brown,web_reference,Animal Diversity Web,https://animaldiversity.org/accounts/Cynopterus_brachyotis/,Lesser short-nosed fruit bat physical description,2026-09-02,high,direct_curation_from_source_description,"Phase 3C data-only expansion: only simple, user-observable characteristics explicitly supported by the cited source were encoded; variable or uncertain traits were left blank."
cynopterus_brachyotis,body_pattern,plain,web_reference,Animal Diversity Web,https://animaldiversity.org/accounts/Cynopterus_brachyotis/,Lesser short-nosed fruit bat physical description,2026-09-02,high,direct_curation_from_source_description,"Phase 3C data-only expansion: only simple, user-observable characteristics explicitly supported by the cited source were encoded; variable or uncertain traits were left blank."
cynopterus_brachyotis,snout_shape_simple,long_narrow,web_reference,Animal Diversity Web,https://animaldiversity.org/accounts/Cynopterus_brachyotis/,Lesser short-nosed fruit bat physical description,2026-09-02,high,direct_curation_from_source_description,"Phase 3C data-only expansion: only simple, user-observable characteristics explicitly supported by the cited source were encoded; variable or uncertain traits were left blank."
cynopterus_brachyotis,bat_nose_shape,plain,web_reference,Animal Diversity Web,https://animaldiversity.org/accounts/Cynopterus_brachyotis/,Lesser short-nosed fruit bat physical description,2026-09-02,high,direct_curation_from_source_description,"Phase 3C data-only expansion: only simple, user-observable characteristics explicitly supported by the cited source were encoded; variable or uncertain traits were left blank."
cynopterus_brachyotis,bat_tail_visibility,tail_visible,web_reference,Animal Diversity Web,https://animaldiversity.org/accounts/Cynopterus_brachyotis/,Lesser short-nosed fruit bat physical description,2026-09-02,high,direct_curation_from_source_description,"Phase 3C data-only expansion: only simple, user-observable characteristics explicitly supported by the cited source were encoded; variable or uncertain traits were left blank."
cynopterus_sphinx,body_size_impression,mouse_or_smaller,web_reference,Animal Diversity Web,https://animaldiversity.org/accounts/Cynopterus_sphinx/,Greater short-nosed fruit bat physical description,2026-09-02,medium,direct_curation_from_source_description,"Phase 3C data-only expansion: only simple, user-observable characteristics explicitly supported by the cited source were encoded; variable or uncertain traits were left blank."
cynopterus_sphinx,body_form,bat_like,web_reference,Animal Diversity Web,https://animaldiversity.org/accounts/Cynopterus_sphinx/,Greater short-nosed fruit bat physical description,2026-09-02,high,direct_curation_from_source_description,"Phase 3C data-only expansion: only simple, user-observable characteristics explicitly supported by the cited source were encoded; variable or uncertain traits were left blank."
cynopterus_sphinx,body_covering,fur_or_hair,web_reference,Animal Diversity Web,https://animaldiversity.org/accounts/Cynopterus_sphinx/,Greater short-nosed fruit bat physical description,2026-09-02,high,direct_curation_from_source_description,"Phase 3C data-only expansion: only simple, user-observable characteristics explicitly supported by the cited source were encoded; variable or uncertain traits were left blank."
cynopterus_sphinx,movement_seen,flying,web_reference,Animal Diversity Web,https://animaldiversity.org/accounts/Cynopterus_sphinx/,Greater short-nosed fruit bat physical description,2026-09-02,medium,direct_curation_from_source_description,"Phase 3C data-only expansion: only simple, user-observable characteristics explicitly supported by the cited source were encoded; variable or uncertain traits were left blank."
cynopterus_sphinx,primary_color,reddish_or_orange,web_reference,Animal Diversity Web,https://animaldiversity.org/accounts/Cynopterus_sphinx/,Greater short-nosed fruit bat physical description,2026-09-02,high,direct_curation_from_source_description,"Phase 3C data-only expansion: only simple, user-observable characteristics explicitly supported by the cited source were encoded; variable or uncertain traits were left blank."
cynopterus_sphinx,body_pattern,plain,web_reference,Animal Diversity Web,https://animaldiversity.org/accounts/Cynopterus_sphinx/,Greater short-nosed fruit bat physical description,2026-09-02,high,direct_curation_from_source_description,"Phase 3C data-only expansion: only simple, user-observable characteristics explicitly supported by the cited source were encoded; variable or uncertain traits were left blank."
cynopterus_sphinx,snout_shape_simple,long_narrow,web_reference,Animal Diversity Web,https://animaldiversity.org/accounts/Cynopterus_sphinx/,Greater short-nosed fruit bat physical description,2026-09-02,high,direct_curation_from_source_description,"Phase 3C data-only expansion: only simple, user-observable characteristics explicitly supported by the cited source were encoded; variable or uncertain traits were left blank."
pteropus_vampyrus,body_size_impression,rabbit_or_cat_sized,web_reference,Animal Diversity Web,https://animaldiversity.org/accounts/Pteropus_vampyrus/,Large flying fox physical description and behavior,2026-09-02,medium,direct_curation_from_source_description,"Phase 3C data-only expansion: only simple, user-observable characteristics explicitly supported by the cited source were encoded; variable or uncertain traits were left blank."
pteropus_vampyrus,body_form,bat_like,web_reference,Animal Diversity Web,https://animaldiversity.org/accounts/Pteropus_vampyrus/,Large flying fox physical description and behavior,2026-09-02,high,direct_curation_from_source_description,"Phase 3C data-only expansion: only simple, user-observable characteristics explicitly supported by the cited source were encoded; variable or uncertain traits were left blank."
pteropus_vampyrus,body_covering,fur_or_hair,web_reference,Animal Diversity Web,https://animaldiversity.org/accounts/Pteropus_vampyrus/,Large flying fox physical description and behavior,2026-09-02,high,direct_curation_from_source_description,"Phase 3C data-only expansion: only simple, user-observable characteristics explicitly supported by the cited source were encoded; variable or uncertain traits were left blank."
pteropus_vampyrus,movement_seen,flying,web_reference,Animal Diversity Web,https://animaldiversity.org/accounts/Pteropus_vampyrus/,Large flying fox physical description and behavior,2026-09-02,medium,direct_curation_from_source_description,"Phase 3C data-only expansion: only simple, user-observable characteristics explicitly supported by the cited source were encoded; variable or uncertain traits were left blank."
pteropus_vampyrus,observation_place,tree_or_bush,web_reference,Animal Diversity Web,https://animaldiversity.org/accounts/Pteropus_vampyrus/,Large flying fox physical description and behavior,2026-09-02,medium,direct_curation_from_source_description,"Phase 3C data-only expansion: only simple, user-observable characteristics explicitly supported by the cited source were encoded; variable or uncertain traits were left blank."
pteropus_vampyrus,time_seen,night,web_reference,Animal Diversity Web,https://animaldiversity.org/accounts/Pteropus_vampyrus/,Large flying fox physical description and behavior,2026-09-02,medium,direct_curation_from_source_description,"Phase 3C data-only expansion: only simple, user-observable characteristics explicitly supported by the cited source were encoded; variable or uncertain traits were left blank."
pteropus_vampyrus,primary_color,dark_brown,web_reference,Animal Diversity Web,https://animaldiversity.org/accounts/Pteropus_vampyrus/,Large flying fox physical description and behavior,2026-09-02,high,direct_curation_from_source_description,"Phase 3C data-only expansion: only simple, user-observable characteristics explicitly supported by the cited source were encoded; variable or uncertain traits were left blank."
pteropus_vampyrus,ear_shape_simple,pointed,web_reference,Animal Diversity Web,https://animaldiversity.org/accounts/Pteropus_vampyrus/,Large flying fox physical description and behavior,2026-09-02,medium,direct_curation_from_source_description,"Phase 3C data-only expansion: only simple, user-observable characteristics explicitly supported by the cited source were encoded; variable or uncertain traits were left blank."
pteropus_vampyrus,snout_shape_simple,long_pointed,web_reference,Animal Diversity Web,https://animaldiversity.org/accounts/Pteropus_vampyrus/,Large flying fox physical description and behavior,2026-09-02,high,direct_curation_from_source_description,"Phase 3C data-only expansion: only simple, user-observable characteristics explicitly supported by the cited source were encoded; variable or uncertain traits were left blank."
pteropus_hypomelanus,body_size_impression,rabbit_or_cat_sized,web_reference,Animal Diversity Web,https://animaldiversity.org/accounts/Pteropus_hypomelanus/,Variable flying fox physical description and behavior,2026-09-02,medium,direct_curation_from_source_description,"Phase 3C data-only expansion: only simple, user-observable characteristics explicitly supported by the cited source were encoded; variable or uncertain traits were left blank."
pteropus_hypomelanus,body_form,bat_like,web_reference,Animal Diversity Web,https://animaldiversity.org/accounts/Pteropus_hypomelanus/,Variable flying fox physical description and behavior,2026-09-02,high,direct_curation_from_source_description,"Phase 3C data-only expansion: only simple, user-observable characteristics explicitly supported by the cited source were encoded; variable or uncertain traits were left blank."
pteropus_hypomelanus,body_covering,fur_or_hair,web_reference,Animal Diversity Web,https://animaldiversity.org/accounts/Pteropus_hypomelanus/,Variable flying fox physical description and behavior,2026-09-02,high,direct_curation_from_source_description,"Phase 3C data-only expansion: only simple, user-observable characteristics explicitly supported by the cited source were encoded; variable or uncertain traits were left blank."
pteropus_hypomelanus,movement_seen,flying,web_reference,Animal Diversity Web,https://animaldiversity.org/accounts/Pteropus_hypomelanus/,Variable flying fox physical description and behavior,2026-09-02,medium,direct_curation_from_source_description,"Phase 3C data-only expansion: only simple, user-observable characteristics explicitly supported by the cited source were encoded; variable or uncertain traits were left blank."
pteropus_hypomelanus,observation_place,tree_or_bush,web_reference,Animal Diversity Web,https://animaldiversity.org/accounts/Pteropus_hypomelanus/,Variable flying fox physical description and behavior,2026-09-02,medium,direct_curation_from_source_description,"Phase 3C data-only expansion: only simple, user-observable characteristics explicitly supported by the cited source were encoded; variable or uncertain traits were left blank."
pteropus_hypomelanus,time_seen,night,web_reference,Animal Diversity Web,https://animaldiversity.org/accounts/Pteropus_hypomelanus/,Variable flying fox physical description and behavior,2026-09-02,medium,direct_curation_from_source_description,"Phase 3C data-only expansion: only simple, user-observable characteristics explicitly supported by the cited source were encoded; variable or uncertain traits were left blank."
pteropus_hypomelanus,primary_color,brown,web_reference,Animal Diversity Web,https://animaldiversity.org/accounts/Pteropus_hypomelanus/,Variable flying fox physical description and behavior,2026-09-02,high,direct_curation_from_source_description,"Phase 3C data-only expansion: only simple, user-observable characteristics explicitly supported by the cited source were encoded; variable or uncertain traits were left blank."
pteropus_hypomelanus,body_pattern,patched,web_reference,Animal Diversity Web,https://animaldiversity.org/accounts/Pteropus_hypomelanus/,Variable flying fox physical description and behavior,2026-09-02,high,direct_curation_from_source_description,"Phase 3C data-only expansion: only simple, user-observable characteristics explicitly supported by the cited source were encoded; variable or uncertain traits were left blank."
eonycteris_spelaea,body_size_impression,mouse_or_smaller,web_reference,Animal Diversity Web,https://animaldiversity.org/accounts/Eonycteris_spelaea/,Lesser dawn bat physical description,2026-09-02,medium,direct_curation_from_source_description,"Phase 3C data-only expansion: only simple, user-observable characteristics explicitly supported by the cited source were encoded; variable or uncertain traits were left blank."
eonycteris_spelaea,body_form,bat_like,web_reference,Animal Diversity Web,https://animaldiversity.org/accounts/Eonycteris_spelaea/,Lesser dawn bat physical description,2026-09-02,high,direct_curation_from_source_description,"Phase 3C data-only expansion: only simple, user-observable characteristics explicitly supported by the cited source were encoded; variable or uncertain traits were left blank."
eonycteris_spelaea,body_covering,fur_or_hair,web_reference,Animal Diversity Web,https://animaldiversity.org/accounts/Eonycteris_spelaea/,Lesser dawn bat physical description,2026-09-02,high,direct_curation_from_source_description,"Phase 3C data-only expansion: only simple, user-observable characteristics explicitly supported by the cited source were encoded; variable or uncertain traits were left blank."
eonycteris_spelaea,movement_seen,flying,web_reference,Animal Diversity Web,https://animaldiversity.org/accounts/Eonycteris_spelaea/,Lesser dawn bat physical description,2026-09-02,medium,direct_curation_from_source_description,"Phase 3C data-only expansion: only simple, user-observable characteristics explicitly supported by the cited source were encoded; variable or uncertain traits were left blank."
eonycteris_spelaea,primary_color,dark_brown,web_reference,Animal Diversity Web,https://animaldiversity.org/accounts/Eonycteris_spelaea/,Lesser dawn bat physical description,2026-09-02,high,direct_curation_from_source_description,"Phase 3C data-only expansion: only simple, user-observable characteristics explicitly supported by the cited source were encoded; variable or uncertain traits were left blank."
eonycteris_spelaea,body_pattern,plain,web_reference,Animal Diversity Web,https://animaldiversity.org/accounts/Eonycteris_spelaea/,Lesser dawn bat physical description,2026-09-02,high,direct_curation_from_source_description,"Phase 3C data-only expansion: only simple, user-observable characteristics explicitly supported by the cited source were encoded; variable or uncertain traits were left blank."
eonycteris_spelaea,ear_size_impression,small,web_reference,Animal Diversity Web,https://animaldiversity.org/accounts/Eonycteris_spelaea/,Lesser dawn bat physical description,2026-09-02,high,direct_curation_from_source_description,"Phase 3C data-only expansion: only simple, user-observable characteristics explicitly supported by the cited source were encoded; variable or uncertain traits were left blank."
eonycteris_spelaea,snout_shape_simple,long_narrow,web_reference,Animal Diversity Web,https://animaldiversity.org/accounts/Eonycteris_spelaea/,Lesser dawn bat physical description,2026-09-02,high,direct_curation_from_source_description,"Phase 3C data-only expansion: only simple, user-observable characteristics explicitly supported by the cited source were encoded; variable or uncertain traits were left blank."
eonycteris_spelaea,bat_nose_shape,plain,web_reference,Animal Diversity Web,https://animaldiversity.org/accounts/Eonycteris_spelaea/,Lesser dawn bat physical description,2026-09-02,high,direct_curation_from_source_description,"Phase 3C data-only expansion: only simple, user-observable characteristics explicitly supported by the cited source were encoded; variable or uncertain traits were left blank."
eonycteris_spelaea,bat_tail_visibility,tail_tip_beyond_membrane,web_reference,Animal Diversity Web,https://animaldiversity.org/accounts/Eonycteris_spelaea/,Lesser dawn bat physical description,2026-09-02,high,direct_curation_from_source_description,"Phase 3C data-only expansion: only simple, user-observable characteristics explicitly supported by the cited source were encoded; variable or uncertain traits were left blank."
macroglossus_sobrinus,body_size_impression,mouse_or_smaller,web_reference,Animal Diversity Web,https://animaldiversity.org/accounts/Macroglossus_sobrinus/,Greater long-tongued fruit bat physical description,2026-09-02,medium,direct_curation_from_source_description,"Phase 3C data-only expansion: only simple, user-observable characteristics explicitly supported by the cited source were encoded; variable or uncertain traits were left blank."
macroglossus_sobrinus,body_form,bat_like,web_reference,Animal Diversity Web,https://animaldiversity.org/accounts/Macroglossus_sobrinus/,Greater long-tongued fruit bat physical description,2026-09-02,high,direct_curation_from_source_description,"Phase 3C data-only expansion: only simple, user-observable characteristics explicitly supported by the cited source were encoded; variable or uncertain traits were left blank."
macroglossus_sobrinus,body_covering,fur_or_hair,web_reference,Animal Diversity Web,https://animaldiversity.org/accounts/Macroglossus_sobrinus/,Greater long-tongued fruit bat physical description,2026-09-02,high,direct_curation_from_source_description,"Phase 3C data-only expansion: only simple, user-observable characteristics explicitly supported by the cited source were encoded; variable or uncertain traits were left blank."
macroglossus_sobrinus,movement_seen,flying,web_reference,Animal Diversity Web,https://animaldiversity.org/accounts/Macroglossus_sobrinus/,Greater long-tongued fruit bat physical description,2026-09-02,medium,direct_curation_from_source_description,"Phase 3C data-only expansion: only simple, user-observable characteristics explicitly supported by the cited source were encoded; variable or uncertain traits were left blank."
macroglossus_sobrinus,primary_color,reddish_or_orange,web_reference,Animal Diversity Web,https://animaldiversity.org/accounts/Macroglossus_sobrinus/,Greater long-tongued fruit bat physical description,2026-09-02,high,direct_curation_from_source_description,"Phase 3C data-only expansion: only simple, user-observable characteristics explicitly supported by the cited source were encoded; variable or uncertain traits were left blank."
macroglossus_sobrinus,body_pattern,plain,web_reference,Animal Diversity Web,https://animaldiversity.org/accounts/Macroglossus_sobrinus/,Greater long-tongued fruit bat physical description,2026-09-02,high,direct_curation_from_source_description,"Phase 3C data-only expansion: only simple, user-observable characteristics explicitly supported by the cited source were encoded; variable or uncertain traits were left blank."
macroglossus_sobrinus,ear_size_impression,medium,web_reference,Animal Diversity Web,https://animaldiversity.org/accounts/Macroglossus_sobrinus/,Greater long-tongued fruit bat physical description,2026-09-02,high,direct_curation_from_source_description,"Phase 3C data-only expansion: only simple, user-observable characteristics explicitly supported by the cited source were encoded; variable or uncertain traits were left blank."
macroglossus_sobrinus,snout_shape_simple,long_narrow,web_reference,Animal Diversity Web,https://animaldiversity.org/accounts/Macroglossus_sobrinus/,Greater long-tongued fruit bat physical description,2026-09-02,high,direct_curation_from_source_description,"Phase 3C data-only expansion: only simple, user-observable characteristics explicitly supported by the cited source were encoded; variable or uncertain traits were left blank."
macroglossus_sobrinus,bat_tail_visibility,no_tail_visible,web_reference,Animal Diversity Web,https://animaldiversity.org/accounts/Macroglossus_sobrinus/,Greater long-tongued fruit bat physical description,2026-09-02,high,direct_curation_from_source_description,"Phase 3C data-only expansion: only simple, user-observable characteristics explicitly supported by the cited source were encoded; variable or uncertain traits were left blank."
megaerops_niphanae,body_size_impression,mouse_or_smaller,web_reference,ZooKeys / PMC,https://pmc.ncbi.nlm.nih.gov/articles/PMC12606075/,Megaerops niphanae external description,2026-09-02,medium,direct_curation_from_source_description,"Phase 3C data-only expansion: only simple, user-observable characteristics explicitly supported by the cited source were encoded; variable or uncertain traits were left blank."
megaerops_niphanae,body_form,bat_like,web_reference,ZooKeys / PMC,https://pmc.ncbi.nlm.nih.gov/articles/PMC12606075/,Megaerops niphanae external description,2026-09-02,high,direct_curation_from_source_description,"Phase 3C data-only expansion: only simple, user-observable characteristics explicitly supported by the cited source were encoded; variable or uncertain traits were left blank."
megaerops_niphanae,body_covering,fur_or_hair,web_reference,ZooKeys / PMC,https://pmc.ncbi.nlm.nih.gov/articles/PMC12606075/,Megaerops niphanae external description,2026-09-02,high,direct_curation_from_source_description,"Phase 3C data-only expansion: only simple, user-observable characteristics explicitly supported by the cited source were encoded; variable or uncertain traits were left blank."
megaerops_niphanae,movement_seen,flying,web_reference,ZooKeys / PMC,https://pmc.ncbi.nlm.nih.gov/articles/PMC12606075/,Megaerops niphanae external description,2026-09-02,medium,direct_curation_from_source_description,"Phase 3C data-only expansion: only simple, user-observable characteristics explicitly supported by the cited source were encoded; variable or uncertain traits were left blank."
megaerops_niphanae,primary_color,grey,web_reference,ZooKeys / PMC,https://pmc.ncbi.nlm.nih.gov/articles/PMC12606075/,Megaerops niphanae external description,2026-09-02,high,direct_curation_from_source_description,"Phase 3C data-only expansion: only simple, user-observable characteristics explicitly supported by the cited source were encoded; variable or uncertain traits were left blank."
megaerops_niphanae,body_pattern,plain,web_reference,ZooKeys / PMC,https://pmc.ncbi.nlm.nih.gov/articles/PMC12606075/,Megaerops niphanae external description,2026-09-02,high,direct_curation_from_source_description,"Phase 3C data-only expansion: only simple, user-observable characteristics explicitly supported by the cited source were encoded; variable or uncertain traits were left blank."
sphaerias_blanfordi,body_size_impression,mouse_or_smaller,web_reference,Field Guide to Mammals of South-east Asia,https://api.pageplace.de/preview/DT0400.9781472934994_A37719019/preview-9781472934994_A37719019.pdf,Blanford fruit bat field-guide description,2026-09-02,medium,direct_curation_from_source_description,"Phase 3C data-only expansion: only simple, user-observable characteristics explicitly supported by the cited source were encoded; variable or uncertain traits were left blank."
sphaerias_blanfordi,body_form,bat_like,web_reference,Field Guide to Mammals of South-east Asia,https://api.pageplace.de/preview/DT0400.9781472934994_A37719019/preview-9781472934994_A37719019.pdf,Blanford fruit bat field-guide description,2026-09-02,high,direct_curation_from_source_description,"Phase 3C data-only expansion: only simple, user-observable characteristics explicitly supported by the cited source were encoded; variable or uncertain traits were left blank."
sphaerias_blanfordi,body_covering,fur_or_hair,web_reference,Field Guide to Mammals of South-east Asia,https://api.pageplace.de/preview/DT0400.9781472934994_A37719019/preview-9781472934994_A37719019.pdf,Blanford fruit bat field-guide description,2026-09-02,high,direct_curation_from_source_description,"Phase 3C data-only expansion: only simple, user-observable characteristics explicitly supported by the cited source were encoded; variable or uncertain traits were left blank."
sphaerias_blanfordi,movement_seen,flying,web_reference,Field Guide to Mammals of South-east Asia,https://api.pageplace.de/preview/DT0400.9781472934994_A37719019/preview-9781472934994_A37719019.pdf,Blanford fruit bat field-guide description,2026-09-02,medium,direct_curation_from_source_description,"Phase 3C data-only expansion: only simple, user-observable characteristics explicitly supported by the cited source were encoded; variable or uncertain traits were left blank."
sphaerias_blanfordi,body_pattern,plain,web_reference,Field Guide to Mammals of South-east Asia,https://api.pageplace.de/preview/DT0400.9781472934994_A37719019/preview-9781472934994_A37719019.pdf,Blanford fruit bat field-guide description,2026-09-02,high,direct_curation_from_source_description,"Phase 3C data-only expansion: only simple, user-observable characteristics explicitly supported by the cited source were encoded; variable or uncertain traits were left blank."
sphaerias_blanfordi,bat_tail_visibility,no_tail_visible,web_reference,Field Guide to Mammals of South-east Asia,https://api.pageplace.de/preview/DT0400.9781472934994_A37719019/preview-9781472934994_A37719019.pdf,Blanford fruit bat field-guide description,2026-09-02,high,direct_curation_from_source_description,"Phase 3C data-only expansion: only simple, user-observable characteristics explicitly supported by the cited source were encoded; variable or uncertain traits were left blank."
craseonycteris_thonglongyai,body_size_impression,mouse_or_smaller,web_reference,Animal Diversity Web,https://animaldiversity.org/accounts/Craseonycteris_thonglongyai/,Kitti hog-nosed bat physical description and habitat,2026-09-02,medium,direct_curation_from_source_description,"Phase 3C data-only expansion: only simple, user-observable characteristics explicitly supported by the cited source were encoded; variable or uncertain traits were left blank."
craseonycteris_thonglongyai,body_form,bat_like,web_reference,Animal Diversity Web,https://animaldiversity.org/accounts/Craseonycteris_thonglongyai/,Kitti hog-nosed bat physical description and habitat,2026-09-02,high,direct_curation_from_source_description,"Phase 3C data-only expansion: only simple, user-observable characteristics explicitly supported by the cited source were encoded; variable or uncertain traits were left blank."
craseonycteris_thonglongyai,body_covering,fur_or_hair,web_reference,Animal Diversity Web,https://animaldiversity.org/accounts/Craseonycteris_thonglongyai/,Kitti hog-nosed bat physical description and habitat,2026-09-02,high,direct_curation_from_source_description,"Phase 3C data-only expansion: only simple, user-observable characteristics explicitly supported by the cited source were encoded; variable or uncertain traits were left blank."
craseonycteris_thonglongyai,movement_seen,flying,web_reference,Animal Diversity Web,https://animaldiversity.org/accounts/Craseonycteris_thonglongyai/,Kitti hog-nosed bat physical description and habitat,2026-09-02,medium,direct_curation_from_source_description,"Phase 3C data-only expansion: only simple, user-observable characteristics explicitly supported by the cited source were encoded; variable or uncertain traits were left blank."
craseonycteris_thonglongyai,observation_place,cave,web_reference,Animal Diversity Web,https://animaldiversity.org/accounts/Craseonycteris_thonglongyai/,Kitti hog-nosed bat physical description and habitat,2026-09-02,medium,direct_curation_from_source_description,"Phase 3C data-only expansion: only simple, user-observable characteristics explicitly supported by the cited source were encoded; variable or uncertain traits were left blank."
craseonycteris_thonglongyai,time_seen,dawn_or_dusk,web_reference,Animal Diversity Web,https://animaldiversity.org/accounts/Craseonycteris_thonglongyai/,Kitti hog-nosed bat physical description and habitat,2026-09-02,medium,direct_curation_from_source_description,"Phase 3C data-only expansion: only simple, user-observable characteristics explicitly supported by the cited source were encoded; variable or uncertain traits were left blank."
craseonycteris_thonglongyai,primary_color,mixed,web_reference,Animal Diversity Web,https://animaldiversity.org/accounts/Craseonycteris_thonglongyai/,Kitti hog-nosed bat physical description and habitat,2026-09-02,high,direct_curation_from_source_description,"Phase 3C data-only expansion: only simple, user-observable characteristics explicitly supported by the cited source were encoded; variable or uncertain traits were left blank."
craseonycteris_thonglongyai,ear_size_impression,large,web_reference,Animal Diversity Web,https://animaldiversity.org/accounts/Craseonycteris_thonglongyai/,Kitti hog-nosed bat physical description and habitat,2026-09-02,high,direct_curation_from_source_description,"Phase 3C data-only expansion: only simple, user-observable characteristics explicitly supported by the cited source were encoded; variable or uncertain traits were left blank."
craseonycteris_thonglongyai,snout_shape_simple,pig_like,web_reference,Animal Diversity Web,https://animaldiversity.org/accounts/Craseonycteris_thonglongyai/,Kitti hog-nosed bat physical description and habitat,2026-09-02,high,direct_curation_from_source_description,"Phase 3C data-only expansion: only simple, user-observable characteristics explicitly supported by the cited source were encoded; variable or uncertain traits were left blank."
craseonycteris_thonglongyai,bat_nose_shape,other,web_reference,Animal Diversity Web,https://animaldiversity.org/accounts/Craseonycteris_thonglongyai/,Kitti hog-nosed bat physical description and habitat,2026-09-02,high,direct_curation_from_source_description,"Phase 3C data-only expansion: only simple, user-observable characteristics explicitly supported by the cited source were encoded; variable or uncertain traits were left blank."
craseonycteris_thonglongyai,bat_tail_visibility,no_tail_visible,web_reference,Animal Diversity Web,https://animaldiversity.org/accounts/Craseonycteris_thonglongyai/,Kitti hog-nosed bat physical description and habitat,2026-09-02,high,direct_curation_from_source_description,"Phase 3C data-only expansion: only simple, user-observable characteristics explicitly supported by the cited source were encoded; variable or uncertain traits were left blank."
megaderma_spasma,body_size_impression,mouse_or_smaller,web_reference,Animal Diversity Web,https://animaldiversity.org/accounts/Megaderma_spasma/,Lesser false vampire bat physical description,2026-09-02,medium,direct_curation_from_source_description,"Phase 3C data-only expansion: only simple, user-observable characteristics explicitly supported by the cited source were encoded; variable or uncertain traits were left blank."
megaderma_spasma,body_form,bat_like,web_reference,Animal Diversity Web,https://animaldiversity.org/accounts/Megaderma_spasma/,Lesser false vampire bat physical description,2026-09-02,high,direct_curation_from_source_description,"Phase 3C data-only expansion: only simple, user-observable characteristics explicitly supported by the cited source were encoded; variable or uncertain traits were left blank."
megaderma_spasma,body_covering,fur_or_hair,web_reference,Animal Diversity Web,https://animaldiversity.org/accounts/Megaderma_spasma/,Lesser false vampire bat physical description,2026-09-02,high,direct_curation_from_source_description,"Phase 3C data-only expansion: only simple, user-observable characteristics explicitly supported by the cited source were encoded; variable or uncertain traits were left blank."
megaderma_spasma,movement_seen,flying,web_reference,Animal Diversity Web,https://animaldiversity.org/accounts/Megaderma_spasma/,Lesser false vampire bat physical description,2026-09-02,medium,direct_curation_from_source_description,"Phase 3C data-only expansion: only simple, user-observable characteristics explicitly supported by the cited source were encoded; variable or uncertain traits were left blank."
megaderma_spasma,primary_color,grey,web_reference,Animal Diversity Web,https://animaldiversity.org/accounts/Megaderma_spasma/,Lesser false vampire bat physical description,2026-09-02,high,direct_curation_from_source_description,"Phase 3C data-only expansion: only simple, user-observable characteristics explicitly supported by the cited source were encoded; variable or uncertain traits were left blank."
megaderma_spasma,body_pattern,plain,web_reference,Animal Diversity Web,https://animaldiversity.org/accounts/Megaderma_spasma/,Lesser false vampire bat physical description,2026-09-02,high,direct_curation_from_source_description,"Phase 3C data-only expansion: only simple, user-observable characteristics explicitly supported by the cited source were encoded; variable or uncertain traits were left blank."
megaderma_spasma,bat_tail_visibility,no_tail_visible,web_reference,Animal Diversity Web,https://animaldiversity.org/accounts/Megaderma_spasma/,Lesser false vampire bat physical description,2026-09-02,high,direct_curation_from_source_description,"Phase 3C data-only expansion: only simple, user-observable characteristics explicitly supported by the cited source were encoded; variable or uncertain traits were left blank."
lyroderma_lyra,body_size_impression,mouse_or_smaller,web_reference,Handbook of the Mammals of the World treatment via Zenodo,https://zenodo.org/records/5734380,Greater Asian false-vampire descriptive notes,2026-09-02,medium,direct_curation_from_source_description,"Phase 3C data-only expansion: only simple, user-observable characteristics explicitly supported by the cited source were encoded; variable or uncertain traits were left blank."
lyroderma_lyra,body_form,bat_like,web_reference,Handbook of the Mammals of the World treatment via Zenodo,https://zenodo.org/records/5734380,Greater Asian false-vampire descriptive notes,2026-09-02,high,direct_curation_from_source_description,"Phase 3C data-only expansion: only simple, user-observable characteristics explicitly supported by the cited source were encoded; variable or uncertain traits were left blank."
lyroderma_lyra,body_covering,fur_or_hair,web_reference,Handbook of the Mammals of the World treatment via Zenodo,https://zenodo.org/records/5734380,Greater Asian false-vampire descriptive notes,2026-09-02,high,direct_curation_from_source_description,"Phase 3C data-only expansion: only simple, user-observable characteristics explicitly supported by the cited source were encoded; variable or uncertain traits were left blank."
lyroderma_lyra,movement_seen,flying,web_reference,Handbook of the Mammals of the World treatment via Zenodo,https://zenodo.org/records/5734380,Greater Asian false-vampire descriptive notes,2026-09-02,medium,direct_curation_from_source_description,"Phase 3C data-only expansion: only simple, user-observable characteristics explicitly supported by the cited source were encoded; variable or uncertain traits were left blank."
lyroderma_lyra,bat_nose_shape,leaf_like,web_reference,Handbook of the Mammals of the World treatment via Zenodo,https://zenodo.org/records/5734380,Greater Asian false-vampire descriptive notes,2026-09-02,high,direct_curation_from_source_description,"Phase 3C data-only expansion: only simple, user-observable characteristics explicitly supported by the cited source were encoded; variable or uncertain traits were left blank."
lyroderma_lyra,bat_tail_visibility,no_tail_visible,web_reference,Handbook of the Mammals of the World treatment via Zenodo,https://zenodo.org/records/5734380,Greater Asian false-vampire descriptive notes,2026-09-02,high,direct_curation_from_source_description,"Phase 3C data-only expansion: only simple, user-observable characteristics explicitly supported by the cited source were encoded; variable or uncertain traits were left blank."
hipposideros_armiger,body_size_impression,mouse_or_smaller,web_reference,Comparative Mammalian Brain Collections,https://brainmuseum.org/specimens/chiroptera/Asianleaf/index.html,Great leaf-nosed bat physical characteristics and roosts,2026-09-02,medium,direct_curation_from_source_description,"Phase 3C data-only expansion: only simple, user-observable characteristics explicitly supported by the cited source were encoded; variable or uncertain traits were left blank."
hipposideros_armiger,body_form,bat_like,web_reference,Comparative Mammalian Brain Collections,https://brainmuseum.org/specimens/chiroptera/Asianleaf/index.html,Great leaf-nosed bat physical characteristics and roosts,2026-09-02,high,direct_curation_from_source_description,"Phase 3C data-only expansion: only simple, user-observable characteristics explicitly supported by the cited source were encoded; variable or uncertain traits were left blank."
hipposideros_armiger,body_covering,fur_or_hair,web_reference,Comparative Mammalian Brain Collections,https://brainmuseum.org/specimens/chiroptera/Asianleaf/index.html,Great leaf-nosed bat physical characteristics and roosts,2026-09-02,high,direct_curation_from_source_description,"Phase 3C data-only expansion: only simple, user-observable characteristics explicitly supported by the cited source were encoded; variable or uncertain traits were left blank."
hipposideros_armiger,movement_seen,flying,web_reference,Comparative Mammalian Brain Collections,https://brainmuseum.org/specimens/chiroptera/Asianleaf/index.html,Great leaf-nosed bat physical characteristics and roosts,2026-09-02,medium,direct_curation_from_source_description,"Phase 3C data-only expansion: only simple, user-observable characteristics explicitly supported by the cited source were encoded; variable or uncertain traits were left blank."
hipposideros_armiger,observation_place,cave,web_reference,Comparative Mammalian Brain Collections,https://brainmuseum.org/specimens/chiroptera/Asianleaf/index.html,Great leaf-nosed bat physical characteristics and roosts,2026-09-02,medium,direct_curation_from_source_description,"Phase 3C data-only expansion: only simple, user-observable characteristics explicitly supported by the cited source were encoded; variable or uncertain traits were left blank."
hipposideros_armiger,primary_color,brown,web_reference,Comparative Mammalian Brain Collections,https://brainmuseum.org/specimens/chiroptera/Asianleaf/index.html,Great leaf-nosed bat physical characteristics and roosts,2026-09-02,high,direct_curation_from_source_description,"Phase 3C data-only expansion: only simple, user-observable characteristics explicitly supported by the cited source were encoded; variable or uncertain traits were left blank."
hipposideros_armiger,bat_nose_shape,leaf_like,web_reference,Comparative Mammalian Brain Collections,https://brainmuseum.org/specimens/chiroptera/Asianleaf/index.html,Great leaf-nosed bat physical characteristics and roosts,2026-09-02,high,direct_curation_from_source_description,"Phase 3C data-only expansion: only simple, user-observable characteristics explicitly supported by the cited source were encoded; variable or uncertain traits were left blank."
petaurista_elegans,body_size_impression,rabbit_or_cat_sized,web_reference,Animal Diversity Web,https://animaldiversity.org/accounts/Petaurista_elegans/,Spotted giant flying squirrel physical description and habitat,2026-09-02,medium,direct_curation_from_source_description,"Phase 3C data-only expansion: only simple, user-observable characteristics explicitly supported by the cited source were encoded; variable or uncertain traits were left blank."
petaurista_elegans,body_form,gliding_mammal_like,web_reference,Animal Diversity Web,https://animaldiversity.org/accounts/Petaurista_elegans/,Spotted giant flying squirrel physical description and habitat,2026-09-02,high,direct_curation_from_source_description,"Phase 3C data-only expansion: only simple, user-observable characteristics explicitly supported by the cited source were encoded; variable or uncertain traits were left blank."
petaurista_elegans,body_covering,fur_or_hair,web_reference,Animal Diversity Web,https://animaldiversity.org/accounts/Petaurista_elegans/,Spotted giant flying squirrel physical description and habitat,2026-09-02,high,direct_curation_from_source_description,"Phase 3C data-only expansion: only simple, user-observable characteristics explicitly supported by the cited source were encoded; variable or uncertain traits were left blank."
petaurista_elegans,movement_seen,gliding,web_reference,Animal Diversity Web,https://animaldiversity.org/accounts/Petaurista_elegans/,Spotted giant flying squirrel physical description and habitat,2026-09-02,medium,direct_curation_from_source_description,"Phase 3C data-only expansion: only simple, user-observable characteristics explicitly supported by the cited source were encoded; variable or uncertain traits were left blank."
petaurista_elegans,observation_place,tree_or_bush,web_reference,Animal Diversity Web,https://animaldiversity.org/accounts/Petaurista_elegans/,Spotted giant flying squirrel physical description and habitat,2026-09-02,medium,direct_curation_from_source_description,"Phase 3C data-only expansion: only simple, user-observable characteristics explicitly supported by the cited source were encoded; variable or uncertain traits were left blank."
petaurista_elegans,primary_color,dark_brown,web_reference,Animal Diversity Web,https://animaldiversity.org/accounts/Petaurista_elegans/,Spotted giant flying squirrel physical description and habitat,2026-09-02,high,direct_curation_from_source_description,"Phase 3C data-only expansion: only simple, user-observable characteristics explicitly supported by the cited source were encoded; variable or uncertain traits were left blank."
petaurista_elegans,tail_impression,very_long,web_reference,Animal Diversity Web,https://animaldiversity.org/accounts/Petaurista_elegans/,Spotted giant flying squirrel physical description and habitat,2026-09-02,high,direct_curation_from_source_description,"Phase 3C data-only expansion: only simple, user-observable characteristics explicitly supported by the cited source were encoded; variable or uncertain traits were left blank."
petaurista_elegans,tail_shape,bushy,web_reference,Animal Diversity Web,https://animaldiversity.org/accounts/Petaurista_elegans/,Spotted giant flying squirrel physical description and habitat,2026-09-02,high,direct_curation_from_source_description,"Phase 3C data-only expansion: only simple, user-observable characteristics explicitly supported by the cited source were encoded; variable or uncertain traits were left blank."
petaurista_elegans,gliding_membrane_visible,yes,web_reference,Animal Diversity Web,https://animaldiversity.org/accounts/Petaurista_elegans/,Spotted giant flying squirrel physical description and habitat,2026-09-02,high,direct_curation_from_source_description,"Phase 3C data-only expansion: only simple, user-observable characteristics explicitly supported by the cited source were encoded; variable or uncertain traits were left blank."
petaurista_philippensis,body_size_impression,rabbit_or_cat_sized,web_reference,Animal Diversity Web,https://animaldiversity.org/accounts/Petaurista_philippensis/,Indian giant flying squirrel physical description,2026-09-02,medium,direct_curation_from_source_description,"Phase 3C data-only expansion: only simple, user-observable characteristics explicitly supported by the cited source were encoded; variable or uncertain traits were left blank."
petaurista_philippensis,body_form,gliding_mammal_like,web_reference,Animal Diversity Web,https://animaldiversity.org/accounts/Petaurista_philippensis/,Indian giant flying squirrel physical description,2026-09-02,high,direct_curation_from_source_description,"Phase 3C data-only expansion: only simple, user-observable characteristics explicitly supported by the cited source were encoded; variable or uncertain traits were left blank."
petaurista_philippensis,body_covering,fur_or_hair,web_reference,Animal Diversity Web,https://animaldiversity.org/accounts/Petaurista_philippensis/,Indian giant flying squirrel physical description,2026-09-02,high,direct_curation_from_source_description,"Phase 3C data-only expansion: only simple, user-observable characteristics explicitly supported by the cited source were encoded; variable or uncertain traits were left blank."
petaurista_philippensis,movement_seen,gliding,web_reference,Animal Diversity Web,https://animaldiversity.org/accounts/Petaurista_philippensis/,Indian giant flying squirrel physical description,2026-09-02,medium,direct_curation_from_source_description,"Phase 3C data-only expansion: only simple, user-observable characteristics explicitly supported by the cited source were encoded; variable or uncertain traits were left blank."
petaurista_philippensis,observation_place,tree_or_bush,web_reference,Animal Diversity Web,https://animaldiversity.org/accounts/Petaurista_philippensis/,Indian giant flying squirrel physical description,2026-09-02,medium,direct_curation_from_source_description,"Phase 3C data-only expansion: only simple, user-observable characteristics explicitly supported by the cited source were encoded; variable or uncertain traits were left blank."
petaurista_philippensis,primary_color,dark_brown,web_reference,Animal Diversity Web,https://animaldiversity.org/accounts/Petaurista_philippensis/,Indian giant flying squirrel physical description,2026-09-02,high,direct_curation_from_source_description,"Phase 3C data-only expansion: only simple, user-observable characteristics explicitly supported by the cited source were encoded; variable or uncertain traits were left blank."
petaurista_philippensis,tail_impression,very_long,web_reference,Animal Diversity Web,https://animaldiversity.org/accounts/Petaurista_philippensis/,Indian giant flying squirrel physical description,2026-09-02,high,direct_curation_from_source_description,"Phase 3C data-only expansion: only simple, user-observable characteristics explicitly supported by the cited source were encoded; variable or uncertain traits were left blank."
petaurista_philippensis,tail_shape,bushy,web_reference,Animal Diversity Web,https://animaldiversity.org/accounts/Petaurista_philippensis/,Indian giant flying squirrel physical description,2026-09-02,high,direct_curation_from_source_description,"Phase 3C data-only expansion: only simple, user-observable characteristics explicitly supported by the cited source were encoded; variable or uncertain traits were left blank."
petaurista_philippensis,gliding_membrane_visible,yes,web_reference,Animal Diversity Web,https://animaldiversity.org/accounts/Petaurista_philippensis/,Indian giant flying squirrel physical description,2026-09-02,high,direct_curation_from_source_description,"Phase 3C data-only expansion: only simple, user-observable characteristics explicitly supported by the cited source were encoded; variable or uncertain traits were left blank."
hylopetes_spadiceus,body_form,gliding_mammal_like,web_reference,Singapore NParks Flora & Fauna Web,https://www.nparks.gov.sg/florafaunaweb/fauna/0/7/07,Red-cheeked flying squirrel description and ecology,2026-09-02,high,direct_curation_from_source_description,"Phase 3C data-only expansion: only simple, user-observable characteristics explicitly supported by the cited source were encoded; variable or uncertain traits were left blank."
hylopetes_spadiceus,body_covering,fur_or_hair,web_reference,Singapore NParks Flora & Fauna Web,https://www.nparks.gov.sg/florafaunaweb/fauna/0/7/07,Red-cheeked flying squirrel description and ecology,2026-09-02,high,direct_curation_from_source_description,"Phase 3C data-only expansion: only simple, user-observable characteristics explicitly supported by the cited source were encoded; variable or uncertain traits were left blank."
hylopetes_spadiceus,movement_seen,gliding,web_reference,Singapore NParks Flora & Fauna Web,https://www.nparks.gov.sg/florafaunaweb/fauna/0/7/07,Red-cheeked flying squirrel description and ecology,2026-09-02,medium,direct_curation_from_source_description,"Phase 3C data-only expansion: only simple, user-observable characteristics explicitly supported by the cited source were encoded; variable or uncertain traits were left blank."
hylopetes_spadiceus,observation_place,tree_or_bush,web_reference,Singapore NParks Flora & Fauna Web,https://www.nparks.gov.sg/florafaunaweb/fauna/0/7/07,Red-cheeked flying squirrel description and ecology,2026-09-02,medium,direct_curation_from_source_description,"Phase 3C data-only expansion: only simple, user-observable characteristics explicitly supported by the cited source were encoded; variable or uncertain traits were left blank."
hylopetes_spadiceus,time_seen,night,web_reference,Singapore NParks Flora & Fauna Web,https://www.nparks.gov.sg/florafaunaweb/fauna/0/7/07,Red-cheeked flying squirrel description and ecology,2026-09-02,medium,direct_curation_from_source_description,"Phase 3C data-only expansion: only simple, user-observable characteristics explicitly supported by the cited source were encoded; variable or uncertain traits were left blank."
hylopetes_spadiceus,primary_color,dark_brown,web_reference,Singapore NParks Flora & Fauna Web,https://www.nparks.gov.sg/florafaunaweb/fauna/0/7/07,Red-cheeked flying squirrel description and ecology,2026-09-02,high,direct_curation_from_source_description,"Phase 3C data-only expansion: only simple, user-observable characteristics explicitly supported by the cited source were encoded; variable or uncertain traits were left blank."
hylopetes_spadiceus,body_pattern,patched,web_reference,Singapore NParks Flora & Fauna Web,https://www.nparks.gov.sg/florafaunaweb/fauna/0/7/07,Red-cheeked flying squirrel description and ecology,2026-09-02,high,direct_curation_from_source_description,"Phase 3C data-only expansion: only simple, user-observable characteristics explicitly supported by the cited source were encoded; variable or uncertain traits were left blank."
hylopetes_spadiceus,tail_shape,flattened,web_reference,Singapore NParks Flora & Fauna Web,https://www.nparks.gov.sg/florafaunaweb/fauna/0/7/07,Red-cheeked flying squirrel description and ecology,2026-09-02,high,direct_curation_from_source_description,"Phase 3C data-only expansion: only simple, user-observable characteristics explicitly supported by the cited source were encoded; variable or uncertain traits were left blank."
hylopetes_spadiceus,gliding_membrane_visible,yes,web_reference,Singapore NParks Flora & Fauna Web,https://www.nparks.gov.sg/florafaunaweb/fauna/0/7/07,Red-cheeked flying squirrel description and ecology,2026-09-02,high,direct_curation_from_source_description,"Phase 3C data-only expansion: only simple, user-observable characteristics explicitly supported by the cited source were encoded; variable or uncertain traits were left blank."
hylopetes_alboniger,body_form,gliding_mammal_like,web_reference,India Biodiversity Portal,https://indiabiodiversity.org/species/show/238545,Particolored flying squirrel description,2026-09-02,high,direct_curation_from_source_description,"Phase 3C data-only expansion: only simple, user-observable characteristics explicitly supported by the cited source were encoded; variable or uncertain traits were left blank."
hylopetes_alboniger,body_covering,fur_or_hair,web_reference,India Biodiversity Portal,https://indiabiodiversity.org/species/show/238545,Particolored flying squirrel description,2026-09-02,high,direct_curation_from_source_description,"Phase 3C data-only expansion: only simple, user-observable characteristics explicitly supported by the cited source were encoded; variable or uncertain traits were left blank."
hylopetes_alboniger,movement_seen,gliding,web_reference,India Biodiversity Portal,https://indiabiodiversity.org/species/show/238545,Particolored flying squirrel description,2026-09-02,medium,direct_curation_from_source_description,"Phase 3C data-only expansion: only simple, user-observable characteristics explicitly supported by the cited source were encoded; variable or uncertain traits were left blank."
hylopetes_alboniger,observation_place,tree_or_bush,web_reference,India Biodiversity Portal,https://indiabiodiversity.org/species/show/238545,Particolored flying squirrel description,2026-09-02,medium,direct_curation_from_source_description,"Phase 3C data-only expansion: only simple, user-observable characteristics explicitly supported by the cited source were encoded; variable or uncertain traits were left blank."
hylopetes_alboniger,primary_color,grey,web_reference,India Biodiversity Portal,https://indiabiodiversity.org/species/show/238545,Particolored flying squirrel description,2026-09-02,high,direct_curation_from_source_description,"Phase 3C data-only expansion: only simple, user-observable characteristics explicitly supported by the cited source were encoded; variable or uncertain traits were left blank."
hylopetes_alboniger,body_pattern,patched,web_reference,India Biodiversity Portal,https://indiabiodiversity.org/species/show/238545,Particolored flying squirrel description,2026-09-02,high,direct_curation_from_source_description,"Phase 3C data-only expansion: only simple, user-observable characteristics explicitly supported by the cited source were encoded; variable or uncertain traits were left blank."
hylopetes_alboniger,gliding_membrane_visible,yes,web_reference,India Biodiversity Portal,https://indiabiodiversity.org/species/show/238545,Particolored flying squirrel description,2026-09-02,high,direct_curation_from_source_description,"Phase 3C data-only expansion: only simple, user-observable characteristics explicitly supported by the cited source were encoded; variable or uncertain traits were left blank."
hylopetes_phayrei,body_form,gliding_mammal_like,web_reference,Natural History Society of Siam historical species description,https://thesiamsociety.org/wp-content/uploads/2020/03/NHBSS_003_2b_Kloss_OnAFourthCollection.pdf,Phayre flying squirrel external coloration description,2026-09-02,high,direct_curation_from_source_description,"Phase 3C data-only expansion: only simple, user-observable characteristics explicitly supported by the cited source were encoded; variable or uncertain traits were left blank."
hylopetes_phayrei,body_covering,fur_or_hair,web_reference,Natural History Society of Siam historical species description,https://thesiamsociety.org/wp-content/uploads/2020/03/NHBSS_003_2b_Kloss_OnAFourthCollection.pdf,Phayre flying squirrel external coloration description,2026-09-02,high,direct_curation_from_source_description,"Phase 3C data-only expansion: only simple, user-observable characteristics explicitly supported by the cited source were encoded; variable or uncertain traits were left blank."
hylopetes_phayrei,movement_seen,gliding,web_reference,Natural History Society of Siam historical species description,https://thesiamsociety.org/wp-content/uploads/2020/03/NHBSS_003_2b_Kloss_OnAFourthCollection.pdf,Phayre flying squirrel external coloration description,2026-09-02,medium,direct_curation_from_source_description,"Phase 3C data-only expansion: only simple, user-observable characteristics explicitly supported by the cited source were encoded; variable or uncertain traits were left blank."
hylopetes_phayrei,observation_place,tree_or_bush,web_reference,Natural History Society of Siam historical species description,https://thesiamsociety.org/wp-content/uploads/2020/03/NHBSS_003_2b_Kloss_OnAFourthCollection.pdf,Phayre flying squirrel external coloration description,2026-09-02,medium,direct_curation_from_source_description,"Phase 3C data-only expansion: only simple, user-observable characteristics explicitly supported by the cited source were encoded; variable or uncertain traits were left blank."
hylopetes_phayrei,primary_color,brown,web_reference,Natural History Society of Siam historical species description,https://thesiamsociety.org/wp-content/uploads/2020/03/NHBSS_003_2b_Kloss_OnAFourthCollection.pdf,Phayre flying squirrel external coloration description,2026-09-02,high,direct_curation_from_source_description,"Phase 3C data-only expansion: only simple, user-observable characteristics explicitly supported by the cited source were encoded; variable or uncertain traits were left blank."
hylopetes_phayrei,body_pattern,patched,web_reference,Natural History Society of Siam historical species description,https://thesiamsociety.org/wp-content/uploads/2020/03/NHBSS_003_2b_Kloss_OnAFourthCollection.pdf,Phayre flying squirrel external coloration description,2026-09-02,high,direct_curation_from_source_description,"Phase 3C data-only expansion: only simple, user-observable characteristics explicitly supported by the cited source were encoded; variable or uncertain traits were left blank."
hylopetes_phayrei,gliding_membrane_visible,yes,web_reference,Natural History Society of Siam historical species description,https://thesiamsociety.org/wp-content/uploads/2020/03/NHBSS_003_2b_Kloss_OnAFourthCollection.pdf,Phayre flying squirrel external coloration description,2026-09-02,high,direct_curation_from_source_description,"Phase 3C data-only expansion: only simple, user-observable characteristics explicitly supported by the cited source were encoded; variable or uncertain traits were left blank."
tamiops_mcclellandii,body_size_impression,mouse_or_smaller,web_reference,India Biodiversity Portal,https://indiabiodiversity.org/species/show/253965,Himalayan striped squirrel diagnostic description,2026-09-02,medium,direct_curation_from_source_description,"Phase 3C data-only expansion: only simple, user-observable characteristics explicitly supported by the cited source were encoded; variable or uncertain traits were left blank."
tamiops_mcclellandii,body_form,squirrel_like,web_reference,India Biodiversity Portal,https://indiabiodiversity.org/species/show/253965,Himalayan striped squirrel diagnostic description,2026-09-02,high,direct_curation_from_source_description,"Phase 3C data-only expansion: only simple, user-observable characteristics explicitly supported by the cited source were encoded; variable or uncertain traits were left blank."
tamiops_mcclellandii,body_covering,fur_or_hair,web_reference,India Biodiversity Portal,https://indiabiodiversity.org/species/show/253965,Himalayan striped squirrel diagnostic description,2026-09-02,high,direct_curation_from_source_description,"Phase 3C data-only expansion: only simple, user-observable characteristics explicitly supported by the cited source were encoded; variable or uncertain traits were left blank."
tamiops_mcclellandii,primary_color,brown,web_reference,India Biodiversity Portal,https://indiabiodiversity.org/species/show/253965,Himalayan striped squirrel diagnostic description,2026-09-02,high,direct_curation_from_source_description,"Phase 3C data-only expansion: only simple, user-observable characteristics explicitly supported by the cited source were encoded; variable or uncertain traits were left blank."
tamiops_mcclellandii,body_pattern,striped,web_reference,India Biodiversity Portal,https://indiabiodiversity.org/species/show/253965,Himalayan striped squirrel diagnostic description,2026-09-02,high,direct_curation_from_source_description,"Phase 3C data-only expansion: only simple, user-observable characteristics explicitly supported by the cited source were encoded; variable or uncertain traits were left blank."
tamiops_mcclellandii,tail_impression,long,web_reference,India Biodiversity Portal,https://indiabiodiversity.org/species/show/253965,Himalayan striped squirrel diagnostic description,2026-09-02,high,direct_curation_from_source_description,"Phase 3C data-only expansion: only simple, user-observable characteristics explicitly supported by the cited source were encoded; variable or uncertain traits were left blank."
tamiops_mcclellandii,rodent_tail_type,furry_not_bushy,web_reference,India Biodiversity Portal,https://indiabiodiversity.org/species/show/253965,Himalayan striped squirrel diagnostic description,2026-09-02,medium,direct_curation_from_source_description,"Phase 3C data-only expansion: only simple, user-observable characteristics explicitly supported by the cited source were encoded; variable or uncertain traits were left blank."
tamiops_swinhoei,body_size_impression,mouse_or_smaller,web_reference,Animal Diversity Web,https://animaldiversity.org/accounts/Tamiops_swinhoei/,Swinhoe striped squirrel physical description,2026-09-02,medium,direct_curation_from_source_description,"Phase 3C data-only expansion: only simple, user-observable characteristics explicitly supported by the cited source were encoded; variable or uncertain traits were left blank."
tamiops_swinhoei,body_form,squirrel_like,web_reference,Animal Diversity Web,https://animaldiversity.org/accounts/Tamiops_swinhoei/,Swinhoe striped squirrel physical description,2026-09-02,high,direct_curation_from_source_description,"Phase 3C data-only expansion: only simple, user-observable characteristics explicitly supported by the cited source were encoded; variable or uncertain traits were left blank."
tamiops_swinhoei,body_covering,fur_or_hair,web_reference,Animal Diversity Web,https://animaldiversity.org/accounts/Tamiops_swinhoei/,Swinhoe striped squirrel physical description,2026-09-02,high,direct_curation_from_source_description,"Phase 3C data-only expansion: only simple, user-observable characteristics explicitly supported by the cited source were encoded; variable or uncertain traits were left blank."
tamiops_swinhoei,primary_color,brown,web_reference,Animal Diversity Web,https://animaldiversity.org/accounts/Tamiops_swinhoei/,Swinhoe striped squirrel physical description,2026-09-02,high,direct_curation_from_source_description,"Phase 3C data-only expansion: only simple, user-observable characteristics explicitly supported by the cited source were encoded; variable or uncertain traits were left blank."
tamiops_swinhoei,body_pattern,striped,web_reference,Animal Diversity Web,https://animaldiversity.org/accounts/Tamiops_swinhoei/,Swinhoe striped squirrel physical description,2026-09-02,high,direct_curation_from_source_description,"Phase 3C data-only expansion: only simple, user-observable characteristics explicitly supported by the cited source were encoded; variable or uncertain traits were left blank."
tamiops_swinhoei,observation_place,tree_or_bush,web_reference,Animal Diversity Web,https://animaldiversity.org/accounts/Tamiops_swinhoei/,Swinhoe striped squirrel physical description,2026-09-02,medium,direct_curation_from_source_description,"Phase 3C data-only expansion: only simple, user-observable characteristics explicitly supported by the cited source were encoded; variable or uncertain traits were left blank."
dremomys_rufigenis,body_form,squirrel_like,web_reference,Animal Diversity Web,https://animaldiversity.org/accounts/Dremomys_rufigenis/,Asian red-cheeked squirrel physical description,2026-09-02,high,direct_curation_from_source_description,"Phase 3C data-only expansion: only simple, user-observable characteristics explicitly supported by the cited source were encoded; variable or uncertain traits were left blank."
dremomys_rufigenis,body_covering,fur_or_hair,web_reference,Animal Diversity Web,https://animaldiversity.org/accounts/Dremomys_rufigenis/,Asian red-cheeked squirrel physical description,2026-09-02,high,direct_curation_from_source_description,"Phase 3C data-only expansion: only simple, user-observable characteristics explicitly supported by the cited source were encoded; variable or uncertain traits were left blank."
dremomys_rufigenis,primary_color,grey,web_reference,Animal Diversity Web,https://animaldiversity.org/accounts/Dremomys_rufigenis/,Asian red-cheeked squirrel physical description,2026-09-02,high,direct_curation_from_source_description,"Phase 3C data-only expansion: only simple, user-observable characteristics explicitly supported by the cited source were encoded; variable or uncertain traits were left blank."
dremomys_pernyi,body_form,squirrel_like,web_reference,National Museum of Natural Science,https://www.nmns.edu.tw/en/our-research/featured/Collection-E00303/,Perny long-nosed squirrel description and behavior,2026-09-02,high,direct_curation_from_source_description,"Phase 3C data-only expansion: only simple, user-observable characteristics explicitly supported by the cited source were encoded; variable or uncertain traits were left blank."
dremomys_pernyi,body_covering,fur_or_hair,web_reference,National Museum of Natural Science,https://www.nmns.edu.tw/en/our-research/featured/Collection-E00303/,Perny long-nosed squirrel description and behavior,2026-09-02,high,direct_curation_from_source_description,"Phase 3C data-only expansion: only simple, user-observable characteristics explicitly supported by the cited source were encoded; variable or uncertain traits were left blank."
dremomys_pernyi,movement_seen,walking_or_running,web_reference,National Museum of Natural Science,https://www.nmns.edu.tw/en/our-research/featured/Collection-E00303/,Perny long-nosed squirrel description and behavior,2026-09-02,medium,direct_curation_from_source_description,"Phase 3C data-only expansion: only simple, user-observable characteristics explicitly supported by the cited source were encoded; variable or uncertain traits were left blank."
dremomys_pernyi,observation_place,ground,web_reference,National Museum of Natural Science,https://www.nmns.edu.tw/en/our-research/featured/Collection-E00303/,Perny long-nosed squirrel description and behavior,2026-09-02,medium,direct_curation_from_source_description,"Phase 3C data-only expansion: only simple, user-observable characteristics explicitly supported by the cited source were encoded; variable or uncertain traits were left blank."
dremomys_pernyi,time_seen,day,web_reference,National Museum of Natural Science,https://www.nmns.edu.tw/en/our-research/featured/Collection-E00303/,Perny long-nosed squirrel description and behavior,2026-09-02,medium,direct_curation_from_source_description,"Phase 3C data-only expansion: only simple, user-observable characteristics explicitly supported by the cited source were encoded; variable or uncertain traits were left blank."
dremomys_pernyi,primary_color,grey,web_reference,National Museum of Natural Science,https://www.nmns.edu.tw/en/our-research/featured/Collection-E00303/,Perny long-nosed squirrel description and behavior,2026-09-02,high,direct_curation_from_source_description,"Phase 3C data-only expansion: only simple, user-observable characteristics explicitly supported by the cited source were encoded; variable or uncertain traits were left blank."
dremomys_pernyi,tail_shape,bushy,web_reference,National Museum of Natural Science,https://www.nmns.edu.tw/en/our-research/featured/Collection-E00303/,Perny long-nosed squirrel description and behavior,2026-09-02,high,direct_curation_from_source_description,"Phase 3C data-only expansion: only simple, user-observable characteristics explicitly supported by the cited source were encoded; variable or uncertain traits were left blank."
dremomys_pernyi,snout_shape_simple,long_pointed,web_reference,National Museum of Natural Science,https://www.nmns.edu.tw/en/our-research/featured/Collection-E00303/,Perny long-nosed squirrel description and behavior,2026-09-02,high,direct_curation_from_source_description,"Phase 3C data-only expansion: only simple, user-observable characteristics explicitly supported by the cited source were encoded; variable or uncertain traits were left blank."
callosciurus_pygerythrus,body_form,squirrel_like,web_reference,India Biodiversity Portal,https://indiabiodiversity.org/species/show/238527,Irrawaddy squirrel overview,2026-09-02,high,direct_curation_from_source_description,"Phase 3C data-only expansion: only simple, user-observable characteristics explicitly supported by the cited source were encoded; variable or uncertain traits were left blank."
callosciurus_pygerythrus,body_covering,fur_or_hair,web_reference,India Biodiversity Portal,https://indiabiodiversity.org/species/show/238527,Irrawaddy squirrel overview,2026-09-02,high,direct_curation_from_source_description,"Phase 3C data-only expansion: only simple, user-observable characteristics explicitly supported by the cited source were encoded; variable or uncertain traits were left blank."
callosciurus_pygerythrus,primary_color,brown,web_reference,India Biodiversity Portal,https://indiabiodiversity.org/species/show/238527,Irrawaddy squirrel overview,2026-09-02,high,direct_curation_from_source_description,"Phase 3C data-only expansion: only simple, user-observable characteristics explicitly supported by the cited source were encoded; variable or uncertain traits were left blank."
callosciurus_pygerythrus,tail_impression,long,web_reference,India Biodiversity Portal,https://indiabiodiversity.org/species/show/238527,Irrawaddy squirrel overview,2026-09-02,high,direct_curation_from_source_description,"Phase 3C data-only expansion: only simple, user-observable characteristics explicitly supported by the cited source were encoded; variable or uncertain traits were left blank."
callosciurus_pygerythrus,tail_shape,bushy,web_reference,India Biodiversity Portal,https://indiabiodiversity.org/species/show/238527,Irrawaddy squirrel overview,2026-09-02,high,direct_curation_from_source_description,"Phase 3C data-only expansion: only simple, user-observable characteristics explicitly supported by the cited source were encoded; variable or uncertain traits were left blank."
callosciurus_finlaysonii,body_form,squirrel_like,web_reference,Animal Diversity Web,https://animaldiversity.org/accounts/Callosciurus_finlaysonii/,Finlayson squirrel physical description,2026-09-02,high,direct_curation_from_source_description,"Phase 3C data-only expansion: only simple, user-observable characteristics explicitly supported by the cited source were encoded; variable or uncertain traits were left blank."
callosciurus_finlaysonii,body_covering,fur_or_hair,web_reference,Animal Diversity Web,https://animaldiversity.org/accounts/Callosciurus_finlaysonii/,Finlayson squirrel physical description,2026-09-02,high,direct_curation_from_source_description,"Phase 3C data-only expansion: only simple, user-observable characteristics explicitly supported by the cited source were encoded; variable or uncertain traits were left blank."
callosciurus_finlaysonii,primary_color,mixed,web_reference,Animal Diversity Web,https://animaldiversity.org/accounts/Callosciurus_finlaysonii/,Finlayson squirrel physical description,2026-09-02,high,direct_curation_from_source_description,"Phase 3C data-only expansion: only simple, user-observable characteristics explicitly supported by the cited source were encoded; variable or uncertain traits were left blank."
callosciurus_finlaysonii,tail_impression,long,web_reference,Animal Diversity Web,https://animaldiversity.org/accounts/Callosciurus_finlaysonii/,Finlayson squirrel physical description,2026-09-02,high,direct_curation_from_source_description,"Phase 3C data-only expansion: only simple, user-observable characteristics explicitly supported by the cited source were encoded; variable or uncertain traits were left blank."
callosciurus_finlaysonii,tail_shape,bushy,web_reference,Animal Diversity Web,https://animaldiversity.org/accounts/Callosciurus_finlaysonii/,Finlayson squirrel physical description,2026-09-02,high,direct_curation_from_source_description,"Phase 3C data-only expansion: only simple, user-observable characteristics explicitly supported by the cited source were encoded; variable or uncertain traits were left blank."
cannomys_badius,body_size_impression,rabbit_or_cat_sized,web_reference,Animal Diversity Web,https://animaldiversity.org/accounts/Cannomys_badius/,Lesser bamboo rat physical description,2026-09-02,medium,direct_curation_from_source_description,"Phase 3C data-only expansion: only simple, user-observable characteristics explicitly supported by the cited source were encoded; variable or uncertain traits were left blank."
cannomys_badius,body_form,mouse_rat_like,web_reference,Animal Diversity Web,https://animaldiversity.org/accounts/Cannomys_badius/,Lesser bamboo rat physical description,2026-09-02,high,direct_curation_from_source_description,"Phase 3C data-only expansion: only simple, user-observable characteristics explicitly supported by the cited source were encoded; variable or uncertain traits were left blank."
cannomys_badius,body_covering,fur_or_hair,web_reference,Animal Diversity Web,https://animaldiversity.org/accounts/Cannomys_badius/,Lesser bamboo rat physical description,2026-09-02,high,direct_curation_from_source_description,"Phase 3C data-only expansion: only simple, user-observable characteristics explicitly supported by the cited source were encoded; variable or uncertain traits were left blank."
cannomys_badius,movement_seen,digging_or_burrowing,web_reference,Animal Diversity Web,https://animaldiversity.org/accounts/Cannomys_badius/,Lesser bamboo rat physical description,2026-09-02,medium,direct_curation_from_source_description,"Phase 3C data-only expansion: only simple, user-observable characteristics explicitly supported by the cited source were encoded; variable or uncertain traits were left blank."
cannomys_badius,observation_place,ground,web_reference,Animal Diversity Web,https://animaldiversity.org/accounts/Cannomys_badius/,Lesser bamboo rat physical description,2026-09-02,medium,direct_curation_from_source_description,"Phase 3C data-only expansion: only simple, user-observable characteristics explicitly supported by the cited source were encoded; variable or uncertain traits were left blank."
cannomys_badius,primary_color,brown,web_reference,Animal Diversity Web,https://animaldiversity.org/accounts/Cannomys_badius/,Lesser bamboo rat physical description,2026-09-02,high,direct_curation_from_source_description,"Phase 3C data-only expansion: only simple, user-observable characteristics explicitly supported by the cited source were encoded; variable or uncertain traits were left blank."
cannomys_badius,tail_impression,short,web_reference,Animal Diversity Web,https://animaldiversity.org/accounts/Cannomys_badius/,Lesser bamboo rat physical description,2026-09-02,high,direct_curation_from_source_description,"Phase 3C data-only expansion: only simple, user-observable characteristics explicitly supported by the cited source were encoded; variable or uncertain traits were left blank."
cannomys_badius,ear_size_impression,small,web_reference,Animal Diversity Web,https://animaldiversity.org/accounts/Cannomys_badius/,Lesser bamboo rat physical description,2026-09-02,high,direct_curation_from_source_description,"Phase 3C data-only expansion: only simple, user-observable characteristics explicitly supported by the cited source were encoded; variable or uncertain traits were left blank."
cannomys_badius,leg_foot_appearance,broad_digging_feet,web_reference,Animal Diversity Web,https://animaldiversity.org/accounts/Cannomys_badius/,Lesser bamboo rat physical description,2026-09-02,high,direct_curation_from_source_description,"Phase 3C data-only expansion: only simple, user-observable characteristics explicitly supported by the cited source were encoded; variable or uncertain traits were left blank."
cannomys_badius,rodent_tail_type,mostly_bare_or_scaly,web_reference,Animal Diversity Web,https://animaldiversity.org/accounts/Cannomys_badius/,Lesser bamboo rat physical description,2026-09-02,medium,direct_curation_from_source_description,"Phase 3C data-only expansion: only simple, user-observable characteristics explicitly supported by the cited source were encoded; variable or uncertain traits were left blank."
rhizomys_pruinosus,body_size_impression,rabbit_or_cat_sized,web_reference,Handbook treatment via Zenodo,https://zenodo.org/doi/10.5281/zenodo.6608864,Hoary bamboo rat descriptive notes,2026-09-02,medium,direct_curation_from_source_description,"Phase 3C data-only expansion: only simple, user-observable characteristics explicitly supported by the cited source were encoded; variable or uncertain traits were left blank."
rhizomys_pruinosus,body_form,mouse_rat_like,web_reference,Handbook treatment via Zenodo,https://zenodo.org/doi/10.5281/zenodo.6608864,Hoary bamboo rat descriptive notes,2026-09-02,high,direct_curation_from_source_description,"Phase 3C data-only expansion: only simple, user-observable characteristics explicitly supported by the cited source were encoded; variable or uncertain traits were left blank."
rhizomys_pruinosus,body_covering,fur_or_hair,web_reference,Handbook treatment via Zenodo,https://zenodo.org/doi/10.5281/zenodo.6608864,Hoary bamboo rat descriptive notes,2026-09-02,high,direct_curation_from_source_description,"Phase 3C data-only expansion: only simple, user-observable characteristics explicitly supported by the cited source were encoded; variable or uncertain traits were left blank."
rhizomys_pruinosus,primary_color,brown,web_reference,Handbook treatment via Zenodo,https://zenodo.org/doi/10.5281/zenodo.6608864,Hoary bamboo rat descriptive notes,2026-09-02,high,direct_curation_from_source_description,"Phase 3C data-only expansion: only simple, user-observable characteristics explicitly supported by the cited source were encoded; variable or uncertain traits were left blank."
rhizomys_pruinosus,body_pattern,mixed,web_reference,Handbook treatment via Zenodo,https://zenodo.org/doi/10.5281/zenodo.6608864,Hoary bamboo rat descriptive notes,2026-09-02,high,direct_curation_from_source_description,"Phase 3C data-only expansion: only simple, user-observable characteristics explicitly supported by the cited source were encoded; variable or uncertain traits were left blank."
rhizomys_pruinosus,tail_impression,short,web_reference,Handbook treatment via Zenodo,https://zenodo.org/doi/10.5281/zenodo.6608864,Hoary bamboo rat descriptive notes,2026-09-02,high,direct_curation_from_source_description,"Phase 3C data-only expansion: only simple, user-observable characteristics explicitly supported by the cited source were encoded; variable or uncertain traits were left blank."
rhizomys_pruinosus,rodent_tail_type,mostly_bare_or_scaly,web_reference,Handbook treatment via Zenodo,https://zenodo.org/doi/10.5281/zenodo.6608864,Hoary bamboo rat descriptive notes,2026-09-02,medium,direct_curation_from_source_description,"Phase 3C data-only expansion: only simple, user-observable characteristics explicitly supported by the cited source were encoded; variable or uncertain traits were left blank."
rhizomys_sinensis,body_size_impression,rabbit_or_cat_sized,web_reference,Hebei Normal University specimen museum,https://bhm.hevttc.edu.cn/info/1194/2532.htm,Chinese bamboo rat specimen description,2026-09-02,medium,direct_curation_from_source_description,"Phase 3C data-only expansion: only simple, user-observable characteristics explicitly supported by the cited source were encoded; variable or uncertain traits were left blank."
rhizomys_sinensis,body_form,mouse_rat_like,web_reference,Hebei Normal University specimen museum,https://bhm.hevttc.edu.cn/info/1194/2532.htm,Chinese bamboo rat specimen description,2026-09-02,high,direct_curation_from_source_description,"Phase 3C data-only expansion: only simple, user-observable characteristics explicitly supported by the cited source were encoded; variable or uncertain traits were left blank."
rhizomys_sinensis,body_covering,fur_or_hair,web_reference,Hebei Normal University specimen museum,https://bhm.hevttc.edu.cn/info/1194/2532.htm,Chinese bamboo rat specimen description,2026-09-02,high,direct_curation_from_source_description,"Phase 3C data-only expansion: only simple, user-observable characteristics explicitly supported by the cited source were encoded; variable or uncertain traits were left blank."
rhizomys_sinensis,primary_color,grey,web_reference,Hebei Normal University specimen museum,https://bhm.hevttc.edu.cn/info/1194/2532.htm,Chinese bamboo rat specimen description,2026-09-02,high,direct_curation_from_source_description,"Phase 3C data-only expansion: only simple, user-observable characteristics explicitly supported by the cited source were encoded; variable or uncertain traits were left blank."
rhizomys_sinensis,tail_impression,short,web_reference,Hebei Normal University specimen museum,https://bhm.hevttc.edu.cn/info/1194/2532.htm,Chinese bamboo rat specimen description,2026-09-02,high,direct_curation_from_source_description,"Phase 3C data-only expansion: only simple, user-observable characteristics explicitly supported by the cited source were encoded; variable or uncertain traits were left blank."
rhizomys_sinensis,ear_size_impression,not_obvious,web_reference,Hebei Normal University specimen museum,https://bhm.hevttc.edu.cn/info/1194/2532.htm,Chinese bamboo rat specimen description,2026-09-02,high,direct_curation_from_source_description,"Phase 3C data-only expansion: only simple, user-observable characteristics explicitly supported by the cited source were encoded; variable or uncertain traits were left blank."
rhizomys_sinensis,leg_foot_appearance,broad_digging_feet,web_reference,Hebei Normal University specimen museum,https://bhm.hevttc.edu.cn/info/1194/2532.htm,Chinese bamboo rat specimen description,2026-09-02,high,direct_curation_from_source_description,"Phase 3C data-only expansion: only simple, user-observable characteristics explicitly supported by the cited source were encoded; variable or uncertain traits were left blank."
rhizomys_sinensis,rodent_tail_type,mostly_bare_or_scaly,web_reference,Hebei Normal University specimen museum,https://bhm.hevttc.edu.cn/info/1194/2532.htm,Chinese bamboo rat specimen description,2026-09-02,medium,direct_curation_from_source_description,"Phase 3C data-only expansion: only simple, user-observable characteristics explicitly supported by the cited source were encoded; variable or uncertain traits were left blank."
anourosorex_squamipes,body_size_impression,mouse_or_smaller,web_reference,Animal Diversity Web,https://animaldiversity.org/accounts/Anourosorex_squamipes/,Chinese mole shrew physical description and behavior,2026-09-02,medium,direct_curation_from_source_description,"Phase 3C data-only expansion: only simple, user-observable characteristics explicitly supported by the cited source were encoded; variable or uncertain traits were left blank."
anourosorex_squamipes,body_form,shrew_mole_like,web_reference,Animal Diversity Web,https://animaldiversity.org/accounts/Anourosorex_squamipes/,Chinese mole shrew physical description and behavior,2026-09-02,high,direct_curation_from_source_description,"Phase 3C data-only expansion: only simple, user-observable characteristics explicitly supported by the cited source were encoded; variable or uncertain traits were left blank."
anourosorex_squamipes,body_covering,fur_or_hair,web_reference,Animal Diversity Web,https://animaldiversity.org/accounts/Anourosorex_squamipes/,Chinese mole shrew physical description and behavior,2026-09-02,high,direct_curation_from_source_description,"Phase 3C data-only expansion: only simple, user-observable characteristics explicitly supported by the cited source were encoded; variable or uncertain traits were left blank."
anourosorex_squamipes,movement_seen,digging_or_burrowing,web_reference,Animal Diversity Web,https://animaldiversity.org/accounts/Anourosorex_squamipes/,Chinese mole shrew physical description and behavior,2026-09-02,medium,direct_curation_from_source_description,"Phase 3C data-only expansion: only simple, user-observable characteristics explicitly supported by the cited source were encoded; variable or uncertain traits were left blank."
anourosorex_squamipes,observation_place,ground,web_reference,Animal Diversity Web,https://animaldiversity.org/accounts/Anourosorex_squamipes/,Chinese mole shrew physical description and behavior,2026-09-02,medium,direct_curation_from_source_description,"Phase 3C data-only expansion: only simple, user-observable characteristics explicitly supported by the cited source were encoded; variable or uncertain traits were left blank."
anourosorex_squamipes,primary_color,grey,web_reference,Animal Diversity Web,https://animaldiversity.org/accounts/Anourosorex_squamipes/,Chinese mole shrew physical description and behavior,2026-09-02,high,direct_curation_from_source_description,"Phase 3C data-only expansion: only simple, user-observable characteristics explicitly supported by the cited source were encoded; variable or uncertain traits were left blank."
anourosorex_squamipes,tail_impression,short,web_reference,Animal Diversity Web,https://animaldiversity.org/accounts/Anourosorex_squamipes/,Chinese mole shrew physical description and behavior,2026-09-02,high,direct_curation_from_source_description,"Phase 3C data-only expansion: only simple, user-observable characteristics explicitly supported by the cited source were encoded; variable or uncertain traits were left blank."
anourosorex_squamipes,ear_size_impression,not_obvious,web_reference,Animal Diversity Web,https://animaldiversity.org/accounts/Anourosorex_squamipes/,Chinese mole shrew physical description and behavior,2026-09-02,high,direct_curation_from_source_description,"Phase 3C data-only expansion: only simple, user-observable characteristics explicitly supported by the cited source were encoded; variable or uncertain traits were left blank."
anourosorex_squamipes,snout_shape_simple,long_pointed,web_reference,Animal Diversity Web,https://animaldiversity.org/accounts/Anourosorex_squamipes/,Chinese mole shrew physical description and behavior,2026-09-02,high,direct_curation_from_source_description,"Phase 3C data-only expansion: only simple, user-observable characteristics explicitly supported by the cited source were encoded; variable or uncertain traits were left blank."
anourosorex_squamipes,leg_foot_appearance,broad_digging_feet,web_reference,Animal Diversity Web,https://animaldiversity.org/accounts/Anourosorex_squamipes/,Chinese mole shrew physical description and behavior,2026-09-02,high,direct_curation_from_source_description,"Phase 3C data-only expansion: only simple, user-observable characteristics explicitly supported by the cited source were encoded; variable or uncertain traits were left blank."
suncus_etruscus,body_size_impression,mouse_or_smaller,web_reference,Animal Diversity Web,https://animaldiversity.org/accounts/Suncus_etruscus/,Etruscan shrew physical description,2026-09-02,medium,direct_curation_from_source_description,"Phase 3C data-only expansion: only simple, user-observable characteristics explicitly supported by the cited source were encoded; variable or uncertain traits were left blank."
suncus_etruscus,body_form,shrew_mole_like,web_reference,Animal Diversity Web,https://animaldiversity.org/accounts/Suncus_etruscus/,Etruscan shrew physical description,2026-09-02,high,direct_curation_from_source_description,"Phase 3C data-only expansion: only simple, user-observable characteristics explicitly supported by the cited source were encoded; variable or uncertain traits were left blank."
suncus_etruscus,body_covering,fur_or_hair,web_reference,Animal Diversity Web,https://animaldiversity.org/accounts/Suncus_etruscus/,Etruscan shrew physical description,2026-09-02,high,direct_curation_from_source_description,"Phase 3C data-only expansion: only simple, user-observable characteristics explicitly supported by the cited source were encoded; variable or uncertain traits were left blank."
suncus_etruscus,observation_place,ground,web_reference,Animal Diversity Web,https://animaldiversity.org/accounts/Suncus_etruscus/,Etruscan shrew physical description,2026-09-02,medium,direct_curation_from_source_description,"Phase 3C data-only expansion: only simple, user-observable characteristics explicitly supported by the cited source were encoded; variable or uncertain traits were left blank."
suncus_etruscus,primary_color,grey,web_reference,Animal Diversity Web,https://animaldiversity.org/accounts/Suncus_etruscus/,Etruscan shrew physical description,2026-09-02,high,direct_curation_from_source_description,"Phase 3C data-only expansion: only simple, user-observable characteristics explicitly supported by the cited source were encoded; variable or uncertain traits were left blank."
neotetracus_sinensis,body_size_impression,mouse_or_smaller,web_reference,IUCN action-plan description summarized in species account,https://en.wikipedia.org/wiki/Shrew_gymnure,Shrew gymnure external description and behavior citing IUCN action plan,2026-09-02,medium,direct_curation_from_source_description,"Phase 3C data-only expansion: only simple, user-observable characteristics explicitly supported by the cited source were encoded; variable or uncertain traits were left blank."
neotetracus_sinensis,body_form,shrew_mole_like,web_reference,IUCN action-plan description summarized in species account,https://en.wikipedia.org/wiki/Shrew_gymnure,Shrew gymnure external description and behavior citing IUCN action plan,2026-09-02,high,direct_curation_from_source_description,"Phase 3C data-only expansion: only simple, user-observable characteristics explicitly supported by the cited source were encoded; variable or uncertain traits were left blank."
neotetracus_sinensis,body_covering,fur_or_hair,web_reference,IUCN action-plan description summarized in species account,https://en.wikipedia.org/wiki/Shrew_gymnure,Shrew gymnure external description and behavior citing IUCN action plan,2026-09-02,high,direct_curation_from_source_description,"Phase 3C data-only expansion: only simple, user-observable characteristics explicitly supported by the cited source were encoded; variable or uncertain traits were left blank."
neotetracus_sinensis,observation_place,ground,web_reference,IUCN action-plan description summarized in species account,https://en.wikipedia.org/wiki/Shrew_gymnure,Shrew gymnure external description and behavior citing IUCN action plan,2026-09-02,medium,direct_curation_from_source_description,"Phase 3C data-only expansion: only simple, user-observable characteristics explicitly supported by the cited source were encoded; variable or uncertain traits were left blank."
neotetracus_sinensis,time_seen,night,web_reference,IUCN action-plan description summarized in species account,https://en.wikipedia.org/wiki/Shrew_gymnure,Shrew gymnure external description and behavior citing IUCN action plan,2026-09-02,medium,direct_curation_from_source_description,"Phase 3C data-only expansion: only simple, user-observable characteristics explicitly supported by the cited source were encoded; variable or uncertain traits were left blank."
neotetracus_sinensis,primary_color,brown,web_reference,IUCN action-plan description summarized in species account,https://en.wikipedia.org/wiki/Shrew_gymnure,Shrew gymnure external description and behavior citing IUCN action plan,2026-09-02,high,direct_curation_from_source_description,"Phase 3C data-only expansion: only simple, user-observable characteristics explicitly supported by the cited source were encoded; variable or uncertain traits were left blank."
neotetracus_sinensis,tail_impression,long,web_reference,IUCN action-plan description summarized in species account,https://en.wikipedia.org/wiki/Shrew_gymnure,Shrew gymnure external description and behavior citing IUCN action plan,2026-09-02,high,direct_curation_from_source_description,"Phase 3C data-only expansion: only simple, user-observable characteristics explicitly supported by the cited source were encoded; variable or uncertain traits were left blank."
ochotona_forresti,body_size_impression,rabbit_or_cat_sized,web_reference,IUCN-backed species account,https://en.wikipedia.org/wiki/Forrest%27s_pika,Forrest pika external description,2026-09-02,medium,direct_curation_from_source_description,"Phase 3C data-only expansion: only simple, user-observable characteristics explicitly supported by the cited source were encoded; variable or uncertain traits were left blank."
ochotona_forresti,body_form,rabbit_hare_like,web_reference,IUCN-backed species account,https://en.wikipedia.org/wiki/Forrest%27s_pika,Forrest pika external description,2026-09-02,high,direct_curation_from_source_description,"Phase 3C data-only expansion: only simple, user-observable characteristics explicitly supported by the cited source were encoded; variable or uncertain traits were left blank."
ochotona_forresti,body_covering,fur_or_hair,web_reference,IUCN-backed species account,https://en.wikipedia.org/wiki/Forrest%27s_pika,Forrest pika external description,2026-09-02,high,direct_curation_from_source_description,"Phase 3C data-only expansion: only simple, user-observable characteristics explicitly supported by the cited source were encoded; variable or uncertain traits were left blank."
ochotona_forresti,observation_place,ground,web_reference,IUCN-backed species account,https://en.wikipedia.org/wiki/Forrest%27s_pika,Forrest pika external description,2026-09-02,medium,direct_curation_from_source_description,"Phase 3C data-only expansion: only simple, user-observable characteristics explicitly supported by the cited source were encoded; variable or uncertain traits were left blank."
ochotona_forresti,primary_color,dark_brown,web_reference,IUCN-backed species account,https://en.wikipedia.org/wiki/Forrest%27s_pika,Forrest pika external description,2026-09-02,high,direct_curation_from_source_description,"Phase 3C data-only expansion: only simple, user-observable characteristics explicitly supported by the cited source were encoded; variable or uncertain traits were left blank."
lepus_comus,body_size_impression,rabbit_or_cat_sized,web_reference,IUCN-backed species account,https://en.wikipedia.org/wiki/Yunnan_hare,Yunnan hare external description,2026-09-02,medium,direct_curation_from_source_description,"Phase 3C data-only expansion: only simple, user-observable characteristics explicitly supported by the cited source were encoded; variable or uncertain traits were left blank."
lepus_comus,body_form,rabbit_hare_like,web_reference,IUCN-backed species account,https://en.wikipedia.org/wiki/Yunnan_hare,Yunnan hare external description,2026-09-02,high,direct_curation_from_source_description,"Phase 3C data-only expansion: only simple, user-observable characteristics explicitly supported by the cited source were encoded; variable or uncertain traits were left blank."
lepus_comus,body_covering,fur_or_hair,web_reference,IUCN-backed species account,https://en.wikipedia.org/wiki/Yunnan_hare,Yunnan hare external description,2026-09-02,high,direct_curation_from_source_description,"Phase 3C data-only expansion: only simple, user-observable characteristics explicitly supported by the cited source were encoded; variable or uncertain traits were left blank."
lepus_comus,observation_place,ground,web_reference,IUCN-backed species account,https://en.wikipedia.org/wiki/Yunnan_hare,Yunnan hare external description,2026-09-02,medium,direct_curation_from_source_description,"Phase 3C data-only expansion: only simple, user-observable characteristics explicitly supported by the cited source were encoded; variable or uncertain traits were left blank."
lepus_comus,primary_color,grey,web_reference,IUCN-backed species account,https://en.wikipedia.org/wiki/Yunnan_hare,Yunnan hare external description,2026-09-02,high,direct_curation_from_source_description,"Phase 3C data-only expansion: only simple, user-observable characteristics explicitly supported by the cited source were encoded; variable or uncertain traits were left blank."
megaerops_niphanae,bat_tail_visibility,tail_within_membrane,web_reference,Journal of Threatened Taxa,https://www.threatenedtaxa.org/JoTT/article/download/5264/6686?inline=1,Ratanaworabhan's Fruit Bat external description,2026-09-02,high,direct_curation_from_source_description,Source states the very short tail is entirely enclosed within the interfemoral membrane.
megaerops_niphanae,snout_shape_simple,short_blunt,web_reference,Journal of Threatened Taxa,https://www.threatenedtaxa.org/JoTT/article/download/5264/6686?inline=1,Ratanaworabhan's Fruit Bat external description,2026-09-02,high,direct_curation_from_source_description,Short and broad muzzle mapped conservatively to short_blunt.
sphaerias_blanfordi,primary_color,dark_brown,web_reference,Bats of Vietnam and adjacent territories,https://www.researchgate.net/publication/263009180_Bats_of_Vietnam_and_adjacent_territories_An_identification_manual,Sphaerias blanfordi identification description,2026-09-02,high,direct_curation_from_source_description,Dense dark brownish-gray pelage; mapped to dark_brown in the coarse palette.
sphaerias_blanfordi,ear_shape_simple,rounded,web_reference,First record of Sphaerias blanfordi from Lao PDR,https://www.researchgate.net/publication/323868485_First_record_of_Sphaerias_blanfordi_Chiroptera_Pteropodidae_from_Lao_PDR,External characters of Sphaerias blanfordi,2026-09-02,high,direct_curation_from_source_description,Relatively long oval ears with rounded tip mapped to rounded.
sphaerias_blanfordi,snout_shape_simple,short_blunt,web_reference,Bats of Vietnam and adjacent territories,https://www.researchgate.net/publication/263009180_Bats_of_Vietnam_and_adjacent_territories_An_identification_manual,Sphaerias blanfordi identification description,2026-09-02,high,direct_curation_from_source_description,Short muzzle mapped conservatively to short_blunt.
megaderma_spasma,ear_size_impression,very_large,web_reference,Zoological Research,https://zoores.ac.cn/article/doi/10.3724/SP.J.1141.2010.03336,Megaderma spasma external description,2026-09-02,high,direct_curation_from_source_description,Source explicitly describes very large joined ears.
megaderma_spasma,bat_nose_shape,leaf_like,web_reference,Zoological Research,https://zoores.ac.cn/article/doi/10.3724/SP.J.1141.2010.03336,Megaderma spasma external description,2026-09-02,high,direct_curation_from_source_description,Prominent noseleaf mapped to leaf_like.
lyroderma_lyra,primary_color,grey,web_reference,Handbook of the Mammals of the World treatment via Zenodo,https://zenodo.org/records/5734380,Lyroderma lyra descriptive notes,2026-09-02,high,direct_curation_from_source_description,Blue-gray overall fur mapped to grey.
lyroderma_lyra,ear_size_impression,very_large,web_reference,Handbook of the Mammals of the World treatment via Zenodo,https://zenodo.org/records/5734380,Lyroderma lyra descriptive notes,2026-09-02,high,direct_curation_from_source_description,Long oval ears joined over forehead mapped to very_large.
dremomys_rufigenis,tail_impression,short,web_reference,Fauna of India,https://faunaofindia.nic.in/PDFVolumes/spb/035/index.pdf,Red-cheeked squirrel external description,2026-09-02,high,direct_curation_from_source_description,Tail is short relative to body.
dremomys_rufigenis,tail_shape,thick,web_reference,Field photograph description linked to iNaturalist,https://www.flickr.com/photos/65586506@N04/50121485553,Red-cheeked squirrel field identification description,2026-09-02,high,direct_curation_from_source_description,"External description identifies a short, thick tail."
dremomys_rufigenis,snout_shape_simple,long_pointed,web_reference,Field photograph description linked to iNaturalist,https://www.flickr.com/photos/65586506@N04/50121485553,Red-cheeked squirrel field identification description,2026-09-02,high,direct_curation_from_source_description,External description notes a pointed snout.
viverra_megaspila,body_form,long_body_short_legs,web_reference,Thailand Biodiversity Information Facility,https://thbif.onep.go.th/taxons/detail/42649,Viverra megaspila morphology,2026-09-02,high,direct_curation_from_source_description,Civet-like elongated trunk mapped to long_body_short_legs.
viverra_megaspila,snout_shape_simple,long_narrow,web_reference,Thailand Biodiversity Information Facility,https://thbif.onep.go.th/taxons/detail/42649,Viverra megaspila morphology,2026-09-02,high,direct_curation_from_source_description,Source describes a relatively long face; mapped to long_narrow.
hemigalus_derbyanus,body_form,long_body_short_legs,web_reference,Sarawak Forest Department,https://forestry.sarawak.gov.my/web/subpage/webpage_view/878,Banded palm civet identification,2026-09-02,high,direct_curation_from_source_description,Elongated civet body mapped to long_body_short_legs.
hemigalus_derbyanus,snout_shape_simple,long_narrow,web_reference,Chiang Mai Zoo,https://chiangmai.zoothailand.org/animal_view.php?c_id=&detail_id=61,Banded palm civet external description,2026-09-02,high,direct_curation_from_source_description,Relatively long face mapped to long_narrow.
hemigalus_derbyanus,ear_size_impression,large,web_reference,Chiang Mai Zoo,https://chiangmai.zoothailand.org/animal_view.php?c_id=&detail_id=61,Banded palm civet external description,2026-09-02,high,direct_curation_from_source_description,Source explicitly notes large ears.
hemigalus_derbyanus,tail_impression,long,web_reference,Chiang Mai Zoo,https://chiangmai.zoothailand.org/animal_view.php?c_id=&detail_id=61,Banded palm civet external description,2026-09-02,high,direct_curation_from_source_description,Source describes a very long tail; mapped to long.
melogale_moschata,body_form,long_body_short_legs,web_reference,Animal Diversity Web,https://animaldiversity.org/accounts/Melogale_moschata/,Chinese ferret-badger physical description,2026-09-02,high,direct_curation_from_source_description,Source describes a slender body with short limbs.
melogale_moschata,snout_shape_simple,pig_like,web_reference,Animal Diversity Web,https://animaldiversity.org/accounts/Melogale_moschata/,Chinese ferret-badger physical description,2026-09-02,high,direct_curation_from_source_description,Pig-like protruding muzzle mapped to pig_like.
melogale_moschata,tail_impression,medium,web_reference,Animal Diversity Web,https://animaldiversity.org/accounts/Melogale_moschata/,Chinese ferret-badger physical description,2026-09-02,high,direct_curation_from_source_description,Tail is substantial but shorter than body; mapped conservatively to medium.
aonyx_cinereus,carnivore_face_marking,pale_mask,web_reference,Animal Diversity Web,https://animaldiversity.org/accounts/Aonyx_cinerea/,Oriental small-clawed otter physical description,2026-09-02,high,direct_curation_from_source_description,Cream face and neck mapped to pale_mask.
mustela_strigidorsa,tail_impression,long,web_reference,Animal Diversity Web,https://animaldiversity.org/accounts/Mustela_strigidorsa/,Stripe-backed weasel physical description,2026-09-02,high,direct_curation_from_source_description,Source describes a long tail.
rhinoceros_unicornis,snout_shape_simple,short_blunt,web_reference,Nature,https://www.nature.com/articles/009446a0,Comparison of Asian one-horned rhinoceros lips,2026-09-02,high,direct_curation_from_source_description,Source explicitly describes R. unicornis upper lip as short and blunt.
rhinoceros_sondaicus,snout_shape_simple,long_pointed,web_reference,Nature,https://www.nature.com/articles/009446a0,Comparison of Asian one-horned rhinoceros lips,2026-09-02,high,direct_curation_from_source_description,"Source explicitly describes R. sondaicus upper lip as long, pointed and semi-prehensile."
rhizomys_pruinosus,leg_foot_appearance,broad_digging_feet,web_reference,Khao Sok National Park,https://www.khaosok.com/national-park/bamboo-rat/,Bamboo rat comparative description,2026-09-02,high,direct_curation_from_source_description,Short legs and clawed digging feet mapped to broad_digging_feet.
rhizomys_pruinosus,ear_size_impression,small,web_reference,Khao Sok National Park,https://www.khaosok.com/national-park/bamboo-rat/,Bamboo rat comparative description,2026-09-02,high,direct_curation_from_source_description,Comparative description notes small ears.
